id,evidence_type,metric,value,unit,ref_year,page,quote
istat2025ict,quantitative,"AI adoption, firms 10+",16.4,% of enterprises,2025,3,"il 16,4% delle imprese con almeno 10 addetti utilizza almeno una tecnologia di Intelligenza Artificiale ... rispetto all’8,2% del 2024 e al 5,0% del 2023"
istat2025ict,quantitative,"AI adoption, manufacturing (NACE C), firms 10+ [columns: C D E F G H I J L M N 10+ PMI 250+]",14.7,% of enterprises,2025,2,"2. utilizzo di IA 14,7 33,2 9,3 10,4 18,1 11,6 11,7 51,3 14,0 35,7 16,0 16,4 15,7 53,1"
istat2025ict,quantitative,"AI adoption, large firms 250+",53.1,% of enterprises,2025,3,"Le imprese di maggiori dimensioni registrano una crescita più marcata in termini assoluti dal 32,5% del 2024 al 53,1%, ampliando il divario rispetto alle PMI"
istat2025ict,quantitative,"AI adoption, SMEs 10-249",15.7,% of enterprises,2025,3,"il cui utilizzo comunque raddoppia, passando dal 7,7% al 15,7%"
istat2025ict,quantitative,Large-SME gap in AI adoption,37,percentage points,2025,2,"la differenza nell’intensità di utilizzo tra grandi imprese e PMI si amplia passando da circa 20 punti percentuali (p.p.) nel 2023 a 25 p.p. nel 2024, fino a 37 p.p. nel 2025"
istat2025ict,quantitative,Firms using only generative AI / both / only non-generative,1.7 / 8.0 / 6.7,% of enterprises 10+,2025,3,"l’impiego esclusivo di IA generativa (1,7%) resta residuale, mentre l’uso della sola IA non generativa (6,7%) ... Infine, l’adozione congiunta (8,0%)"
istat2025ict,quantitative,Most common AI technologies among AI users: text mining / genAI / speech recognition,70.8 / 59.1 / 41.3,% of AI-using enterprises,2025,3,"l’estrazione di conoscenza e informazione da documenti di testo (70,8%), la IA generativa ... (59,1%) e la conversione della lingua parlata ... (41,3%)"
istat2025ict,quantitative,"AI for autonomous physical movement of machines (robots, AGV) among AI users",5.9,% of AI-using enterprises,2025,3,"Seguono l’IA per l’analisi dei dati con tecniche di machine learning (20,0%), per il riconoscimento delle immagini e l’automatizzazione dei flussi di lavoro (circa 18%) e per il movimento fisico delle macchine (5,9%)"
istat2025ict,quantitative,Business function: marketing and sales / admin processes / R&D (AI users 10+),33.1 / 25.7 / 20.0,% of AI-using enterprises,2025,4,"Gli ambiti aziendali in cui l’intelligenza artificiale viene adottata più frequentemente sono il marketing e le vendite (33,1%), l’organizzazione dei processi amministrativi (25,7%) e l’area della ricerca e sviluppo o innovazione (20,0%)"
istat2025ict,quantitative,Business function: production processes (AI users 10+ / 250+) [value read from Figure 2 bars; identical to Eurostat 2026 report Italy row (p.31)],17.5 / 29.7,% of AI-using enterprises,2025,4,FIGURA 2. AMBITI AZIENDALI DI UTILIZZO DELLE TECNOLOGIE DI IA PER LE IMPRESE CON ALMENO 10 ADDETTI E LE GRANDI IMPRESE
istat2025ict,quantitative,AI users declaring no specific business purpose,33.4,% of AI-using enterprises,2025,4,"aumenta anche la quota di imprese che, pur dichiarando di utilizzare IA, non indica alcuna finalità aziendale tra quelle proposte: dal 15,5% del 2024 al 33,4%"
istat2025ict,quantitative,Non-users that considered AI,11.5,% of non-using enterprises,2025,4,"Tra le imprese che non utilizzano IA, l’11,5% ne ha preso in considerazione l’utilizzo (4,6% nel 2023)"
istat2025ict,quantitative,Barriers among considerers: skills / legal clarity / data / privacy / cost / ethics,58.6 / 47.3 / 45.2 / 43.2 / 43.0 / 25.7,% of enterprises that considered but did not use AI,2025,4,"la mancanza di competenze (58,6%), la carenza di chiarezza legislativa (47,3%), l’indisponibilità o la scarsa qualità dei dati necessari (45,2%), le preoccupazioni relative alla privacy ... (43,2%), i costi elevati (43,0%) e considerazioni etiche (25,7%)"
istat2025ict,quantitative,AI not useful (considerers),14.8,% of enterprises that considered AI,2025,4,"il 14,8% ritiene che l'adozione dell'IA non sia utile, una percentuale lievemente superiore rispetto al 14,3% del 2023"
istat2025ict,quantitative,Digital Decade AI target achievement (75% target),21.9,% of target achieved,2025,2,"per l’IA sale dal 10,9% nel 2024 al 21,9% nel 2025"
istat2025ict,quantitative,Large enterprises (250+) using AI for ICT security,43.7,% of AI-using large enterprises,2025,4,"Si distinguono per l'utilizzo piu elevato dell'IA nell'ambito della sicurezza ICT le grandi imprese (43,7%)"
istat2025ict,quantitative,Manufacturing AI adopters by technology (Tavola 9a): text mining / speech recognition / language generation / media generation / image recognition / machine learning / workflow automation / autonomous machines,72.7 / 37.8 / 35.7 / 36.1 / 14.5 / 18.4 / 14.0 / 5.4,% of manufacturing enterprises using AI,2025,"Tavole-ICT-imprese_2025.xlsx, TAVOLA 9a, row Attività manifatturiere",Attività manifatturiere 14.7 72.7 37.8 35.7 36.1 14.5 18.4 14.0 5.4 8.9 5.3
istat2025ict,quantitative,Manufacturing AI adopters by business function (Tavola 9b): marketing-sales / production processes / administration / logistics / ICT security / accounting-finance / R&D-innovation; at least 1 / 2 / 3 functions,28.7 / 15.7 / 21.1 / 4.5 / 11.7 / 8.5 / 18.9; 60.7 / 28.2 / 11.1,% of manufacturing enterprises using AI,2025,"Tavole-ICT-imprese_2025.xlsx, TAVOLA 9b, row Attività manifatturiere",Attività manifatturiere 28.7 15.7 21.1 4.5 11.7 8.5 18.9 60.7 28.2 11.1
istat2025ict,quantitative,Manufacturing barriers (Tavola 9c): considered AI (of non-users) / cost / lack of skills / incompatibility / data / data protection / legal / ethics / not useful,10.7 / 43.2 / 62.5 / 37.4 / 43.8 / 38.0 / 45.4 / 20.6 / 11.7,% of manufacturing non-users that considered AI (first value: % of non-users),2025,"Tavole-ICT-imprese_2025.xlsx, TAVOLA 9c, row Attività manifatturiere",Attività manifatturiere 10.7 43.2 62.5 37.4 43.8 38.0 45.4 20.6 11.7 12.7
istat2025ict,quantitative,AI adoption by manufacturing group incl. groups suppressed by Eurostat: C27+C28 / C29+C30,21.0 / 19.2,% of enterprises 10+ in the group,2025,"Tavole-ICT-imprese_2025.xlsx, TAVOLA 9a",fabbricazione di apparecchiature elettriche ... 21.0; fabbricazione di mezzi di trasporto 19.2
istat2025ict,quantitative,"Economy-wide AI adoption by macro-area (all enterprises 10+, NOT manufacturing): North-West / North-East / Centre / South and Islands",19.3 / 17.6 / 15.2 / 12.2,% of enterprises 10+,2025,"Tavole-ICT-imprese_2025.xlsx, TAVOLA 9a, RIPARTIZIONE GEOGRAFICA",Nord-ovest 19.3 Nord-est 17.6 Centro 15.2 Sud e Isole 12.2
istat2025ict,quantitative,Economy-wide AI adoption by size class (all enterprises 10+): 10-49 / 50-99 / 100-249 / 250+,14.2 / 25.9 / 30.8 / 53.1,% of enterprises 10+,2025,"Tavole-ICT-imprese_2025.xlsx, TAVOLA 9a, CLASSI DI ADDETTI",10-49 14.2 50-99 25.9 100-249 30.8 250 e più 53.1
istat2024ict,quantitative,"AI adoption, firms 10+ (Italy vs EU27)",8.2 vs 13.5,% of enterprises,2024,1,"Cresce dal 5,0% all’8,2% la quota di imprese con almeno 10 addetti che utilizza tecnologie di intelligenza artificiale, pur mostrando ritardi rispetto al 13,5% dell’area Ue27"
istat2024ict,quantitative,"AI adoption, manufacturing (NACE C) [columns: C D E F G H I J L M N 10+ PMI 250+]",8.0,% of enterprises,2024,2,"10. utilizzo di tecnologia IA 8,0 19,6 5,5 5,2 8,2 5,2 2,7 34,6 6,2 19,6 7,7 8,2 7,7 32,5"
istat2024ict,quantitative,"AI adoption, firms 50-99",14.0,% of enterprises,2024,3,"Fanno un passo avanti significativo le imprese con 50-99 addetti che si attestano al 14,0% (era 5,6% nel 2023)"
istat2024ict,quantitative,Change in number of firms using AI in production processes 2023-2024,0.6,% change,2024,3,"Tale variazione sul 2023 è minima (+0,6%) nel caso delle imprese che utilizzano IA nei processi di produzione"
istat2024ict,quantitative,Business function among AI users: marketing / admin / R&D,35.7 / 28.2 / 24.6,% of AI-using enterprises,2024,3,"concentrati su marketing e vendite (35,7%), organizzazione dei processi amministrativi aziendali (28,2%) e attività innovative e di ricerca e sviluppo (24,6%)"
istat2024ict,quantitative,SMEs using AI by productivity quartile (Q1 to Q4),6.5 to 9.2,% of SMEs,2024,4,"tra il primo e il quarto quartile di produttività la quota di PMI che utilizza almeno una tecnologia di IA cresce dal 6,5% a 9,2%, mentre per le grandi imprese l’incremento è dal 15,2% al 46,2%"
istat2024ict,quantitative,AI users planning AI investment 2025-26 vs non-users,70.3 vs 15.0,% of enterprises,2024,4,"tra le imprese che hanno dichiarato di utilizzare IA nel 2024, il 70,3% dichiara di voler investire in questo ambito nel biennio 2025-2026 mentre tale quota scende al 15,0%"
istat2024ict,quantitative,Firms citing public incentives as top digitalisation driver 2025-26,57.8,% of enterprises 10+,2024,7,"le forme di agevolazione e finanziamento pubblico a sostegno della digitalizzazione (57,8%; 72,7% nel caso delle imprese con almeno 250 addetti"
istat2024ict,quantitative,Manufacturing AI adopters by technology (Tavola 9a): text mining / speech recognition / language generation / image recognition / machine learning / workflow automation / autonomous machines,49.3 / 32.9 / 39.7 / 21.4 / 26.8 / 29.9 / 16.3,% of manufacturing enterprises using AI,2024,"Tavole-ICT-imprese_2024.xlsx, TAVOLA 9a, row Attività manifatturiere",Attività manifatturiere 8.0 49.3 32.9 39.7 21.4 26.8 29.9 16.3
istat2024ict,quantitative,Manufacturing AI adopters by business function (Tavola 9b): marketing-sales / production processes / administration / logistics / ICT security / accounting-finance / R&D; >=2 / >=3 functions,32.1 / 28.0 / 23.1 / 8.5 / 16.5 / 12.0 / 22.5; 30.7 / 13.8,% of manufacturing enterprises using AI,2024,"Tavole-ICT-imprese_2024.xlsx, TAVOLA 9b, row Attività manifatturiere",Attività manifatturiere 32.1 28 23.1 8.5 16.5 12 22.5 30.7 13.8
istat2023ict,quantitative,"AI adoption, firms 10+ (Italy vs EU27)",5.0 vs 8,% of enterprises,2023,1,"Nel 2023, il 5% delle imprese con almeno 10 addetti utilizza almeno una delle sette tecnologie di Intelligenza Artificiale ... (8% nell’Ue27)"
istat2023ict,quantitative,"AI adoption, manufacturing (NACE C) [columns: C D E F G H I J L M N 10+ 250+]",4.9,% of enterprises,2023,2,"2. utilizzo di IA 4,9 16,3 2,9 2,6 3,7 3,5 4,0 21,0 2,7 9,2 6,7 5,0 24,1"
istat2023ict,quantitative,AI used in production processes (all AI users / manufacturing AI users),39.0 / 52.5,% of AI-using enterprises,2023,6,"processi di produzione, ad esempio per la manutenzione predittiva o il controllo qualità della produzione (39,0%, fino al 52,5% nel settore manifatturiero)"
istat2023ict,quantitative,Most common AI technology among users: RPA workflow automation,40.1,% of AI-using enterprises,2023,6,"le tecnologie più comuni riguardano l’automatizzazione di flussi di lavoro attraverso software robot (40,1%, dal 30,5% del 2022)"
istat2023ict,quantitative,Barriers among considerers: skills / cost / data,55.1 / 49.6 / 45.5,% of enterprises that considered but did not use AI,2023,6,"la mancanza di competenze (55,1%), i costi troppo alti (49,6%) e l’indisponibilità o la scarsa qualità dei dati necessari per l’utilizzo delle tecnologie di IA (45,5%)"
istat2023ict,quantitative,Share of SME AI users already having >=5 other digital activities,80,% of SME AI users (approx.),2023,3,l’adozione di tecnologie di IA tra le PMI ricorre per lo più (circa 80% delle imprese che ne fanno uso) tra quelle che hanno già adottato almeno altre cinque attività tra le 12 considerate
istat2023ict,quantitative,Manufacturing AI adopters by business function (Tavola 9b): marketing-sales / production processes / administration / logistics / ICT security / accounting-finance / R&D,18.8 / 52.5 / 14.6 / 18.3 / 22.3 / 15.9 / 13.3,% of manufacturing enterprises using AI,2023,"Tavole-ICT-imprese_2023.xlsx, TAVOLA 9b, row Attività manifatturiere",Attività manifatturiere 18.76 52.49 14.56 18.30 22.28 15.94 13.33
istat2023ict,quantitative,Manufacturing barriers (Tavola 9c): considered AI (of non-users) / cost / lack of skills / incompatibility / data / data protection / legal / ethics / not useful,4.4 / 52.6 / 58.5 / 36.5 / 45.9 / 33.1 / 41.7 / 21.4 / 15.3,% of manufacturing non-users that considered AI (first value: % of non-users),2023,"Tavole-ICT-imprese_2023.xlsx, TAVOLA 9c, row Attività manifatturiere",Attività manifatturiere 4.42 52.62 58.46 36.49 45.91 33.06 41.67 21.42 15.30
istat2026ra,quantitative,AI adoption by size: small (<=49) / medium / large,14.2 / 27 / 53,% of enterprises,2025,199,"dal 14,2 per cento ... tra le piccole imprese ﬁno a 49 addetti, al 27 per cento per quelle medie, ﬁno al 53 per cento tra le imprese con almeno 250 addetti"
istat2026ra,quantitative,SMEs that considered AI citing lack of skills as main obstacle,>50,% of SMEs that considered but did not adopt,2025,199,"più della metà delle imprese con meno di 250 addetti che hanno considerato l’utilizzo dell’IA, senza però adottarla, ha segnalato come ostacolo principale la mancanza di competenze"
istat2026ra,quantitative,Probability of AI adoption with 0 vs all 5 precursor technologies,4.8 to 75.5,% probability,2025,199,"questo aumenta dal 4,8 per cento in assenza di predecessori, ﬁno al 75,5 per cento quando sono presenti tutte e cinque le tecnologie"
istat2026ra,quantitative,"Increase in SME AI adoption rate, top vs bottom quartile of graduate share",8.8,percentage points,2025,200,"collocarsi nel quarto superiore accresce il tasso di adozione di 8,8 punti percentuali per l’istruzione e di 5,2 punti percentuali per l'inquadramento professionale"
istat2026ra,quantitative,Italian individuals 16-74 using AI tools (vs EU27),19.9 vs 32.7,% of individuals,2025,148,"solo il 19,9 per cento dei 16-74enni ha utilizzato strumenti di intelligenza ... valore che colloca l’Italia al penultimo posto nella graduatoria europea (la media dell’UE27 è del 32,7 per cento)"
eurostat2026isocebai,quantitative,"AI adoption, manufacturing (C): IT vs EU27 vs DE vs FR vs ES",14.73 / 17.27 / 24.38 / 16.93 / 17.14,% of enterprises 10+,2025,API isoc_eb_ain2,"isoc_eb_ain2, nace_r2=C, indic_is=E_AI_TANY, size_emp=GE10, 2025: IT 14.73; EU27_2020 17.27; DE 24.38; FR 16.93; ES 17.14"
eurostat2026isocebai,quantitative,"AI adoption, manufacturing (C), Italy time series",6.63 / 4.94 / 8.03 / 14.73,% of enterprises 10+,2021/2023/2024/2025,API isoc_eb_ain2,"isoc_eb_ain2, C, E_AI_TANY, IT: 2021 6.63; 2023 4.94; 2024 8.03; 2025 14.73 (EU27: 6.93; 6.79; 10.57; 17.27)"
eurostat2026isocebai,quantitative,"AI adoption by size, Italy vs EU27: 10-49 / 50-249 / 250+",14.23 vs 17.0 / 27.62 vs 30.36 / 53.09 vs 55.03,% of enterprises,2025,API isoc_eb_ai,"isoc_eb_ai, E_AI_TANY, all activities, 2025: IT 10-49 14.23, 50-249 27.62, GE250 53.09; EU27 17.0, 30.36, 55.03"
eurostat2026isocebai,quantitative,Manufacturing firms using AI for production processes: IT vs EU27 vs DE,2.31 / 3.49 / 4.00,% of all manufacturing enterprises 10+,2025,API isoc_eb_ain2,"isoc_eb_ain2, C, E_AI_PPP, 2025: IT 2.31; EU27 3.49; DE 4.0 (IT 2023 2.59; 2024 2.25)"
eurostat2026isocebai,quantitative,Manufacturing firms using AI text mining: IT vs EU27,10.70 / 9.42,% of all manufacturing enterprises 10+,2025,API isoc_eb_ain2,"isoc_eb_ain2, C, E_AI_TTM, 2025: IT 10.7; EU27 9.42 (IT 2023 1.51)"
eurostat2026isocebai,quantitative,Manufacturing firms using ML for data analysis / autonomous robots: IT vs EU27,2.71 vs 3.66 / 0.79 vs 1.62,% of all manufacturing enterprises 10+,2025,API isoc_eb_ain2,"isoc_eb_ain2, C, 2025: E_AI_TML IT 2.71, EU27 3.66; E_AI_TAR IT 0.79, EU27 1.62"
eurostat2026isocebai,quantitative,Manufacturing firms that ever considered AI; of which citing lack of expertise,10.74; 6.71,% of all manufacturing enterprises 10+,2025,API isoc_eb_ain2,"isoc_eb_ain2, C, IT 2025: E_AI_EC 10.74; E_AI_BLE 6.71; E_AI_BLEG 4.88; E_AI_BDDT 4.70; E_AI_BCST 4.64; E_AI_BCDP 4.08"
eurostat2026isocebai,quantitative,"AI adoption by manufacturing subsector, Italy vs EU27: basic metals & fabricated metal (C24-25) / computer-electronics (C26) / food (C10-12)",8.84 vs 14.33 / 28.48 vs 37.44 / 15.32 vs 12.47,% of enterprises 10+,2025,API isoc_eb_ain2,"isoc_eb_ain2, E_AI_TANY, 2025: C24_C25 IT 8.84, EU 14.33; C26 IT 28.48, EU 37.44; C10-C12 IT 15.32, EU 12.47"
eurostat2026isocebai,quantitative,"AI adoption, textiles-apparel-leather (C13-15), Italy vs EU27 vs DE",11.36 / 12.01 / 22.6,% of enterprises 10+,2025,API isoc_eb_ain2,"isoc_eb_ain2, C13-C15, E_AI_TANY, 2025: IT 11.36; EU27 12.01; DE 22.6"
eurostat2026isocebai,quantitative,Share of Italian manufacturing AI users using AI in production processes (derived),52.4 / 28.0 / 15.7,% of AI-using manufacturing enterprises (own computation E_AI_PPP/E_AI_TANY),2023/2024/2025,API isoc_eb_ain2,"Derived: 2.59/4.94 (2023), 2.25/8.03 (2024), 2.31/14.73 (2025); ISTAT 2023 reports 52.5% directly"
eurostat2026aiuse,quantitative,"AI adoption, EU manufacturing",17.3,% of enterprises 10+,2025,18,"In other sectors, AI adoption ranged from 17.3% in manufacturing to 33.6% in electricity, gas, steam and air conditioning supply"
eurostat2026aiuse,quantitative,Italy AI adoption total / small / medium / large,16.4 / 14.2 / 27.6 / 53.1,% of enterprises,2025,21,Italy 16.4 14.2 27.6 53.1
eurostat2026aiuse,quantitative,"EU manufacturing AI users using AI for production processes (2024 -> 2025) [Table 4 pairs 2024/2025: marketing, production, logistics, ICT security, admin, finance, R&D]",26.2 -> 20.2,% of AI-using manufacturing enterprises,2024-2025,29,Manufacturing 27.1 30.4 26.2 20.2 9.4 6.6 24.3 20.6 22.3 27.1 20.2 16.9 16.9 17.5
eurostat2026aiuse,quantitative,EU manufacturing AI users sourcing ready-to-use commercial AI / developed by own employees [Table 6: own employees; commercial modified by own staff; open-source modified; commercial ready-to-use; external providers],58.4 / 17.1,% of AI-using manufacturing enterprises,2024,35,Manufacturing 17.1 24.5 20.3 58.4 34.8
eurostat2026aiuse,quantitative,"EU manufacturing considerers: lack of relevant expertise / legal clarity / data protection [Table 8 pairs 2024/2025: cost, lack of expertise, incompatibility, data, data protection, legal clarity, ethics, not useful]",71.1 / 51.1 / 49.0,% of manufacturing enterprises that considered AI,2025,39,Manufacturing 38.3 39.8 73.5 71.1 46.4 44.7 48.2 45.3 42.3 49.0 47.9 51.1 20.0 21.4 19.5 15.9
eurostat2026aiuse,quantitative,Italy business functions of AI users: marketing / production / logistics / ICT security / admin / finance / R&D,33.1 / 17.5 / 6.1 / 12.1 / 25.7 / 10.2 / 20.0,% of AI-using enterprises,2025,31,Italy 33.1 17.5 6.1 12.1 25.7 10.2 20.0
bdi2025qef946,quantitative,"AI adoption, firms 20+ (2020 -> 2024)",4 -> 13,% of firms,2020-2024,5,AI adoption remains more limited – rising from 4 per cent in 2020 to 13 per cent in 2024 – and tends to be experimental or task-specific
bdi2025qef946,quantitative,Employment-weighted AI adoption (2020 -> 2024),16 -> 29,% of employment,2020-2024,10,Artificial Intelligence 4 13 16 29
bdi2025qef946,quantitative,Experimental use share of AI adoption,40,% of adopters (approx.),2024,12,"AI adoption is driven by the experimental use, which represents around 40 per cent of total adoption"
bdi2025qef946,quantitative,Extensive use share of AI adoption,13,% of adopters,2024,12,on average only 13 per cent of the adoption is given by an extensive use
bdi2025qef946,quantitative,Textile and clothing AI adoption (lowest sector),3,% of firms,2024,11,"the textile and clothing sector has the lowest rate of adoption, 3 percent"
bdi2025qef946,quantitative,Firms using GenAI (INVIND 2024),5,% of firms,2024,13,"the INVIND 2024 wave finds that the adoption is still very low, with only 5 per cent of firms already exploiting it"
bdi2025qef946,quantitative,Expected AI adoption by end-2024,21,% of firms,2024,11,"firms were expecting to increase adoption rates by the end of the year overall by 8 percentage points, to 21 per cent"
bdi2026qef1005,quantitative,Firms already using AI / planning within 2 years / AI not important / don't know,11.2 / 28.4 / 33.4 / 26.9,% of firms 50+,2024,12,A minority of respondents (11.2%) reported that AI was important and was already being used ... (28.4%) ... (33.4%) indicated that AI was not important ... 26.9% of respondents were unsure
bdi2026qef1005,quantitative,Main intended use: improving production and support methods/processes,54,% of firms considering AI important,2024,15,"The most frequently cited application, chosen by 54% of firms, was ... improving production and support methods and/or processes"
bdi2026qef1005,quantitative,Effect of AI adoption on value added per employee (DiD),5.2,% increase,2023-2024,18,AI adoption is associated with an increase of about 5.2 percent in value added per employee and 11.9 percent in EBITDA per employee
bdi2026qef1005,quantitative,Effect of AI adoption on ROA (DiD),0.5,percentage points,2023-2024,18,AI adopters experience an increase in ROA of approximately 0.5 percentage points
bdi2026qef1005,quantitative,Effect on white-collar / blue-collar employment share,+0.7 / -1.1,percentage points,2023,19,"the share of white-collar workers increases by ... 0.7 percentage points, while the share of blue-collar workers declines by about 1.1 percentage points"
bdi2026qef1005,quantitative,Firms expecting no direct employment impact / reduction,70 / 17,% of firms (approx.),2024,20,"approximately 70% of respondents expect no direct impact on employment, while around 17% anticipate a reduction"
bdi2026qef1009,quantitative,"AI use, firms 20+ (INVIND)",27 (2025) / 32 (early 2026),% of firms,2025-2026,7,"la quota di imprese che utilizzano strumenti di IA, dopo essere raddoppiata nel 2025 al 27 per cento, è salita ulteriormente, attestandosi al 32 per cento all’inizio del 2026; l’utilizzo intensivo della tecnologia è più contenuto (5 per cento)"
bdi2026qef1009,quantitative,"Italy vs EU AI adoption gap, firms 10+",4,percentage points (IT below EU); ~10 below DE,2025,8,"il tasso di adozione in Italia è inferiore di quattro punti rispetto alla media UE, e di quasi dieci punti rispetto alla Germania"
bdi2026qef1009,qualitative,"Short-run effect of AI adoption on turnover per employee, employment, investment (staggered DiD)",not significant,n/a,2022-2026,9,"Le stime non identificano effetti sistematici dell’adozione di IA sul fatturato per addetto, sull’occupazione o sugli investimenti"
bdi2026qef1009,quantitative,AI users reporting no effect on labour productivity so far,70,% of AI-using firms,2026,9,una quota predominante delle imprese intervistate ... e che fanno uso dell’IA dichiara che l’adozione non ha finora influenzato la produttività del lavoro (70 per cento)
bdi2026qef1009,quantitative,"Projected annual labour productivity gain for Italy, slow / medium / fast adoption",0.2 / 0.7 / 1.1,percentage points per year over 10 years,2026-2035,13,"Adozione Lenta Media Rapida Produttività del Lavoro 0,2 0,7 1,1"
bdi2026qef1009,quantitative,"Manufacturing contribution to value-added growth, medium scenario",2,percentage points over 10 years,2026-2035,13,"il contributo principale alla crescita del valore aggiunto viene dalla manifattura (2 punti percentuali), seguita dal commercio (1 punto)"
bdi2026qef1009,quantitative,Firms that evaluated but did not adopt AI,10,% of firms 10+ (approx.),2025,17,"Nel 2025, circa il 10 per cento delle imprese dichiarava di non aver adottato intelligenza artificiale pur avendone valutato la possibilità"
bdi2026invind,quantitative,"AI use, firms 20+ (industry + services)",27 (2025) / 32 (2026),% of firms,2025-2026,5,"La quota di imprese che utilizzano strumenti di IA in modo estensivo, limitato o anche solo sperimentale nei propri processi aziendali è salita ulteriormente nel 2026, al 32 per cento, dopo essere raddoppiata nel 2025 (al 27 per cento)"
bdi2026invind,quantitative,"AI use in industry, firms 500+ vs 20-49",71 vs 22,% of firms,2026,6,"è pari al 71 e al 58 per cento tra le imprese con almeno 500 addetti, rispettivamente nell’industria e nei servizi, e al 22 e al 33 per cento tra le imprese con 20-49 addetti"
bdi2026invind,quantitative,Extensive AI use: firms <50 vs 500+,4 vs 18,% of firms,2026,6,mediamente solo il 4 per cento delle imprese con meno di 50 addetti utilizza l’IA in modo estensivo; questa quota sale al 18 per cento tra quelle con almeno 500 addetti
bdi2026invind,quantitative,Advanced-technology investment in last 3 years: AI users vs non-users,71 vs 36,% of firms,2026,6,"tra le imprese utilizzatrici, il 71 per cento ha riportato investimenti in tecnologie avanzate nell’ultimo triennio, il 36 tra le non utilizzatrici"
bdi2026invind,quantitative,Firms expecting positive AI effect on investment next 3 years,46,% of firms,2026,6,in media circa il 46 per cento prevede un effetto positivo dell’adozione dell’IA sulla spesa per investimenti
bdi2026invind,qualitative,Use of Transizione 4.0 incentives,about one third,share of firms,2025,5,"programma “Transizione 4.0”, utilizzato da circa un terzo delle imprese"
bdi2026cf,quantitative,Firms using AI / intensive users,30 / 5,% of firms,2026,section 'L'intelligenza artificiale: la questione dell'adozione',"La quota di aziende che fa ricorso all'intelligenza artificiale negli ultimi anni è cresciuta, al 30 per cento ... Tuttavia, appena il 5 per cento ne fa un uso intensivo."
bdi2026cf,quantitative,"Italy vs EU vs Germany AI adoption, firms 10+",16 / 20 / 26,% of enterprises,2025,note 36,"Secondo l'Eurostat, nel 2025 in Italia il 16 per cento delle aziende con dieci o più addetti usava almeno uno strumento di intelligenza artificiale, contro il 20 della media europea e il 26 in Germania."
bdi2026cf,quantitative,"Potential labour productivity gain, slow vs rapid adoption",0.2 / >1,percentage points per year,2026-2035,section 'L'intelligenza artificiale: la questione dell'adozione',"La produttività del lavoro potrebbe aumentare di 0,2 punti percentuali all'anno in uno scenario di adozione lenta, e di oltre 1 punto in caso di diffusione rapida e pervasiva"
oecd2025smeai,quantitative,Firms using AI across OECD (2020 -> 2024),5.6 -> 14,% of enterprises 10+,2020-2024,9,"between 2020 and 2024, the share of businesses with 10 employees or more using AI increased from 5.6% to 14% across OECD Member countries"
oecd2025smeai,quantitative,SMEs reporting employees lack skills to use generative AI,50,% of SMEs (4 G7 countries),2025,32,"In an OECD survey covering four G7 countries, 50% of SMEs report that their employees lack the skills to use generative AI"
oecd2025smeai,quantitative,"Projected annual labour productivity gains from AI, Italy and Japan",0.2 to ~0.8,"percentage points per year, next decade",2025-2035,15,Japan and Italy could see annual labour productivity gains between 0.2 and approximately 0.8 percentage points over the next decade
oecd2025smeai,quantitative,"AI adopters in top vs bottom productivity decile, Italy",240,% higher share (2020),2020,15,it was 120% higher in Germany in 2018 and 240% higher in Italy in 2020
oecd2025smeai,quantitative,"Relative increase in AI adoption 2021-2024, manufacturing sector (OECD average)",about 70,% increase,2021-2024,13,"Although adoption rates have also increased in the Transportation and storage and the Manufacturing sectors, these are sectors with lower relative increase in adoption rates over the 2021–2024 period, with increases of about 60% and 70%, respectively"
g7italy2024aimsme,quantitative,Italian MSMEs that implemented or are considering AI (IATI survey),19,% of 200 MSMEs,2024,23,amongst the 200 MSMEs interviewed only 19% have already implemented or are considering AI applications
g7italy2024aimsme,quantitative,MSMEs seeing no sustainable AI application in their business model,54,% of the remaining 81%,2024,23,"In the remaining 81% of firms, 54% do not consider that AI has the potential for sustainable application within their business model"
g7italy2024aimsme,quantitative,Barrier: limited ability of employees to adapt (micro/small vs medium),41-42 vs 32,% of MSMEs,2024,24,"the limited ability of employees to adapt to technological advancements in the ICT sector, with 41-42% of micro and small companies and 32% of medium-sized companies citing this challenge"
g7italy2024aimsme,quantitative,Barrier: investment required to develop human capital skills,41-44,% of MSMEs,2024,24,"The most significant challenge, affecting 41-44% of businesses across all sizes, is the investment required to develop human capital skills"
g7italy2024aimsme,quantitative,SMEs providing internal digital-skills training / external training,8 / 6,% of SMEs (OECD data),2024,23,Only 8% of SMEs provide internal training to develop digital skills and an even lower proportion (6%) get their employees to participate in external training
oecd2025cpaiit,quantitative,Transition 5.0 Plan budget / digital innovation component,6.3 bn / 4.41 bn,EUR,2024,5,the Transition 5.0 Plan dedicates EUR 4.41 billion over 2 years to digital innovation projects ... EUR 6.3 billion total
oecd2025cpaiit,quantitative,"Equity investments in AI, cybersecurity and related sectors (AI bill)",up to 1 bn,EUR,2024,2,"up to EUR 1 billion for equity investments in AI, cybersecurity and related sectors"
ec2026ddcrit,quantitative,AI KPI Italy vs EU; Italy 2030 national target vs EU target,16.4 vs 20.0; 60.0 vs 75,% of enterprises,2025,5,Artificial Intelligence 8.2% 16.4% 100.0% 10.0% 20.0% 48.0% 60.0% 75%
ec2026ddcrit,quantitative,SMEs AI adoption Italy vs EU,15.70 vs 18.90,% of SMEs,2025,15,"For SMEs, the adoption rate in Italy is 15.70%, below the EU average of 18.90%, but the growth rate of 102.8% is significantly above the EU’s 49.5%"
ec2026ddcrit,quantitative,Italian SMEs with very high digital intensity vs EU,7.34 vs 9.07,% of SMEs,2025,13,"In 2025, only 7.34% of Italian SMEs achieved a very high digital intensity, which is below the EU average of 9.07%"
ec2026ddcrit,quantitative,Law 132/2025 venture capital envelope for AI start-ups and SMEs,1 bn,EUR,2025,6,is backed with EUR 1 billion to support AI start-ups and SMEs
eib2025eibisit,quantitative,Firms using generative AI: Italy vs EU; Italian manufacturing,20 vs 37; 22,% of firms (value-added weighted),2025,23,Firms using generative artificial intelligence ... 37 20 22 11 19 21 15 27 EU IT Manufacturing Construction Services Infrastructure SMEs Large firms
eib2025eibisit,quantitative,Manufacturing firms using big data / AI: Italy vs EU [manufacturing column IT 33 / EU 48; second column = service firms],33 vs 48,% of manufacturing firms,2025,22,Big data / AI Big data / AI IT 33 IT 24 EU 48 EU 41
eib2025eibisit,quantitative,Manufacturing firms using automation via robotics: Italy vs EU [manufacturing column IT 51 / EU 55],51 vs 55,% of manufacturing firms,2025,22,Automation via robotics Internet of things IT 51 IT 39 EU 55 EU 45
eib2025eibisit,quantitative,"Areas of GenAI use in Italian manufacturing AI users: internal processes / marketing-sales / product development [order: customer service, internal processes, marketing and sales, product development, HR, specific area]",35 / 34 / 28,% of manufacturing AI users,2025,24,Manufacturing 9% 35% 34% 28% 4% 3%
polimi2026osservatorioai,quantitative,Italian AI market value and growth,1.8 bn; +50,EUR; % yoy,2025,"press release, headline","Il mercato dell’AI in Italia cresce del 50% nel 2025, 1,8 mld di euro"
polimi2026osservatorioai,quantitative,Large firms with at least one AI project (2024 -> 2025),59 -> 71,% of large enterprises,2025,"press release, section 'Le imprese'",il 71% delle grandi imprese italiane ha avviato almeno un progetto di AI ... con un significativo aumento rispetto al 59% del 2024
polimi2026osservatorioai,quantitative,SMEs with AI projects: overall / medium / small,8 / 15 / 7,% of SMEs,2025,press release,"Tra le PMI, la diffusione delle sperimentazioni scende al 15% delle medie imprese e al 7% delle piccole"
polimi2026osservatorioai,quantitative,Large firms with pervasive AI across functions,1 in 5,share of large enterprises,2025,press release,solo una grande impresa su cinque ha una buona pervasività dell’AI in diverse funzioni aziendali
polimi2026osservatorioai,quantitative,Large firms with GenAI licences,84,% of large enterprises,2025,press release,l’84% delle grandi aziende ha acquistato licenze di almeno uno strumento di Generative AI
polimi2026osservatorioai,qualitative,Sectoral market dynamics: manufacturing,above-average growth,qualitative,2025,press release,"Tra i settori, il Manifatturiero e il GDO/Retail mostrano una crescita superiore alla media"
polimi2026osservatorioai,quantitative,Share of AI market from custom projects,77,% of market value,2025,press release,"Il 77% del mercato italiano di Intelligenza Artificiale riguarda progetti “custom”, sviluppati ad hoc per singoli clienti"
polimi2026osservatoriopmi,quantitative,SMEs that have not invested and do not plan to invest in AI,76,% of SMEs,2026,press release,il 76% delle PMI italiane non ha investito né prevede investimenti nell’Intelligenza Artificiale
polimi2026osservatoriopmi,quantitative,SMEs with structured AI training programmes,7,% of SMEs,2026,press release,Solo il 7% ha avviato programmi strutturati di formazione sull’AI per i propri collaboratori
polimi2026osservatoriopmi,quantitative,SMEs with no R&D in last three years,47,% of SMEs,2026,press release,"Il 47% delle PMI non ha svolto attività di R&S negli ultimi tre anni, né interna né esternalizzata"
isp2025aiimprese,quantitative,AI used in production processes (all / manufacturing clients),36.5 / 55.7,% of relationship managers indicating the area,2025,section 'Gli utilizzi principali in azienda',"Seguono i Processi produttivi (36,5%), con manutenzione predittiva, controllo qualità e automazione delle linee, particolarmente diffusi nel Manifatturiero (55,7%)"
isp2025aiimprese,quantitative,Main AI area: marketing and sales,47.8,% of relationship managers,2025,section 'Gli utilizzi principali in azienda',"Il Marketing e vendite, indicato dal 47,8% dei gestori, è l’area più coinvolta"
isp2025aiimprese,quantitative,Benefit: process efficiency (all / manufacturing),48.9 / 59.8,% of relationship managers,2025,section 'I vantaggi',"il beneficio più sentito riguarda l’efficientamento dei processi (48,9%), specialmente nel Manifatturiero (59,8%)"
isp2025aiimprese,quantitative,Barrier: lack of internal skills,57.9,% of relationship managers,2025,section 'Le barriere',"La principale criticità rilevata è la mancanza di competenze interne, indicata dal 57,9% dei gestori"
isp2025aiimprese,quantitative,Barrier: difficulty evaluating expected benefits / high initial cost,37.5 / 25,% of relationship managers,2025,section 'Le barriere',"la difficoltà nel valutare i benefici attesi (37,5%) ... Seguono i costi iniziali troppo elevati (25%)"
isp2025aiimprese,qualitative,Managers expecting growing AI use in manufacturing clients,three quarters,share of relationship managers,2026-2027,section 'prospettive',"Le attese sono particolarmente ottimistiche nel Manifatturiero, dove tre quarti dei gestori prevede un utilizzo crescente delle soluzioni di AI"
isp2026distretti,quantitative,Net balance of expected increase in AI investment 2026 vs 2025 (all / medium-large / small / micro),47 / 66 / 55 / 28,% balance (increase minus decrease),2026,75,"quasi un rispondente su due ha indicato un aumento (il saldo è pari al 47%) ... 66% per le medie-grandi, 55% per le piccole e 28% per le micro"
isp2026distretti,quantitative,Managers seeing individual-productivity AI in >=20% of district clients,15,% of respondents,2025,77,Nel complesso circa il 15% dei partecipanti individua un’adozione di questo tipo in almeno un quinto delle imprese in portafoglio
isp2026distretti,quantitative,Managers seeing integrated/process AI in >=20% of district clients,<10,% of respondents,2025,77,meno del 10% dei partecipanti lo indica per almeno il 20% delle imprese in portafoglio
isp2026distretti,quantitative,Most receptive district sector: mechanics (individual / integrated AI),>20 / 13,% of respondents,2025,77,"emerge quale più ricettivo a queste nuove soluzioni la meccanica (oltre il 20% dei rispondenti per l’utilizzo finalizzato ad aumentare la produttività lavorativa individuale, e il 13% di risposte per l’utilizzo più evoluto e integrato)"
isp2026distretti,quantitative,Agreement that AI adopters already had significant productivity gains (0-10 scale),4.6 / 4.5,mean score,2025,79,"le indicazioni si fermano a un valore medio di 4,5/4,6, ad indicare che gli effetti in questi termini non sono ancora così evidenti tra le imprese adottanti"
isp2026distretti,quantitative,Italian vs German medium / small firms AI adoption (Eurostat),27.6 vs 35.6 / 14.2 vs 23.1,% of enterprises,2025,77,"27,6% per le medie imprese italiane vs. 35,6% delle tedesche; 14,2% vs. 23,1% nel caso delle piccole imprese"
srm2025contship,quantitative,Industrial firms exploring / implementing AI in the supply chain,11 / 8 (total 19),% of firms,2024,web page,solo il 19% delle aziende del campione sta esplorando l’implementazione (11%) o sta già implementando (8%) l’Intelligenza Artificiale nella propria supply chain
srm2025contship,quantitative,Firms keeping or increasing AI investment,28,% of firms,2025,web page,una percentuale maggiore dei rispondenti (il 28%) manterrà invariato o aumenterà gli investimenti in IA
srm2025contship,quantitative,Expected benefit in production processes: costs / product quality,35 / 34,% of firms,2025,web page,il 35% segnala un possibile miglioramento nei costi; il 34% nella qualità dei prodotti
csc2025lavoro,quantitative,AI adopted or being piloted / under evaluation,11.5 / 37.6,% of associated firms,2025,13,"l’11,5% delle imprese associate ha già adottato e utilizza regolarmente strumenti di IA ... o ne sta sperimentando l'adozione ... Un altro 37,6% sta valutando l'adozione di soluzioni di IA"
csc2025lavoro,quantitative,AI adoption: industry vs services; industry under evaluation,7.5 vs 16.6; 37.5,% of associated firms,2025,14,"l’adozione effettiva è molto più diffusa nei servizi (16,6%) rispetto all’industria (7,5%) ... la quota di imprese che ne sta valutando attivamente l’adozione sia elevata anche nell’industria (37,5%"
csc2025lavoro,quantitative,Main difficulty: lack of adequate internal skills / technical integration / resistance to change,36.7 / 35.1 / 21.3,% of adopters and evaluators,2025,15,"La principale criticità segnalata dalle imprese, infatti, è proprio la carenza di competenze interne adeguate, indicata da oltre un’impresa su tre (36,7%"
csc2025lavoro,quantitative,AI application areas: data analysis / marketing (industry vs services),~48 / 24.3 vs 45.2,% of adopters and evaluators,2025,17,"coinvolge circa un terzo delle imprese (33,4%) ... ma che sale al 45,2% nei servizi, contro il 24,3% nell’industria"
csc2025lavoro,quantitative,Predictive maintenance and quality control applications,around 10,% of adopters and evaluators,2025,17,"percentuali inferiori, intorno al 10%, si registrano per le applicazioni in attività di manutenzione predittiva e controllo qualità (un po’ più diffuse tra le imprese grandi e dell’industria)"
csc2025lavoro,quantitative,Observed effects: automation of repetitive tasks / staff reduction,44.1 / 2.2,% of adopting firms,2025,18,"Automazione effetto visibile 44,1 ... Riduzione personale effetto visibile 2,2 effetto atteso in futuro 15,0"
csc2026lavoro,quantitative,AI adopted and regularly used: total / industry / services,18.7 / 14.2 / 24.7,% of associated firms,2026,17,"L’utilizzo regolare risulta più diffuso nei servizi, dove raggiunge il 24,7%, rispetto all’industria, nella quale si attesta al 14,2%"
csc2026lavoro,quantitative,"Industry excluding construction: AI regularly used, 1-15 / 16-99 / 100+ employees",12.7 / 13.2 / 30.4,% of associated firms,2026,Tavole p.8,"Sì, IA adottata e utilizzata regolarmente 18,7% 14,2% 24,7% 17,6% 16,7% 30,6% 12,7% 13,2% 30,4%"
csc2026lavoro,quantitative,Small industrial firms with no interest in AI,66.9,% of associated firms up to 15 employees in industry,2026,17,"Nelle imprese più piccole, invece, il 52,9% dichiara di non avere interesse a utilizzarla, quota che nell’industria raggiunge il 66,9%"
csc2026lavoro,quantitative,Difficulties: internal skills / data security / technical integration / information / cost,34.6 / 32.8 / 31.9 / 28.6 / 23.8,% of adopters and evaluators,2026,18,"la principale difficoltà riguarda, appunto, la mancanza di competenze interne, indicata dal 34,6% delle imprese. Inoltre, il 32,8% ... sicurezza ... e il 31,9% la complessità tecnica"
csc2026lavoro,quantitative,Industry excl. construction: lack of internal skills among difficulties (all sizes),35.1-38.3,% of adopters and evaluators,2026,Tavole p.8,"Mancanza di competenze interne 34,6% 37,7% 30,4% 33,2% 34,9% 39,6% 35,1% 37,7% 38,3%"
csc2026lavoro,quantitative,Training internal staff as main HR action for AI,79.5,% of firms with at least one action,2026,18,"l’azione largamente più diffusa è la formazione del personale interno sull’IA, indicata dal 79,5% dei rispondenti"
excelsior2025digit,quantitative,"AI use, manufacturing ('Totale industria') vs services",9.4 vs 14.3,% of enterprises with >=1 employee,2025,41,"Nel comparto manifatturiero, l’adozione di tecnologie IA rimane comparativamente più limitata (9,4%), sebbene in decisa crescita in molti settori di attività"
excelsior2025digit,quantitative,AI use in manufacturing subsectors: chemicals-pharma-petroleum / electrical-electronics / metallurgy-metal products / textiles-clothing-footwear,20.2 / 19.0 / 7.5 / 6.9,% of enterprises,2025,42,"Industrie tessili, dell'abbigliamento e calzature 6,9 ... Industrie chimiche, farmaceutiche e petrolifere 20,2 ... Industrie metallurgiche e dei prodotti in metallo 7,5 ... Industrie elettriche, elettroniche, ottiche e medicali 19,0"
excelsior2025digit,quantitative,AI use by size: micro (1-9) / 10-49 / 500+,9.9 / 14.8 / 47.5,% of enterprises,2025,40,"quasi la metà (47,5%) delle imprese nella classe dimensionale 500 dipendenti e oltre ha integrato e utilizza tecnologie legate all'IA ... a fronte del 9,9% delle microimprese e del 14,8% delle imprese sotto i 50 dipendenti"
excelsior2025digit,quantitative,AI used for knowledge management: manufacturing vs all,24.0 vs 20.5,% of AI-using enterprises,2025,43,"Circa un quinto delle imprese (20,5%) ha poi scelto di utilizzato le tecnologie IA nell’area del knowledge management con, in questo caso, una netta prevalenza nel settore manifatturiero (24,0%)"
excelsior2025digit,quantitative,Reason for non-use: lack of knowledge of how to introduce AI / no benefit / lack of suitable staff,71.8 / 14.8 / 2.2,% of non-using enterprises (main reason),2025,46,"quasi tre imprese su quattro dichiara di non essere a conoscenza delle modalità per introdurre efficacemente soluzioni e sistemi IA in ambito aziendale (71,8%) ... solo il 2,2% del totale delle imprese che lo segnala come motivazione principale"
excelsior2025digit,quantitative,AI users that hired staff to manage AI in 2025 / plan to in next 6 months,6.4 / 5.8,% of AI-using enterprises,2025,45,"il 6,4% del totale ha dichiarato di aver assunto personale nel 2025 mentre il 5,8% prevede di effettuare un’assunzione nei prossimi sei mesi"
excelsior2025digit,quantitative,Expect high AI impact on efficiency of existing staff,43.2,% of enterprises,2025,44,"Il 43,2% delle imprese si aspetta che l’utilizzo di soluzioni e sistemi di IA avrà un impatto elevato sul miglioramento dell’efficienza del personale esistente"
law1322025,quantitative,Venture capital envelope for AI/cyber/quantum SMEs and start-ups (Art. 23),up to 1 bn,EUR,2025,8,"è autorizzato, fino all’ammontare complessivo di un miliardo di euro, l’investimento, sotto forma di equity e quasi equity, nel capitale di rischio direttamente o indirettamente di: a) piccole e medie imprese (PMI)"
law1322025,qualitative,"Economic development principle: AI incl. robotics in productive sectors, supporting micro and SMEs (Art. 5)",principle,n/a,2025,Art. 5,"promuovono lo sviluppo e l’utilizzo dell’intelligenza artificiale ... anche mediante l’applicazione della robotica, nei settori produttivi ... di supporto al tessuto nazionale produttivo, costituito principalmente di microimprese e di piccole e medie imprese"
agid2024strategia,quantitative,SMEs that started an AI pilot project in 2022 (cited),15,% of SMEs,2022,7,"Solo il 15% delle piccole e medie imprese (PMI) italiane ha avviato un progetto pilota di IA nel 2022; un valore assolutamente troppo basso, seppure in crescita di 9 punti percentuali"
agid2024strategia,qualitative,"Action I.1 'Facilitatori per l'IA nelle PMI' targeting verticals incl. automation, furniture, apparel, chemicals-pharma, aerospace",policy action,n/a,2024,26,"applicazioni concretamente utilizzabili in specifici verticali, quali automazione, agroalimentare, arredo, abbigliamento, turismo, settori chimico e farmaceutico, e aerospazio"
eurostat2026sbs,quantitative,"Italy share of EU27 manufacturing value added (AV_MEUR: IT 320,748.6 / EU27 2,466,421 million euro)",13.0,% of EU27 value added,2023,"API sbs_ovw_act, data/eurostat_sbs_manufacturing_2023.csv",AV_MEUR IT 320748.6; DE 774038.5; FR 290974.8; EU27_2020 2466421
eurostat2026sbs,quantitative,Italy manufacturing enterprises and persons employed (largest number of enterprises in EU27),"352,446; 3,917,564",enterprises; persons employed,2023,API sbs_ovw_act,"ENT_NR IT 352446 (DE 201177, FR 266065); EMP_NR IT 3917564 (DE 8161765)"
eurostat2026sbs,quantitative,"Persons employed per manufacturing enterprise, Italy vs Germany vs EU27",11 vs 41 vs 14,persons per enterprise,2023,API sbs_ovw_act,EMP_ENT_NR IT 11.0; DE 41.0; EU27_2020 14.0
eurostat2026sbs,quantitative,Germany and France shares of EU27 manufacturing value added,31.4; 11.8,% of EU27 value added,2023,API sbs_ovw_act,AV_MEUR DE 774038.5 / EU27 2466421 = 31.4%; FR 290974.8 / 2466421 = 11.8%
istat2024asi,quantitative,Manufacturing (NACE C) AI adoption by size class 10-49 / 50-99 / 100-249 / 250+ / total,4.0 / 5.0 / 11.3 / 27.9 / 4.9,% of manufacturing enterprises in size class,2023,Tavola 21.15 (xlsx: data/istat/asi2024/D21/C21_Tavole_2024.xlsx; PDF p. 797),"INDUSTRIA MANIFATTURIERA 10-49 4,0 ... 50-99 5,0 ... 100-249 11,3 ... 250 e oltre 27,9 ... Totale 4,9"
istat2024asi,quantitative,Technologies used by manufacturing AI adopters: text mining / speech recognition / language generation / image recognition / machine learning / workflow automation (RPA) / autonomous machines,30.5 / 19.7 / 18.1 / 30.2 / 26.0 / 52.4 / 22.7,% of manufacturing enterprises using AI (denominator: AI users; ISTAT text p. 780 'tra le imprese che utilizzano IA'),2023,"Tavola 21.15, row Totale manifattura (PDF p. 797)","Totale 4,9 30,5 19,7 18,1 30,2 26,0 52,4 22,7 2,7 1,2"
istat2024asi,quantitative,Large manufacturing AI adopters (250+): image recognition / machine learning / workflow automation / autonomous machines,29.1 / 47.7 / 40.2 / 23.9,% of manufacturing AI users with 250+ employees,2023,Tavola 21.15 (PDF p. 797),"250 e oltre 27,9 28,0 19,8 18,1 29,1 47,7 40,2 23,9 14,0 7,3"
istat2024asi,quantitative,Manufacturing enterprises using >=2 / >=3 AI technologies,2.7 / 1.2,% of all manufacturing enterprises 10+,2023,Tavola 21.15 (PDF p. 797),"Totale ... 2,7 1,2"
istat2024asi,quantitative,AI adoption by manufacturing group: C10-C12 / C13-C15 / C16-C18 / C19-C23 / C24+C25 / C26 / C27+C28 / C29+C30 / C31-C33,5.6 / 2.1 / 3.8 / 7.2 / 4.3 / 9.6 / 7.6 / 5.3 / 3.0,% of enterprises 10+ in the group (ISTAT aggregates; C27+C28 and C24+C25 are not separable),2023,Tavola 21.16 (PDF p. 798),"Metallurgia e fabbricazione di prodotti in metallo esclusi macchinari e attrezzature 4,3 ... Fabbricazione di apparecchiature elettriche ... e di macchinari e apparecchiature nca 7,6"
istat2024asi,quantitative,Technology mix of AI adopters in C24+C25: image recognition / machine learning / workflow automation; C26: image recognition / machine learning; C27+C28: text mining / image recognition / machine learning / workflow automation,37.7 / 24.7 / 63.1; 38.5 / 54.0; 45.8 / 40.3 / 19.6 / 43.2,% of AI-using enterprises in the group,2023,Tavola 21.16 (PDF p. 798),"4,3 28,9 13,9 5,1 37,7 24,7 63,1 18,8 ... 9,6 8,7 2,6 6,4 38,5 54,0 34,8 7,7 ... 7,6 45,8 32,1 35,2 40,3 19,6 43,2 9,6"
istat2024asi,quantitative,"Economy-wide AI adoption by size class 10-49 / 50-99 / 100-249 / 250+ / total (all enterprises 10+, NOT manufacturing)",4.4 / 5.6 / 10.4 / 24.1 / 5.0,% of enterprises 10+,2023,"Tavola 21.15, block TOTALE (PDF p. 797)","TOTALE 10-49 4,4 ... 250 e oltre 24,1 ... Totale 5,0"
istat2025asi,quantitative,Manufacturing (NACE C) AI adoption by size class 10-49 / 50-99 / 100-249 / 250+ / total,6.4 / 13.6 / 13.6 / 36.1 / 8.0,% of manufacturing enterprises in size class,2024,Tavola 21.15 (xlsx: data/istat/asi2025/D21/C21_Tavole.xlsx),INDUSTRIA MANIFATTURIERA 10-49 6.38; 50-99 13.56; 100-249 13.61; 250 e oltre 36.14; Totale 8.03
istat2025asi,quantitative,Technologies used by manufacturing AI adopters: text mining / speech recognition / language generation / image recognition / machine learning / workflow automation / autonomous machines,49.3 / 32.9 / 39.7 / 21.4 / 26.8 / 29.9 / 16.3,% of manufacturing enterprises using AI,2024,Tavola 21.15,Totale 8.03 49.28 32.92 39.73 21.39 26.77 29.88 16.31 4.81 2.2
istat2025asi,quantitative,AI adoption by manufacturing group: C10-C12 / C13-C15 / C16-C18 / C19-C23 / C24+C25 / C26 / C27+C28 / C29+C30 / C31-C33,5.7 / 4.6 / 10.6 / 10.5 / 7.2 / 15.7 / 9.3 / 7.1 / 9.4,% of enterprises 10+ in the group,2024,Tavola 21.16,Metallurgia ... 7.19 ... apparecchiature elettriche ... macchinari 9.28 ... mezzi di trasporto 7.13
istat2025asi,quantitative,"Manufacturing text p.378: manufacturing 8.0%, services 9.0%, energy 7.9%",8.0 / 9.0 / 7.9,% of enterprises 10+,2024,PDF p. 378,"rispetto all'8,0 per cento della manifattura e al 7,9 per cento dell'energia"
oecd2026eucpai_v1,quantitative,Italian national AI strategy: introduction and revision,"2020, revised 2024",,2024,26,"The national AI strategy in Italy, introduced in 2020, was revised in 2024 to expand AI infrastructure, align with EU priorities and introduce funding mechanisms supporting AI adoption across key sectors, including business, public administration and research."
oecd2026eucpai_v1,quantitative,"Dedicated AI strategy budget, Italy",none; estimated yearly investment EUR 270 million,EUR per year,2025,36,"Although Italy lacks a dedicated AI strategy budget, it indicated an estimated yearly investment of EUR 270 million."
oecd2026eucpai_v1,qualitative,Complementary funding sources for AI in Italy,tax credits for enterprises and equity investments,qualitative,2025,36,"This will be complemented by other funding sources targeting broader digitalisation efforts, such as tax credits for enterprises and equity investments, which include AI- driven advancements."
oecd2026eucpai_v1,quantitative,RRF funds reported by Italy for AI enabling conditions,30,EUR billion,2025,42,Note: Italy also reported EUR 30 billion in the area of “Set enabling conditions for AI development and uptake in the European Union”.
oecd2026eucpai_v1,quantitative,Transition Plan 5.0: budget and technologies supported for SMEs and start-ups,4.41,EUR billion,2024,75,"In Italy, the EUR 4.41 billion Transition Plan 5.0 provides financial incentives for SMEs and start-ups to integrate AI, IoT, collaborative robotics, automation, big data, blockchain and cloud technologies into their operations"
oecd2026eucpai_v1,quantitative,Transition Plan 5.0 as part of the national sustainability strategy (figure differs from p. 75),6.3,EUR billion,2024,110,Italy’s Transition Plan 5.0 incorporates AI into its EUR 6.3 billion national sustainability strategy.
oecd2026eucpai_v1,quantitative,FAIR foundation (NRRP) budget,114.5,EUR million,2025,67,"Italy has strengthened its AI research landscape through the Future Artificial Intelligence Research Foundation, a EUR 114.5 million initiative backed by the NRRP, uniting key academic and industry actors."
oecd2026eucpai_v1,quantitative,AI excellence centres in Italy incl. the Italian Institute of AI for Industry,"AI4I Turin, ELLIS Milan, Alma Mater Bologna",qualitative,2025,67,"Italy has established several AI excellence centres, such as the Italian Institute of Artificial Intelligence for Industry in Turin, the European Laboratory for Learning and Intelligent Systems (ELLIS) in Milan"
oecd2026eucpai_v1,qualitative,"AI skills penetration and talent flows, Italy",above global average but net outflow of AI expertise,qualitative,2025,84,"Most EU Member States are net attractors of AI talent, attracting more skilled professionals than they lose. However, countries such as Greece, Hungary and Italy face a net outflow of AI expertise."
oecd2026eucpai_v1,quantitative,Supercomputers hosted (TOP500),"Italy 14 (Germany 38, France 24)",count,2025,43,"EU Member States host 132 supercomputers (in 19 countries). Germany leads the ranks with 38, followed by France and Italy, with 24 and 14, respectively."
rand2024failure,quantitative,"Share of AI projects that fail (secondary estimate cited, not measured by RAND)",>80,% of AI projects,2024,p.2 (Summary),"By some estimates, more than 80 percent of AI projects fail, twice the rate of failure for information technology projects that do not involve AI."
rand2024failure,quantitative,Industry interviewees citing leadership-driven root causes as primary reason for failure,84,% of industry interviewees (n=50),2023,p.5,Eighty-four percent of our interviewees cited one or more of these root causes as the primary reason that AI projects would fail.
rand2024failure,quantitative,Root causes cited spontaneously by more than half of interviewees,>50,% of interviewees,2023,p.5,These two root causes were cited spontaneously by more than one-half of the interviewees as the primary reasons that AI projects failed or underperformed.
rand2024failure,quantitative,Industry recruitment response rate,13.2,% of 379 contacted candidates,2023,p.5 (Table 1),Number of candidates 379 50 14 ... Percentage 100 13.2 3.7
rand2024failure,quantitative,"Organizations fully ready to adopt AI (secondary, Cisco AI Readiness Index)",14,% of organizations,2023,p.1,"One survey found that only 14 percent of organizations responded that they were fully ready to adopt AI, even though 84 percent of business leaders reported that they believe that AI will have a significant impact"
mckinsey2025stateai,quantitative,Organizations regularly using AI in at least one business function,88,% of respondents,2025,p.5,"88 percent report regular AI use in at least one business function, compared with 78 percent a year ago."
mckinsey2025stateai,quantitative,Organizations not yet scaling AI across the enterprise,~67 (nearly two-thirds),% of respondents,2025,p.3 (Key findings),Nearly two-thirds of respondents say their organizations have not yet begun scaling AI across the enterprise.
mckinsey2025stateai,quantitative,Respondents attributing any EBIT impact to AI (enterprise level),39,% of respondents,2025,p.12,"Thirty-nine percent of respondents attribute any level of EBIT impact to AI, and most of those respondents say that less than 5 percent of their organization's EBIT is attributable to AI use."
mckinsey2025stateai,quantitative,Organizations scaling an agentic AI system somewhere in the enterprise,23,% of respondents,2025,p.6,Twenty-three percent of respondents report their organizations are scaling an agentic AI system somewhere in their enterprises
mckinsey2025stateai,quantitative,Manufacturing function: organizations not using AI agents at all,91,% of respondents (rebased to total sample),2025,"p.6 (Exhibit 2, stacked bar; values verified on rendered chart)",Manufacturing 2 91 1 3 1 1
mckinsey2025stateai,quantitative,Advanced manufacturing industry: AI use in at least one function / AI used in the manufacturing function,86 / 26,% of respondents in advanced manufacturing (n=136),2025,"p.10 (Exhibit sidebar, columns ordered as footnote; advanced manufacturing = 11th column)","Manufacturing 10 5 0 9 6 13 1 1 21 1 26 14 17 ... Use in at least 1 business function, % 88 96 95 95 92 91 91 90 89 86 86 84 83"
mckinsey2025stateai,quantitative,Manufacturing function: respondents reporting any cost decrease from AI use in past 12 months,56,% of respondents using AI in the function,2025,p.13 (Exhibit 7),"Respondents most commonly report cost benefits from AI activities in software engineering, manufacturing, and IT. ... Manufacturing 4 7 45 56"
mckinsey2025stateai,quantitative,Scaling phase by firm size: >USD 5bn revenue vs <USD 100m,nearly half vs 29,% of respondents,2025,p.11,"Nearly half of respondents from companies with more than $5 billion in revenue have reached the scaling phase, compared with 29 percent of those with less than $100 million in revenues"
mckinsey2025stateai,quantitative,AI high performers (>5% EBIT attributable to AI and significant value),~6,% of respondents,2025,p.15,"our definition of AI high performers, representing about 6 percent of respondents"
mckinsey2025stateai,quantitative,Expected workforce size change next year due to AI: decrease / no change / increase,32 / 43 / 13,% of respondents,2025,p.3 (Key findings),"32 percent expect decreases, 43 percent no change, and 13 percent increases."
deloitte2026stateai,quantitative,Organizations that moved >=40% of AI experiments into production,25,% of respondents,2025,p.4,"While only 25% of respondents said their organization has moved 40% or more of their AI experiments into production to date, 54% expect to reach that level in the next three to six months."
deloitte2026stateai,quantitative,Depth of AI transformation: deep transformation / redesign key processes / surface-level use,34 / 30 / 37,% of respondents,2025,p.4,"Today, 34% of companies are starting to use AI to deeply transform their businesses, 30% are redesigning key processes around AI and the remaining 37% are only using AI at a surface level"
deloitte2026stateai,quantitative,Companies that have not redesigned jobs around AI,84,% of respondents,2025,p.5,"Despite high expectations for automation, 84% of companies have not redesigned jobs or the nature of work itself around AI capabilities."
deloitte2026stateai,quantitative,Talent strategy: focus on educating workforce for AI fluency (insufficient worker skills = biggest barrier),53,% of respondents,2025,p.14,"insufficient worker skills are the biggest barrier to integrating AI into existing workflows. Yet, fewer than half of companies are making significant adjustments to their talent strategies, with most (53%) simply focusing on educating employees"
deloitte2026stateai,quantitative,Location of AI development a key factor in technology choice (sovereign AI),77,% of respondents,2025,p.5,More than 3 in 4 companies (77%) say the location of AI development is a key factor when choosing new technologies
deloitte2026stateai,quantitative,"At least minimal use of physical AI (robotics, automated machinery), EMEA vs Americas vs AP",56 / 56 / 71,% of respondents,2025,p.23,"71% of AP respondents report at least minimal use of physical AI, compared with 56% in both the Americas and EMEA."
deloitte2026stateai,quantitative,Agentic AI at least moderate use today vs expected in two years,23 -> 74,% of respondents,2025,p.23,"software-based agentic AI, which is expected to jump from 23% to 74% in the same time frame."
deloitte2026stateai_eri,quantitative,"ER&I workers with sanctioned access to AI tools, one-year change",25 -> ~60,% of workers,2025,p.4,"Surveyed ER&I companies have doubled worker access to AI in just one year, growing from 25% to around 60% of workers now equipped with sanctioned AI tools."
deloitte2026stateai_eri,quantitative,ER&I organizations that moved >=40% of AI experiments into production,26,% of ER&I respondents,2025,p.4,"While only 26% of respondents said their organization has moved 40% or more of their AI experiments into production to date, 59% expect to reach that level in the next three to six months."
deloitte2026stateai_eri,quantitative,ER&I depth: deep transformation / redesign key processes / surface-level,23 / 37 / 40,% of ER&I respondents,2025,p.4,"23% of ER&I companies are starting to use AI to deeply transform their businesses, 37% are redesigning key processes around AI, and the remaining 40% are only using AI at a surface level"
deloitte2026stateai_eri,quantitative,"ER&I companies already using physical AI (to some extent), now vs in two years",72 -> 91,% of ER&I respondents,2025,p.5,"with 72% of ER&I companies already using it to some extent and adoption projected to hit 91% within two years, the highest level of physical adoption among industries."
deloitte2026stateai_eri,quantitative,ER&I at least moderate agentic AI adoption vs cross-industry average,20 vs 23,% of respondents,2025,p.5,the current level of at least moderate agentic AI adoption in the ER&I industry (20%) is lower than the broader pattern across industries and is slightly below the cross-industry average (23%).
deloitte2026stateai_eri,quantitative,ER&I achieving revenue growth from AI today vs hoping to,17 vs 76,% of ER&I respondents,2025,p.10,"revenue growth largely remains an aspiration, with 76% of ER&I organizations hoping to grow revenue through their AI initiatives in the future compared to just 17% that are already doing so"
deloitte2026stateai_eri,quantitative,ER&I leaders reporting transformative impact of AI,18,% of ER&I respondents,2025,p.10,While 18% of leaders report that AI is having a transformative impact on their companies
deloitte2026stateai_eri,quantitative,ER&I companies that have not redesigned jobs around AI,84,% of ER&I respondents,2025,p.14,84% of surveyed ER&I companies have not redesigned jobs around AI capabilities.
deloitte2025airoi,quantitative,Organizations that increased AI investment in past 12 months / plan to increase next year,85 / 91,% of respondents,2025,"section 'Rising investment, lagging ROI'","85 percent of organizations increased their investment in the past 12 months, and 91 percent plan to increase it again this year."
deloitte2025airoi,quantitative,Typical time to satisfactory ROI on an AI use case,2-4,years (modal response),2025,"section 'Rising investment, lagging ROI'",most respondents reported achieving satisfactory ROI on a typical AI use case within two to four years. This is significantly longer than the typical payback period of seven to 12 months
deloitte2025airoi,quantitative,Payback in under one year (typical use case / most successful projects),6 / 13,% of respondents,2025,"section 'Rising investment, lagging ROI'","Only six percent reported payback in under a year, and even among the most successful projects, just 13 percent saw returns within 12 months."
deloitte2025airoi,quantitative,Agentic AI users realizing significant ROI from agentic AI,10,% of organizations (agentic users = 57% of respondents),2025,"section 'Rising investment, lagging ROI'","Of the respondents already using agentic AI (representing 57% of the total respondents), just ten percent of surveyed organizations said they are currently realizing significant ROI from agentic AI."
deloitte2025airoi,quantitative,Sourcing model: hybrid / vendor-built / internal build,38 / 32 / 24,% of respondents,2025,section 'Why AI investment continues to rise',"While 38 percent favor a hybrid approach, combining in-house development with external tools, 32 percent lean more heavily on vendor-built solutions for speed and scalability and 24 percent plan to invest in internal build capabilities."
deloitte2026stateai_it,quantitative,Italian firms planning to increase AI investment next year,82,% of Italian respondents,2025,section 'Cosa sta accadendo nel mercato italiano',"l'82% ha intenzione di investire nel prossimo anno, il 92% si attende un aumento di produttività grazie all'adozione di strumenti IA"
deloitte2026stateai_it,quantitative,Italian firms rating integration of AI in strategic decisions 'very high',31,% of Italian respondents,2025,section 'Cosa sta accadendo nel mercato italiano',"il 31% afferma che il grado di integrazione dell'IA nelle decisioni strategiche è già ""molto alto"""
deloitte2026stateai_it,quantitative,Sourcing: proprietary tech / mostly in-house / mix / mostly buy / always buy,3 / 20 / 29 / 29 / 17,% of Italian respondents,2025,section 'Cosa sta accadendo nel mercato italiano',"solo il 3% dispone di tecnologie proprie, il 20% cerca di svilupparle in house piuttosto che acquistarle, il 29% usa un mix di tecnologie proprie ed esterne, un altro 29% tende ad acquistare"
deloitte2026stateai_it,quantitative,"Top barrier to AI adoption: lack of talent and skills (then use-case identification, tech/data, governance)",39 (27 / 27 / 27),% of Italian respondents,2025,section 'Cosa sta accadendo nel mercato italiano',"secondo il 39% la carenza di talenti e competenze adeguate rimane la prima barriera all'adozione; fattori critici sono anche l'identificazione di casi d'uso (27%), problemi legati alla tecnologia o alla disponibilità dei dati (27%)"
deloitte2026stateai_it,quantitative,"Gen AI use vs agentic AI use (now, in two years)",62 vs ~70 (-> ~91),% of Italian respondents,2025,section 'Cosa sta accadendo nel mercato italiano',"l'intelligenza artificiale generativa è ormai usata da oltre 6 aziende su 10 intervistate (62%), l'IA agentica è in una fase di espansione: ad oggi la utilizza circa il 70% delle aziende intervistate"
deloitte2026stateai_it,quantitative,Barriers to agentic AI: skills / cost and resources / tech or data,49 / 41 / 36,% of Italian respondents,2025,section 'Cosa sta accadendo nel mercato italiano',"la carenza di talenti e competenze (49%), i costi e le risorse necessarie alla sua implementazione (41%) e problemi relativi alla tecnologia o alla disponibilità dei dati (36%)"
deloitte2026stateai_it,quantitative,Italian firms that have calculated ROI of AI,35,% of Italian respondents,2025,section 'Cosa sta accadendo nel mercato italiano',oltre la metà (51%) ha individuato specifici parametri di valutazione della performance; il 49% ha tracciato le variazioni di produttività dei propri dipendenti; il 43% ha misurato i benefici non finanziari e il 35% ha calcolato il ritorno sull'investimento
deloitte2026aimanuf,quantitative,Manufacturers reporting measurable value from AI vs share of use cases scaled across sites,~84 vs ~20,% of respondents / % of use cases,2026,p.2,"Although ~84% of surveyed manufacturers see measurable value delivered by AI in their operations, only ~20% of use cases are actually scaled across sites today."
deloitte2026aimanuf,quantitative,Average self-reported AI improvement potential on core operational KPIs,~20,% improvement potential,2026,p.2,participants report average AI-driven improvement potential of around 20% across core operational KPIs
deloitte2026aimanuf,quantitative,AI deployment by functional area: quality / production / logistics-SCM / maintenance,62 / 57 / 49 / 36,% of respondents,2026,p.5 (Figure 7),Functional Areas ... Quality 62% Production 57% ... Logistics / SCM ... Maintenance 36%
deloitte2026aimanuf,quantitative,Technology used: ML/DL / gen AI and agentic AI / physical AI closed-loop,42 / 40 / 18,% of respondents,2026,p.5 (Figure 8); web page section 'AI adoption is concentrated...',"Survey participants report use of Machine Learning / Deep Learning (42%), GenAI & Agentic AI (40%), and Physical AI / closed-loop systems (18%)."
deloitte2026aimanuf,quantitative,Main implementation challenges: high implementation cost / lack of technical expertise / resistance to change / regulatory-compliance / data availability-quality,43 / 35 / 35 / 34 / 30,% of respondents,2026,"p.4 (Figure 5); web page section 'Trust, resilience, and governance'","high implementation costs (43%), lack of technical expertise (35%), resistance to change (35%), regulatory/compliance concerns (34%), and data availability or quality issues (30%)."
deloitte2026aimanuf,quantitative,Perceived risk: operational disruption from unstable or incorrect AI outputs,79,% of respondents,2026,p.4 (Figure 6),"79 percent of respondents cite operational disruption risks, 51 percent cybersecurity and data protection risks, 29 percent user acceptance risks"
deloitte2025smartmfg,quantitative,Large US manufacturers using AI/ML at facility or network level / gen AI at same scale,29 / 24,% of respondents,2024,section 'Respondents are still establishing AI foundations',"Twenty-nine percent are using AI/machine learning (AI/ML) at the facility or network level, and 24% have deployed generative AI at the same scale."
deloitte2025smartmfg,quantitative,Piloting AI/ML / piloting gen AI,23 / 38,% of respondents,2024,section 'Respondents are still establishing AI foundations',"Twenty-three percent (23%) of respondents are piloting AI/ML, and 38% are piloting generative AI."
deloitte2025smartmfg,quantitative,Self-reported net impact of smart manufacturing: production output / employee productivity / unlocked capacity,10-20 / 7-20 / 10-15,% improvement (average ranges),2024,section on benefits,"respondents saw, on average, a 10% to 20% improvement in production output, a 7% to 20% improvement in employee productivity, and 10% to 15% in unlocked capacity."
deloitte2025smartmfg,quantitative,Top concern: adapting workers to the 'Factory of the Future' (skills),35,% of respondents,2024,section 'Do investments in automation signal a response to talent shortages?',"more than a third (35%) of respondents cited adapting workers to the ""Factory of the Future"" as a top concern"
deloitte2025smartmfg,quantitative,Outsourcing of technology roles incl. analytics and AI,65-70,% of respondents,2024,section 'Workforce expansion and upskilling',"between 65% and 70% of manufacturers are currently outsourcing many roles across technology, data, and cybersecurity, including those focused on implementing OT, IT, cybersecurity, analytics and AI, and automation."
mgi2026agents,quantitative,Italy: share of current work hours technically automatable with existing technology,~60,% of work hours,2024,"PDF p.55 (Italy dashboard, printed p.53)","At about 60 percent, the share of work hours that could be automated is among the higher levels in Europe."
mgi2026agents,quantitative,Italy: estimated economic value from automation adoption by 2030 (midpoint scenario),196,USD billion,2030,PDF p.55 and p.20 (Exhibit 6),"$196 billion ... Estimated economic value from automation adoption by 2030, midpoint scenario"
mgi2026agents,quantitative,Italy: manufacturing share of automation value by 2030 (midpoint),52 of 196,USD billion,2030,PDF p.56 (Italy dashboard sector table),"Information 7 Manufacturing 52 Mining <1 ... Total value, $ billion ... 196"
mgi2026agents,qualitative,Manufacturing accounts for a larger share of automation value in Italy and Czech Republic,qualitative,n/a,2030,PDF p.20,manufacturing accounts for a larger share in the Czech Republic and Italy than elsewhere (Exhibit 6).
mgi2026agents,quantitative,"Italy: people in jobs requiring AI fluency, 2025 vs 2023",2.3,ratio (x),2025,PDF p.55,"Since 2023, employer demand for AI fluency has doubled, less than the regional average. ... 2.3x People in jobs requiring AI fluency in 2025 vs 2023"
mgi2026agents,quantitative,"Europe (10 countries): economic value unlockable by AI and automation by 2030, midpoint vs gradual scenario",1.9 vs 1.1,USD trillion,2030,PDF p.16,"In our midpoint scenario, up to $1.9 trillion of economic value could be unlocked from AI and automation in Europe by 2030 (Exhibit 4). In a more gradual scenario, this value is closer to $1.1 trillion"
wef2025gln,quantitative,Top-five use cases of 2024 Lighthouses enabled by analytical AI / by gen AI,77 / 9,% of top-five use cases,2024,p.3 (Executive summary),77% of the top five use cases of this year's Lighthouses were enabled by analytical AI and 9% leverage generative AI (GenAI).
wef2025gln,quantitative,"Analytical AI share of top-five use cases, 2023 average",62,% of top-five use cases,2023,p.11,"77% of their top five use cases feature analytical AI, up from an average 62% in 2023 and 9% now feature generative AI (GenAI)."
wef2025gln,quantitative,"Average improvement from AI-enabled use cases in conversion cost, cycle time, defect rates",>50,% improvement,2024,p.11,"On average, AI-enabled use cases have driven an improvement of more than 50% in conversion costs, cycle times and defect rates for Lighthouses."
wef2025gln,quantitative,ROI of the Lighthouse transformation playbook,2-3x over 3 years; 4-5x over 5 years,ROI multiple,2024,p.3,to achieve ROI of 2-3x over three years and 4-5x over five years.
wef2026gln,quantitative,Top-five use cases of Lighthouses embedding analytical AI/ML / gen AI (gen AI 2024 -> 2025),~62 / 23 (gen AI 9 -> 23),% of top-five use cases,2025,p.4 (Executive summary),"analytical AI and machine learning now embedded in nearly 62% of their top-5 use cases and generative AI (GenAI) embedded in 23%, up from 9% in 2024."
wef2026gln,qualitative,Scaling beyond pilots even among Lighthouses,qualitative,n/a,2025,p.4,"Even within GLN, only a select few have rewired operations enterprisewide."
wef2026gln,quantitative,Network size,223,sites,2025,p.4,Having expanded from 16 factories to 223 sites across more than 30 countries and 40 industries
wef2019beacons,quantitative,"Rold (Italian SME, ~250 employees) revenue growth 2016-2017 attributed to 4IR use cases, driven by OEE increase",7-8 (OEE +11),% revenue growth (% OEE),2017,p.23,"Rold reported a financial impact of 7-8% growth of total company revenue from 2016 to 2017, driven by an overall equipment effectiveness (OEE) increase of 11%."
wef2019beacons,qualitative,Rold top use cases are IoT/dashboard/additive technologies rather than AI,qualitative,n/a,2018,p.23,Sensor-based manufacturing reporting of KPIs has allowed for digitization of any kind of production machine along with real-time collection of production data
wef2019beacons,quantitative,"Low-investment path for SMEs: off-the-shelf technology, only three programmers hired",3,programmers hired,2018,p.22,"Fourth Industrial Revolution innovation is possible even with limited investment by using off-the-shelf technology and collaborating with technology providers and universities. In Rold's case, for example, only three programmers were hired."
wef2019beacons,quantitative,Industrial organizations piloting or deploying 4IR technologies at scale (secondary),70,% of industrial organizations,2018,p.24,70% of industrial organizations are either piloting Fourth Industrial Revolution technology in manufacturing or deploying these technologies at scale.
teha2023ai4italy,quantitative,Upper-bound annual added value from gen AI adoption in Italy,312 (18% of GDP),EUR billion per year,2023,"web page, key findings","can generate, for the same number of hours worked, up to 312 billion euros of added value annually, equal to 18% of Italian GDP."
teha2023ai4italy,quantitative,Italian companies that have already tried AI solutions / of which report productivity benefits,50 / 70,% of surveyed companies,2023,"web page, key findings","1 in 2 companies have already tried using AI solutions, and 70% of those who have tested them claim to have obtained productivity benefits."
teha2023ai4italy,quantitative,Main use areas: information retrieval / virtual assistance / process efficiency,55 / 48 / 47,% of surveyed companies,2023,"web page, key findings","Among the main areas of use highlighted were information retrieval (55%), virtual assistance (48%) and process efficiency (47%)."
teha2023ai4italy,quantitative,Barriers: skills and privacy/security/reliability concerns,72,% of surveyed companies,2023,"web page, key findings","Among the main barriers to full adoption of these technologies, skills and concerns about privacy, security and reliability aspects were highlighted by 72% of companies."
teha2023ai4italy,quantitative,SMEs to be digitised to reach the estimated benefits,">113,000",SMEs,2023,"web page, key findings","it is necessary to accelerate the digitisation of more than 113,000 SMEs in the country"
teha2023ai4italy,qualitative,Manufacturing among most mature sectors for gen AI,qualitative,n/a,2023,"web page, key findings","Currently, the financial, manufacturing and healthcare (and life sciences) sectors are the most mature markets for the use of Generative AI."
minsaitteha2025aiitaly,quantitative,Large Italian companies that adopted or intend to adopt AI,63,% of large firms (>250 employees),2025,p.69,con il 63% delle aziende di ...
minsaitteha2025aiitaly,quantitative,Companies reporting AI productivity benefits between 1% and 5%,~33 (one-third),% of respondents,2025,p.69,one-third of companies report benefits of between 1 percent and 5 percent (compared to a national average growth of around 1 percent over the past 20 years).
minsaitteha2025aiitaly,quantitative,"Turnover-weighted aggregate productivity increase, today and in 18-24 months; extrapolated value",3.2 / 4.3; 115,% ; EUR billion,2025,p.69 (p.61),"aggregata del 3,2% oggi e del 4,3% in futuro ... sarebbe di 115 miliardi di euro"
minsaitteha2025aiitaly,quantitative,Adoption stage: implementing or experimenting / planning / extended company-wide implementation / no intention,38.2 / 25.2 / 21 / 35.4,% of respondents,2025,"p.48, Figura 6","il 38,2% delle imprese ha avviato percorsi concreti di implementazione o sperimentazione ... il 35,4% dichiara di non aver intenzione di adottarla, mentre il 25,2% prevede di farlo"
minsaitteha2025aiitaly,quantitative,Barriers among non-adopters: organisational difficulties / technology still experimental / lack of internal skills,23.9 / 21.9 / 20,% of non-adopters,2025,p.49,"(23,9%); livello ancora sperimentale delle tecnologie (21,9%) e mancanza di competenze interne (20%)"
minsaitteha2025aiitaly,quantitative,Companies without a defined AI strategy,~70,% of respondents,2025,p.69,il 70% delle aziende non ha ancora sviluppato
minsaitteha2025aiitaly,quantitative,Effects: improved operational efficiency vs automation of repetitive tasks vs new workflows,64.7 / 15.2 / 9.1,% of respondents,2025,"p.57, Figura 17","Il 64,7% delle aziende dichiara di ... ta ripetitive (15,2%) o la creazione di nuovi flussi di lavoro (9,1%)"
minsaitteha2025aiitaly,quantitative,"Survey sample: 284 companies, all with more than 249 employees; manufacturing share",284; 28.8,firms; % of sample,2025,p.45,"Campione: 284 aziende ... con oltre 249 addetti ... prevalenza del settore manifatturiero (28,8%)"
bcg2024value,quantitative,Companies at least experimenting with AI that have capabilities to move beyond proof of concept,26 (of the 98% experimenting),% of companies,2024,p.4,"of the 98% of companies that are at least experimenting with AI, only 26% have developed the necessary capabilities to move beyond proofs of concept and begin extracting value."
bcg2024value,quantitative,AI future-built (substantial value) / scaling / no tangible value yet,4 / 22 / 74,% of companies,2024,p.4,only 4% have developed cutting-edge AI capabilities across functions ... Another 22% have an AI strategy and advanced capabilities and are starting to generate value. ... The remaining 74% have yet to show tangible value from their use of AI.
bcg2024value,quantitative,Share of AI value from core functions; operations share,62; 23,% of AI value,2024,p.8,"the companies in our survey derive 62% of the value they obtain from AI and generative AI in core business functions, including operations (23%), sales and marketing (20%), and R&D (13%)."
bcg2024value,quantitative,Machines and automation sector: AI value from core vs support functions,40 / 60,% of AI value,2024,p.8 (Exhibit 4),Machines and automation 40 60
bcg2024value,quantitative,Source of implementation challenges: people and processes / technology / algorithms,70 / 20 / 10,% of challenges,2024,p.16,"about 70% of the challenges relate to people and process, about 20% are technology issues, and only 10% involve AI algorithms"
bcg2024value,quantitative,Top challenge: difficulty establishing ROI on identified opportunities,66,% of respondents,2024,p.16 (Exhibit 5),Difficulty establishing RoI on identified opportunities 66%
bcg2025aiatwork,quantitative,Italy: respondents using AI at least several times a week (vs 72% average),68,"% of Italian respondents (n=1,011)",2025,p.7,Share of respondents who use AI at least several times a week ... 92% 87% 78% 76% 72% 68% 68% 67% 64% 64% 51% ... India Middle East Spain Brazil South Africa UK Italy Germany France US Japan
bcg2025aiatwork,quantitative,Italy: respondents reporting their company is integrating AI agents into workflows (vs 13% global),11,% of Italian respondents,2025,p.23,Share of respondents reporting their company is integrating AI agents into workflows ... Global average 13% ... Brazil India Spain US UK Germany South Africa Middle East Italy France Japan ... 11% 11% 11% 7%
bcg2025aiatwork,quantitative,Italy: respondents who think their job will certainly/probably disappear in ten years (vs 41% global),36,% of Italian respondents,2025,p.9,Global average 41% ... 63% 61% 48% 40% 36% 36% 34% 34% 33% 28% 27% ... Middle East Spain India Japan Germany Italy UK France US South Africa Brazil
bcg2025aiatwork,quantitative,Manufacturing: respondents reporting company is doing workflow redesign (vs 50% average),48,% of manufacturing respondents,2025,p.18,Share of respondents who report their company is doing workflow redesign (Reshape) among industries ... 54% 54% 48% 47% 43% 41% 41% 31% ... Financial services Technology Manufacturing
bcg2025aiatwork,quantitative,Regular gen AI use (several times a week or daily): all / frontline 2025 (2024),72 / 51 (52),% of respondents,2025,p.6,"Overall adoption is strong, 72% of respondents are regular users, but it has stalled for frontline employees ... Frontline employees 51% 52%"
ey2025aibarometer,quantitative,"Respondents ever involved with or actively using AI, 2024 -> 2025",72 -> 78,% of respondents,2025,p.8,"the proportion of respondents who say they use ChatGPT, DeepL and Co. has risen from 72% to 78% (Figure 4)"
ey2025aibarometer,quantitative,Use of AI above average in advanced manufacturing,90,% of respondents in sector,2025,p.9,"In the sectors technology, media and telecommunications (91%), advanced manufacturing (90%), energy and resources (90%) and banking, capital markets and financial services (89%) the use of AI is above average."
ey2025aibarometer,quantitative,Organizations reporting increased profits or reduced costs from AI (2024: 45%),56,% of respondents,2025,p.7,"AI is generating measurable financial benefits, with 56% of organizations reporting increased profits or reduced costs from AI adoption, up 11 percentage points on the previous year's barometer."
ey2025aibarometer,quantitative,Advanced manufacturing: respondents reporting financial gains from AI,78,% of respondents in sector,2025,"EY web page, section on financial gains","In certain sectors, such as advanced manufacturing (78%), sports (74%) and agriculture and agroindustry (73%), the financial gains from AI are evident."
ey2025aibarometer,quantitative,Productivity improvement from AI: management vs non-executive employees,57 vs 35,% of respondents,2025,"EY web page, productivity section","While 57% of management believe AI has enhanced the productivity of their teams, only 35% of non-executive employees agree, and of those only 9% see a significant improvement in their productivity."
ey2025aibarometer,quantitative,Respondents indicating formal risk assessments are used for AI decisions,24,% of respondents,2025,p.7,"Many have no formal AI risk management, and only 24% respondents indicate that formal risk assessments are used for AI-related decisions."
ey2025italybarometer,quantitative,"Italian respondents using AI tools at work, 2024 -> 2025",12 -> 46,% of Italian respondents,2025,"press release, bullet points","L'utilizzo dell'AI sul lavoro in Italia è in crescita, passando dal 12% nel 2024 al 46% nel 2025"
ey2025italybarometer,quantitative,Italian top management reporting tangible cost/profit benefits,52,% of Italian top managers,2025,"press release, bullet points",Il 52% del top management ha già rilevato benefici concreti in termini di riduzione dei costi e aumento dei profitti
ey2025italybarometer,quantitative,Employees feeling adequately trained vs top management belief,20 vs ~50,% of respondents,2025,"press release, training section","mentre quasi la metà del top management ritiene che i dipendenti abbiano ricevuto un training adeguato, solo il 20% di questi ultimi condivide questa opinione."
ey2025italybarometer,quantitative,Main uses: text writing / voice assistants / chatbots,60 / 47 / 40,% of Italian respondents,2025,press release,"L'uso dell'AI in Italia è trainato principalmente da applicazioni che migliorano la produttività individuale, come la scrittura di testi (60%), gli assistenti vocali (47%) e i chatbot (40%)."
ey2025italybarometer,quantitative,Concerns: data security and protection / user experience / costs,53 / 40 / 32.5,% of Italian respondents,2025,press release,"la sicurezza e la protezione dei dati (53%), la user experience (40%) e i costi (32,5%) restano i principali fattori di attenzione per gli utenti."
ey2025italybarometer,quantitative,Managers vs other employees who increased AI use,59 vs 39,% of Italian respondents,2025,press release,"Il 59% di coloro che hanno ruoli manageriali, inoltre, ha incrementato l'uso dell'AI rispetto al 39% del resto dei dipendenti."
pwc2026ceoitaly,quantitative,Italian vs global CEOs reporting little or no AI implementation in support services / product development / strategic direction / demand generation,58 vs 47 / 60 vs 47 / 68 vs 53 / 54 vs 46,% of CEOs,2025,section 'L'Intelligenza Artificiale segna il confine tra chi accelera e chi resta indietro',"Il divario si allarga nei servizi di supporto (58% contro 47%) e nello sviluppo di prodotti, servizi ed esperienze, dove il 60% dei vertici nostrani non ha ancora adottato l'IA, a fronte del 47% internazionale."
pwc2026ceoitaly,quantitative,Italian CEOs reporting a culture unfavourable to AI adoption (vs global),27 vs 9,% of CEOs,2025,same section,"Il 27% dei CEO italiani ammette che di non avere una cultura favorevole all'adozione dell'IA, contro il 9% nel resto del mondo."
pwc2026ceoitaly,quantitative,Italian CEOs lacking a clear AI roadmap (vs global),40 vs 23,% of CEOs,2025,same section,il 40% manca di una roadmap chiara (quasi doppio del 23% globale)
pwc2026ceoitaly,quantitative,Italian CEOs judging AI investment insufficient (vs global); using AI tools not connected to internal data (vs global),43 vs 29; 63 vs 46,% of CEOs,2025,same section,"il 43% delle aziende giudica insufficienti gli investimenti in IA per centrare gli obiettivi (vs 29% globale), il 63% usa tool IA ""orfani"" di documenti e dati interni (contro il 46% mondiale)"
pwc2026ceoitaly,quantitative,Barriers cited by Italian CEOs: workforce skills / knowledge transfer / doubts on returns / cybersecurity and resistance to change,46 / 37 / 31 / 27,% of Italian CEOs,2025,section 'Le barriere? Competenze al primo posto',"I CEO italiani puntano il dito contro la mancanza di skills nella forza lavoro (46%), seguita da difficoltà nel trasferire le conoscenze (37%), dubbi sui ritorni economici (31%) e paure condivise su cybersecurity e resistenza al cambiamento (entrambe al 27%)."
pwc2026ceoitaly,quantitative,Global CEOs reporting AI benefits on both costs and revenue / no significant impact,12 / 56,% of CEOs (global),2025,same section,"solo il 12% di CEO mondiali ammette benefici sia sui costi che sul fatturato. Nel complesso, quasi il 30% registra vantaggi su un solo fronte, mentre il 56% non vede ancora impatti significativi"
capgemini2025genai,quantitative,"Gen AI adoption (partially or fully enabled) among large organizations, 2023 -> 2025",6 -> 30,% of organizations,2025,p.6 (Executive summary),"Gen AI adoption has surged from 6% in 2023 to 30% in 2025 - a fivefold increase in two years, with 93% of organizations across sectors now exploring, piloting, or partially/fully enabling Gen AI capabilities."
capgemini2025genai,quantitative,Manufacturing sector gen AI maturity: exploring / pilots / enabled in some functions / enabled in most or all,27 / 52 / 15 / 6,% of manufacturing organizations (read from chart),2025,p.10 (sector chart),"Percentage of organizations at each stage of Gen AI maturity, by sector, 2025 ... Manufacturing 27% 52% 15% 6%"
capgemini2025genai,quantitative,AI agents implemented at partial / full scale; pilots,12 / 2; 23,% of organizations,2025,p.6,"Already, 14% of organizations have implemented AI agents at partial (12%) or full scale (2%), and nearly one-quarter (23%) have launched pilots."
capgemini2025genai,quantitative,Organizations that cannot fully trust autonomous AI agents,71,% of organizations,2025,p.7,A majority (71%) of organizations state they cannot fully trust autonomous AI agents for enterprise use.
capgemini2025genai,quantitative,Organizations with AI governance policies (of which employees seldom follow),46 (47),% of organizations,2025,p.7,"Only 46% have established governance policies for their AI systems and, among those, 47% report that employees seldom follow these policies."
microsoft2026aidiffusion,quantitative,"Italy AI diffusion (share of working-age population using gen AI), H1 -> H2 2025; rank 26",25.8 -> 27.8,% of working-age population,2025,p.4 (country table),26 Italy 25.8% 26 Italy 27.8% 2.0%
microsoft2026aidiffusion,quantitative,Comparators H2 2025: France / Spain / Germany / Poland,44.0 / 41.8 / 28.6 / 28.5,% of working-age population,2025,p.4,5 France 44.0% ... 6 Spain 41.8% ... 21 Germany 28.6% ... 22 Poland 28.5%
microsoft2026aidiffusion,quantitative,Global North vs Global South AI diffusion H2 2025,24.7 vs 14.1,% of working-age population,2025,p.2,"24.7 percent of the working age population in the Global North is now using these tools, compared to only 14.1 percent in the Global South."
voxeu2026centralbanksai,quantitative,"Firms using AI (predictive or generative), 2024: Italy / Germany / Spain",13 / 47 / 31,% of firms >=20 employees,2024,section 'Fast-rising AI adoption across European firms',"in 2024, only 13% of Italian firms reported using AI (either predictive or generative) compared with 47% in Germany and 31% in Spain."
voxeu2026centralbanksai,quantitative,"Firms using gen AI, 2024: Italy / Germany / Spain",5 / 33 / 26,% of firms >=20 employees,2024,section 'Fast-rising AI adoption across European firms',"As for GenAI, only 5% of Italian firms reported using it compared with 33% in Germany and 26% in Spain (Figure 1)."
voxeu2026centralbanksai,quantitative,Gen AI adoption after 12 months (2025): Germany / Italy,58 / 24,% of firms >=20 employees,2025,section 'Fast-rising AI adoption across European firms',"Over the subsequent 12 months, GenAI adoption almost doubled in Germany (to 58%) and rose even more sharply in Italy (to 24%), pointing to very rapid diffusion."
voxeu2026centralbanksai,quantitative,Firms making intensive use of gen AI (all three countries),<4,% of firms,2025,section 'Fast-rising AI adoption across European firms',only a small share of firms (less than 4% in all countries) makes intensive use of this technology.
voxeu2026centralbanksai,qualitative,Manufacturing adoption relative to services: Italy and Spain considerably lower; Germany about a quarter lower than leading sector,qualitative,n/a,2025,section on Figure 2,"The manufacturing sector in Germany, however, stands out: adoption rates are only about a quarter lower than in the leading sector. Adoption among Italian and Spanish manufacturing firms is, by contrast, considerably lower than in the service sectors."
voxeu2026centralbanksai,qualitative,Main objectives of AI use: enhancing already automated processes and business support processes (efficiency) over new products,qualitative,n/a,2024,section 'What drives businesses to embrace AI?',most firms identified the enhancement of already automated processes or the improvement of business support processes as a relevant objective for adopting AI (Figure 3).
voxeu2026bickgap,quantitative,"Workers using gen AI for work, Jan-Feb 2026: US vs Europe range (Italy lowest)",43 vs 26 (Italy) to 36 (UK),% of workers,2026,"section 'The US is leading in AI adoption, large variation within Europe' (Figure 2)","in the US, 43% of workers report using generative AI for work in January-February 2026. Adoption rates in European countries are substantially lower, ranging from 26% (Italy) to 36% (UK)."
voxeu2026bickgap,quantitative,"Share of work hours using gen AI: US vs Germany, France, Italy",5.2 vs < one-third of US,% of work hours,2026,"same section (Figure 2, lower panel)","5.2% of work hours in the US are spent using AI, while the share in Germany, France, and Italy is less than one-third of this."
voxeu2026bickgap,quantitative,"Average share of firms using AI in 32 European countries, 2025",20,% of firms,2025,same section (Figure 3),"In the 32 European countries covered, on average 20% of firms used AI in 2025."
voxeu2026bickgap,quantitative,Share of Europe-US worker adoption gap explained by composition / plus employer encouragement,~50 / >80,% of gap,2026,section 'Management practices explain large share of differences in adoption rates',"compositional differences can explain about half of the gap between Europe and the US ... When we include employer encouragement in the decomposition, more than 80% of the gap in AI adoption between Europe and the US is accounted for."
voxeu2026bickgap,quantitative,"Annual productivity growth associated with +10pp firm AI adoption (country-industry, Europe)",0.5 to 2.6,percentage points per year,2024,section 'AI adoption is correlated with stronger productivity growth',The range of estimates in different specifications spans from annual productivity increases of 0.5 to 2.6 percentage points associated with a 10-percentage-point increase in firm-level AI adoption.
voxeu2026bickgap,quantitative,Self-reported time savings: all workers / AI users,1-2.3 / 4.8-6.1,% of work time,2026,same section,we find reported time savings in our worker survey of 1-2.3% for all workers and 4.8-6.1% among AI users.
voxeu2026aldasoro,quantitative,"Causal effect of AI adoption on labour productivity levels (EU firms, IV)",+4,"% labour productivity (level, one-off)",2024,section 'Productivity gains without job losses',AI adoption causally increases labour productivity levels by 4% on average in the EU.
voxeu2026aldasoro,qualitative,Short-run employment effect of AI adoption,no negative effect,n/a,2024,section 'Productivity gains without job losses',we find no evidence that AI reduces employment in the short run.
voxeu2026aldasoro,quantitative,AI/big data adoption by firm size: large (>250) vs small (10-49),45 vs 24,% of firms,2024,section 'Europe's AI paradox',"Among large firms (more than 250 employees), 45% have deployed AI, compared with only 24% of small firms (10 to 49 employees)."
voxeu2026aldasoro,quantitative,Complementary investments: +1pp software/data investment and +1pp training raise AI productivity effect by,2.4 / 5.9,percentage points,2024,section 'Uneven gains and the critical role of complementary investments',An extra percentage point of investment in software and data infrastructure increases AI's productivity effect by 2.4 percentage points. ... an additional percentage point spent on training amplifies AI's productivity gains by 5.9 percentage points.
voxeu2026aldasoro,qualitative,Heterogeneity by size: medium and large firms gain substantially more,qualitative,n/a,2024,section 'Uneven gains...' (Figure 2),medium and large companies experience substantially stronger productivity gains than their smaller counterparts
bruegel2021aiadoption,quantitative,EU firm AI adoption estimates from two institutional sources: Eurostat vs European Commission,7 vs 42,% of firms,2020,p.4 (Box 1),"Even two European institutional sources give very different rates of 7 percent adoption (Eurostat, 2021) to 42 percent (European Commission, 2020)."
bruegel2021aiadoption,quantitative,Survey response rates: Eurostat average vs European Commission average,74 vs 7,% response rate,2020,p.4 (Box 1),"reaching a respectable average of 74 percent and a median of 80 percent across countries. The response rate to the European Commission (2020) survey however ranged from 5 percent and 19 percent at country level, averaging 7 percent."
bruegel2021aiadoption,qualitative,Interpretation: low response rate biases adoption upward,qualitative,n/a,2020,p.4 (Box 1),"This implies that the adoption rates given in the latter are biased upwards, as firms that were already using AI were more likely to participate."
bruegel2021aiadoption,quantitative,Manufacturing firms adopting robots / process automation / computer vision (EC 2020 data),15 / 17 / 8,% of manufacturing firms,2020,p.6 (Table 2),Process automation 12% 14% 17% ... Robots 9% 18% 15% ... Computer vision 9% 14% 8%
accenture2025aireckoning,quantitative,Large European companies that have not yet scaled a significant AI investment,56,% of 800 large companies,2025,"press release, paragraph 2","Attualmente, oltre la metà (il 56%) delle 800 grandi aziende europee intervistate non ha ancora scalato un investimento rilevante in IA."
accenture2025aireckoning,quantitative,Largest vs smaller firms with at least one transformative gen AI initiative,48 vs 31,% of companies,2025,"press release, paragraph 4","Quasi la metà (il 48%) delle aziende più grandi ha implementato almeno una iniziativa trasformativa con IA generativa, contro meno di un terzo (31%) delle imprese più piccole."
accenture2025aireckoning,quantitative,Italian companies with a truly mature data and AI strategy (Accenture Italia CEO statement),19,% of (Italian) companies,2025,"press release, quote of Accenture Italia CEO",solo il 19% delle aziende ha oggi una strategia davvero matura su dati e AI
accenture2025aireckoning,qualitative,"Sector ranking: automotive, aerospace and defense lead; industrial sector yet to exploit AI",qualitative,n/a,2025,"press release, paragraph 4","l'automotive, l'aerospace e la difesa sono quelli più avanti, mentre telecomunicazioni e utilities sono in ritardo. ... Anche il settore industriale, che genera oltre un quarto del PIL europeo, deve ancora sfruttare pienamente il potenziale dell'IA."
accenture2025aireckoning,quantitative,European worker productivity relative to US,76,% of US level,2025,"press release, paragraph 1","in media, un lavoratore europeo produce oggi solo il 76% rispetto a un collega statunitense"
brunetti2026aipath,quantitative,Share of firms investing in AI,1.3,% of firms (weighted),2019-2021,PDF p.11 (WP p.9),"Between 2019 and 2021, only 1.3% of firms invested in AI technologies, and fewer than 1% invested in AI-related training"
brunetti2026aipath,quantitative,ISTAT AI-use share over same period vs RIL investment share (definitional gap),6.4,% of firms (ISTAT),2019-2021,"PDF p.11 (WP p.9), footnote 2",The share of AI adopters recorded by ISTAT over the same period is around 6.4 %. Such difference may be explained by the fact that ISTAT collects information on firms that use AI
brunetti2026aipath,quantitative,Share of firms using at least one Industry 4.0 Plan fiscal incentive,13.8,% of firms,2017,PDF p.11 (WP p.9),13.8% of firms used at least one fiscal incentive linked to Italy's Industry 4.0 Plan
brunetti2026aipath,quantitative,AME of prior digital technology adoption on AI investment probability (full sample),+1.5 to +1.8,percentage points,2019-2021,"PDF p.17 (WP p.15), Table 6","All coefficients are positive and statistically significant, with AMEs ranging from +1.5% to +1.8%."
brunetti2026aipath,quantitative,"AME of prior adoption on AI investment, PSM-matched sample (digital / information tech / robotics)",+2.4 / +3.6 / +3.4,percentage points,2019-2021,"PDF p.17 (WP p.15), Table 6","The results are stronger in magnitude: +2.4% for digital technologies overall, +3.6% for information technologies, and +3.4% for robotics."
brunetti2026aipath,quantitative,Family ownership share in sample,85,% of firms,2018,PDF p.11 (WP p.9),"the intergenerational control typical of family-owned firms, which account for 85 % of our sample"
brunetti2026aipath,quantitative,"AME of prior digital adoption on AI investment in industry (matched sample, robotics)",0.021,probability (AME),2019-2021,"PDF p.21 (WP p.19), Table 10","Robotics ... 0,021*** (0,006) [Industry, Panel A: AI technologies]"
garlatticosta2025doi,quantitative,Organisations with no AI solutions implemented yet,36.7,% of respondents,2023,PDF p.10 (journal p.88),A significant portion of companies (36.7%) have not yet adopted any AI solutions
garlatticosta2025doi,quantitative,Organisations with over one year of AI experience,30,% of respondents,2023,PDF p.9 (journal p.87),a significant portion (30%) has over a year of experience with AI
garlatticosta2025doi,quantitative,Generative AI already implemented into operations,9.3,% of organisations,2023,PDF p.17 (journal p.95),"A small but notable segment, 9.3% of organizations, represents innovators who have already integrated generative AI into their operations"
garlatticosta2025doi,quantitative,Generative AI small-scale experimentation,26.2,% of organisations,2023,PDF p.17 (journal p.95),"Early adopters, constituting 26.2% of the sample, are engaging in small-scale experiments"
garlatticosta2025doi,quantitative,Top barrier: budget constraints,21.1,% of respondents (50 mentions),2023,"PDF p.15 (journal p.93), Figure 6","Budget Constraints', cited by 50 respondents, emerge as the primary impediment"
garlatticosta2025doi,quantitative,Top implementation challenge: skilled workforce gap,82,mentions (count),2023,PDF p.13 (journal p.91),the most pressing challenge faced by organizations in implementing AI is the significant gap in the availability of a skilled workforce (82)
garlatticosta2025doi,quantitative,AI adoption motivation: improving customer or user experience,25.4,% of respondents,2023,PDF p.12 (journal p.90),"The motivations of other organizations, such as the 25.4% focused on improving customer or user experience, the 15.2% prioritizing risk mitigation"
garlatticosta2025doi,quantitative,Respondents expecting AI to create new job roles,23.2,% of respondents,2023,PDF p.20 (journal p.98),a subset of 55 participants (23.2%) reveals optimism about AI's capacity to generate new job roles
garlatticosta2026readiness,quantitative,Organisations not yet implementing any AI solution,36.7,% of respondents,2023,PDF p.15 (journal p.14),The largest group of respondents (36.7%) indicated that their organisations have not yet implemented any AI solution.
garlatticosta2026readiness,quantitative,AI integration isolated vs systemic,86.5 / 13.5,% of organisations,2023,PDF p.15 (journal p.14),"we can state that for 86.5%, integration is isolated, whilst for 13.5%, the level is systemic."
garlatticosta2026readiness,quantitative,Organisations implementing AI but not at large scale,118,count of 237,2023,PDF p.14 (journal p.13),"many organisations (118) are implementing AI, but not on a large scale, suggesting selective or department-specific AI projects"
garlatticosta2026readiness,quantitative,AIRL quadrant: initiating (levels 1-2),47,% of organisations,2023,PDF p.15 (journal p.14),The largest segment (47%) falls within the initiating quadrant
garlatticosta2026readiness,quantitative,AIRL quadrants: implementing / transforming,7 / 6,% of organisations,2023,PDF p.15 (journal p.14),The relatively small percentages in the implementing (7%) and transforming (6%) quadrants
garlatticosta2026readiness,quantitative,Main AI objective: improving internal operations,32.3,% of respondents,2023,PDF p.11 (journal p.10),"The primary objectives for adopting AI were focused on improving internal operations (32.3%), enhancing customer experience (25.4%)"
shah2026aitransform,quantitative,"Share of firms classified as AI adopters (LinkedIn AI-skilled employee, 2020-2023)",8.1,"% of firms (mean 0.0810, n=6,713)",2020-2023,11,"AI adoption 6,713 0.0810 0.2729 0 1"
shah2026aitransform,quantitative,Survey sample and response rate,"6,732 firms; 10.3%",firms; response rate,2019-2020,8,"In total, 6,732 fully usable responses were obtained (response rate: 10.3%), comparable to other large-scale firm-level innovation surveys"
shah2026aitransform,quantitative,Mean AI Capability Index,0.1725,"index 0-1 (SD 0.1421, max 0.6839)",2019,11,"AI Capability Index 6,732 0.1725 0.1421 0 0.6839"
shah2026aitransform,quantitative,Association of AI capabilities with overall innovation (probit marginal effects),0.92-1.08,marginal effect on probability (p<0.01),2019-2020,13,"Across all specifications, AI capabilities are positively associated with innovation (coefficients approximately 0.92–1.08, p < 0.01)."
shah2026aitransform,quantitative,"Green innovation association with productivity, contemporaneous vs four-year horizon",0.0905 / 0.0743,coefficient on log value added per employee (p<0.01),2019-2023,18,Green Innovation (t) 0.0905*** 0.0884*** 0.0986*** 0.0902*** 0.0743***
shah2026aitransform,quantitative,Correlation AI Capability Index with later AI adoption,0.38,pairwise correlation coefficient,2019-2023,12,(2) AI adoption 0.38 1.00 1.17 0.85
shah2026aitransform,quantitative,Sampling frame and sector scope,"64,872 MSMEs in manufacturing, services and utilities",firms (Orbis/AIDA),2019,7,"we used the Bureau van Dijk (Orbis/AIDA) database to identify 64,872 micro, small, and medium-sized enterprises (MSMEs) in manufacturing, services, and utilities (e.g., gas and electricity). Between May 2019 and February 2020, firms were invited to complete an online questionnaire"
shah2026aitransform,quantitative,Operationalisation of AI adoption (LinkedIn AI-skilled employee),at least one AI-skilled employee 2020-2023,qualitative,2020-2023,10,A firm was classified as an AI adopter if it employed at least one individual with AI-specific skills between 2020 and 2023.
shah2026aitransform,qualitative,"Caveat on the AI adoption measure (capability vs deployment, undercoverage of small firms)",may reflect emerging capability rather than implemented AI; undercounts less visible firms,qualitative,2020-2023,10,"the presence of AI-skilled employees may also reflect emerging capability development rather than fully implemented AI deployment. Moreover, LinkedIn-based measures may underrepresent smaller or less digitally visible firms"
shah2026aitransform,quantitative,Innovation and government support incidence in the sample,innovation 48%; brown 25%; green 32%; government support 23%,% of firms,2019,10,"Nearly half of firms report some form of innovation activity (mean = 0.48); among these, 25% engage in brown innovation, while 32% report green innovation. Government support is received by 23% of firms"
shah2026aitransform,quantitative,"AI capability effect on brown vs green innovation (with industry and region FE, Tables 5-6)",brown 0.0980 (p<0.05); green 0.930 (p<0.01),probit marginal effect,2019,14,AI Capability Index 0.202*** 0.0905** 0.233*** 0.0980** ... AI Capability Index 0.901*** 0.940*** 0.850*** 0.930***
shah2026aitransform,quantitative,"Brown innovation association with productivity (second stage, t to t+4)",0.345 (t); 0.380 (t+4),coefficient on log value added per employee (p<0.01; t+1 p<0.05),2019-2023,17,Brown innovation (t) 0.345*** 0.280** 0.386*** 0.338*** 0.380***
shah2026aitransform,quantitative,"Four-year productivity growth: green vs brown innovation (full controls, Table 10)",green 0.0294 (p<0.1); brown 0.110 (n.s.),coefficient on 4-year change in log value added per employee,2019-2023,20,"innovation is consistently and positively related to long-term growth in both productivity and revenue, whereas brown innovation is not statistically associated with growth once controls and fixed effects are included."
shah2026aitransform,quantitative,Marginal effect of AI Capability Index on subsequent AI adoption (Table 11),0.53-0.56,probit marginal effect (p<0.01),2020-2023,20,"Across specifications, the marginal effect of AI capabilities on the adoption probability is large and highly significant (approximately 0.53–0.56, p < 0.01)."
shah2026aitransform,qualitative,Non-causal design statement,associational (two-stage CDM-inspired with predicted innovation probabilities),qualitative,,13,"While it does not provide causal identification, the use of predicted innovation probabilities helps mitigate concerns related to simultaneity and selection"
shah2026aitransform,qualitative,Authors' interpretation of the adoption rate (not a census of AI uptake),"path dependence among observable adopters, not population-wide diffusion",qualitative,2020-2023,23,our adoption analysis is more informative about patterns of path dependence among observable adopters than about the full population-wide diffusion of AI.
shah2026aitransform,quantitative,Reliability of AI Capability Index pillars (Table A1),"Cronbach alpha 0.743 (tangible, 21 items), 0.640 (human, 11 items), 0.613 (intangible, 10 items)","alpha; variance explained 17.3%, 23.9%, 25.4%",2019,24,Tangible Source of knowledge 21 3.63 17.3 0.743 Human Source of knowledge 11 2.62 23.9 0.640 Intangible Source of knowledge 10 2.54 25.4 0.613
montresor2023twin,quantitative,Share of Italian firms investing in the AI application area,4.8,% of firms (weighted),2016-2018,p.12-13 (Figure 2),"With less than 5% of italian firms investing in technologies in the areas of application of AI, these technologies appears instead quite exclusive"
montresor2023twin,quantitative,Share of firms investing in internet-based technologies,51,% of firms (weighted),2016-2018,p.12,investments in internet-based technologies are present in more than half of the sampled firms (51%)
montresor2023twin,quantitative,Size gap in AI-area investment (large vs micro / small),11x / 5x,ratio of probabilities,2016-2018,p.12,the probability that a large firm declares an investment is 11 larger than that of a micro firm and 5 times that of a small firm
montresor2023twin,quantitative,AME of AI-area investment on probability of eco-innovation,7.6,percentage points,2016-2018,"p.16 (Table 3, p.17)","On average, firms investing in AI have a probability of eco-innovating 7.6 percentage points (p.p.) higher than that of firms not investing in AI"
montresor2023twin,quantitative,Share of firms introducing eco-innovation,13.9,% of firms (weighted),2018,p.11,the share of firms declaring an Eco-action is much larger than that of firms introducing Eco-innovation (67.5% versus 13.9%)
cirillo2023digital,quantitative,Effect of I4.0 investment on labour productivity (Diff-in-Diff FE),5,% (coef. 0.051**),2015-2018,"PDF p.12 (journal p.169), Table 2 p.11",digital investments increase by 5% labour productivity
cirillo2023digital,quantitative,Effect of I4.0 investment on sales per employee,4,%,2015-2018,PDF p.12 (journal p.169),"The latter increased, on average, by 4% due to the adoption of new enabling technologies."
cirillo2023digital,quantitative,Productivity effect for firms with fewer than 50 employees (none for larger),6,%,2015-2018,PDF p.13 (journal p.170),"In the short-run SMEs register a 6% increase in labour productivity, whereas no effects are detected among larger companies."
cirillo2023digital,quantitative,"Share of firms investing in I4.0 technologies (cross-section, weighted)",36.9,% of firms (mean 0.369),2015-2017,"PDF p.28 (journal p.185), Table A1","Total 0.391 0.488 2291 0.369 0.483 14,031"
cirillo2023digital,quantitative,I4.0 investment incidence in South vs North-East,25.8 vs 41.7,% of firms (cross-section),2015-2017,"PDF p.28 (journal p.185), Table A1",North East 0.418 0.494 713 0.417 0.493 3718 ... South 0.252 0.435 339 0.258 0.438 3498
cirillo2023digital,quantitative,"I4.0 investment incidence, Mechanics",51.7,% of firms (cross-section),2015-2017,"PDF p.28 (journal p.185), Table A1",Mechanics et al 0.592 0.493 245 0.517 0.500 1415
cirillo2023digital,quantitative,Diff-in-Diff effect on labour productivity in industry subsample,0.047,"coefficient (log points), significant at 10%",2015-2018,"PDF p.30 (journal p.187), Table A5","Ind 4.0*year 2018 0.047* [Industry, DIFF-FE]; services 0.037 not significant"
bettiol2024productivity,quantitative,Labour productivity premium of I4.0 adoption (two-way FE DiD),7.4,%,2010-2017,PDF p.10 (journal p.1457),"we estimate that, on average, new technology adoption increases MSMEs' labor productivity by about 7.4%."
bettiol2024productivity,quantitative,Productivity effect in adoption year and one year after,5.8 / 6.1,%,2010-2017,PDF p.10 (journal p.1457),firms adopting a new technology experience an increase in labor productivity not only during the adoption year (by about 5.8%) but also 1 year after it (by about 6.1%).
bettiol2024productivity,quantitative,Adopters among sample,79 of 907,firms,2010-2017,PDF p.7 (journal p.1454),"Overall, the sample includes 79 MSMEs that have adopted at least one Industry 4.0 technology during the period 2010-2017"
bettiol2024productivity,quantitative,Adopters reporting lack of in-house expertise as difficulty,87.30,% of adopters (n=63),2017,"PDF p.11 (journal p.1458), Table 2",Lack of in-house expertise ... 87.30 ... Percentage values and statistical testing are based on 63 (out of 79) adopters
bettiol2024productivity,quantitative,Adopters reporting limited financial resources as difficulty,85.71,% of adopters (n=63),2017,"PDF p.11 (journal p.1458), Table 2",Limited financial resources to support the investment ... 85.71
bettiol2024productivity,quantitative,PSM robustness range of productivity premium,6.3-7.5,%,2010-2017,PDF p.12 (journal p.1459),"we estimate a premium for adopters ranging between 6.3% and 7.5%, depending on the estimated specification"
bettiol2024productivity,quantitative,Number of technologies and productivity (inverted U),peak at 2; negative from 6,number of technologies,2010-2017,PDF p.14 (journal p.1461),"we estimate a peak at two technologies, and the labor productivity returns of technology adoption become negative for firms adopting six or more technologies."
bettiol2021districts,quantitative,Share of respondents adopting at least one I4.0 technology,14.7,"% of firms (206 of 1,400)",2017,PDF p.5 (journal p.16),"We collected responses from 1,400 firms (with an acceptable response rate of 17.5%), with 206 (14.7% of the sample) adopting at least one of the Industry 4.0 technologies investigated."
bettiol2021districts,quantitative,Adoption rate among industrial district firms,7.8,% of district firms (25 of 321),2017,PDF p.6 (journal p.17),"In our sample, 321 firms out of 1,400 (22.9%) are located in a district. Within this group only 25 (7.8% of the district firms sub-sample) adopted at least one technology."
bettiol2021districts,quantitative,"Big data and cloud adoption among adopters, district vs matched non-district",50 vs 15,% of adopters (n=20 vs 20),2017,"PDF p.7 (journal p.18), Table 1",Big data and cloud 50 15 **
bettiol2021districts,quantitative,"Efficiency seeking as adoption motivation, district vs non-district",42.9 vs 73.3,% of adopters,2017,"PDF p.8 (journal p.19), Table 2",non-ID firms are far more likely to be driven by efficiency-seeking purposes (73.3% vs 42.9%)
bettiol2021districts,quantitative,"Productivity improvement reported as result, non-district vs district",80.0 vs 28.6,% of adopters (self-reported),2017,"PDF p.9 (journal p.20), Table 3","productivity improvements, which is a result achieved by the vast majority of non-ID firms (80.0%), yet a minority of ID firms (28.6%)"
cefis2025i40plan,quantitative,Headline effect of Industry 4.0 Plan incentives on labour productivity (abstract and Table 3),0.0398,"DiD coefficient on IHS value added per employee (about +3.9 per cent), p<0.01",2018-2019,20,Treatment x post treatment period 0.0398*** (0.0021)
cefis2025i40plan,quantitative,Headline effect in words,3.9,"per cent increase in labour productivity, short run",2018-2019,4,Exploiting at least one II4.0 Plan incentive increases labour productivity in the short run by about 3.9%.
cefis2025i40plan,quantitative,Data source and population,1477875,firms in AIDA with at least one known value 2011-2019,2011-2019,9,The population of Italian firms that registered at least one known value between 2011 and 2019 in AIDA counts 1′477′875 firms.
cefis2025i40plan,quantitative,Analysis dataset after exclusions,395394,firms (unbalanced panel),2011-2019,9,"The resulting dataset counts 395′394 firms, but the panel is strongly unbalanced."
cefis2025i40plan,qualitative,Treatment identification (hyper depreciation) from financial statements,,,2016-2017,11,The third constraint of the system (the variation between 2017 and 2016 of the ratio between the balance sheet's voice for depreciation and that for tangible assets) detects a change in the depreciation rate that is more than proportional
cefis2025i40plan,quantitative,"Share of treated firms by incentive, pre-PSM sample (Table 1)",hyper+super depreciation 12.85%; credit for innovation 2.40%; R&D tax credit 5.72%; patent box 0.53%; total 19.39%,per cent of firms,2018,15,Baseline approach 12.85% 2.40% 5.72% 0.53% 19.39%
cefis2025i40plan,quantitative,Number of treated firms identified,71904,firms using at least one incentive,2018,16,"We identify 71,904 firms in 2018 that utilised at least one incentive."
cefis2025i40plan,qualitative,Profile of beneficiaries (selection),"larger, more productive, higher R&D; micro firms less likely to be treated",qualitative,2011-2019,16,"they are larger in total sales and number of employees, are more productive and spend more on R&D, even being similar in terms of age profiles. Most saliently, beneficiaries of the Plan appear structurally different"
cefis2025i40plan,quantitative,Treated units after PSM,57429,firms,2018,16,"Consequently, after the PSM, we are left with 57,429 treated units."
cefis2025i40plan,quantitative,"Effect by size class (Table 4, all p<0.01)",micro 0.0491; small 0.0291; medium 0.0255; large 0.0504,DiD coefficient on IHS labour productivity,2018-2019,21,Treatment x post treatment period 0.0491*** (0.00341) 0.0291*** (0.0027) 0.0255*** (0.00539) 0.0504*** (0.0122)
cefis2025i40plan,quantitative,Effect by size class in words,micro and large firms about 4.8-5 per cent,per cent,2018-2019,17,"Surprisingly, the effect on micro firms (0.049) is statistically larger than the effect on small (0.029) and medium firms, and it is not statistically different from the impact on large firms (0.050)."
cefis2025i40plan,quantitative,Effect by manufacturing technology intensity (Table 5),high-tech manufacturing 0.0254***; low-tech manufacturing 0.0345***,DiD coefficient on IHS labour productivity,2018-2019,22,Treatment x post treatment period 0.0254*** (0.0061) 0.0345*** (0.00353)
cefis2025i40plan,quantitative,Effect by services knowledge intensity (Table 5),high KIS 0.0510***; market KIS 0.0200***; financial KIS -0.0139 n.s.; low KIS 0.0453***,DiD coefficient on IHS labour productivity,2018-2019,21,"As for services sectors, the effect is not statistically significant only for financial KIS, whereas it is stronger for low (0.045) and high KIS (0.051)."
cefis2025i40plan,quantitative,Manufacturing sub-samples (Table 5),"high-tech 9,521 firms / 81,254 obs; low-tech 26,130 firms / 217,422 obs",firms / firm-years,2011-2019,22,"Observations 81,254 217,422 42,361 77,885 6090 507,586 Number of tax_code 9521 26,130 5352 9727 794 64,486"
cefis2025i40plan,quantitative,"Effect by incentive, firms using only that incentive (Table 6)",hyper+super depreciation 0.0497***; credit for innovation 0.0485***; R&D tax credit 0.00854*; patent box -0.00477 n.s.,DiD coefficient on IHS labour productivity,2018-2019,22,only those incentives concerning the direct financing of tangible and intangible investments in Industry 4.0 technologies (hyper and super depreciation with β = 0.0497 and credit on innovation with β = 0.0485) seem to pay off in the short run
cefis2025i40plan,quantitative,Placebo test (treatment moved to 2012 or 2013),"0.00192 and 0.000498, not significant",DiD coefficient,2013-2014,22,"In Table 7, the Diff-in-Diffs coefficient becomes statistically not significant, supporting the parallel trend assumption."
cefis2025i40plan,quantitative,Robustness: peak-detection identification of treated firms,"26,255 treated firms; effect about 4.6 per cent",firms / per cent,2018-2019,23,"Before performing the PSM, we identify 26,255 treated firms in 2018 with the peak detection approach."
cefis2025i40plan,quantitative,Robustness: control group restricted to firms investing in other technologies,1.1,per cent productivity increase vs investing non-beneficiaries,2018-2019,25,we find that the policy increased the productivity of treated firms by 1.1% with respect to firms investing in technologies other than the digital ones identified by the II4.0 Plan.
cefis2025i40plan,qualitative,Policy assessment: horizontal design and reach to SMEs,,,,27,"it only further facilitated the digital transformation of firms that were already ready for it, failing to foster a transformation in the small and medium firms that are the primary target"
cefis2025i40plan,quantitative,Limitation: post-treatment window,2,years after policy,2018-2019,28,"the time horizon after introducing the policy considered in this study is only two years, while the integration of digital technologies may require a more extended period to affect labour productivity significantly."
serafini2025s3,quantitative,Overall dynamic effect of ERDF funding on value added (DR estimator),0.197,approx. log change,2014-2020,"PDF p.15 (journal p.941), Table 5",VA Unbalanced 0.197** 0.150** 0.120 0.304** 0.213
serafini2025s3,quantitative,Overall dynamic effect on labour productivity / employment,0.089 / 0.019,approx. log change,2014-2020,PDF p.15 (journal p.941),"The latter variable exhibits a larger effect (0.089) with respect to employment (0.019), although less sizeable than the one obtained for VA."
serafini2025s3,quantitative,Effect of S3I4 projects on value added (OR estimator),0.430,approx. log change,2014-2020,"PDF p.20 (journal p.946), Table 7","A significant overall dynamic effect of 0.430 is obtained, and positive and significant impacts are also evident along the event study"
serafini2025s3,quantitative,Effect on value added by macro-area: North vs Centre vs Mezzogiorno,0.360 vs -0.036 vs 0.103 (only North significant),approx. log change,2014-2020,"PDF p.17 (journal p.943), Table 6",North Unbalanced 0.360** ... Centre Unbalanced -0.036 ... Mezzogiorno Unbalanced 0.103
serafini2025s3,quantitative,"Effect on value added, Industry macro-sector",0.232,approx. log change,2014-2020,PDF p.18 (journal p.944),"The initial findings indicate an overall dynamic effect of 0.232, further enhanced in the balanced analysis, where it rises to 0.260"
serafini2025s3,quantitative,Share of manufacturing projects that are S3I4,20.8,% of projects,2014-2020,PDF p.9 (journal p.935),"particularly evident in the manufacturing activity, where 20.8% of projects are linked to S3I4"
serafini2025s3,quantitative,Share of S3I4 projects in Mezzogiorno,3.9,% of projects,2014-2020,PDF p.8 (journal p.934),"The Mezzogiorno, with just 3.9% of its projects being S3I4, highlights less integration of these technological enhancing initiatives."
cucculelli2022family,quantitative,Share of firms that have already adopted a 4.0 business model,3.2,% of firms (mean of dummy 0.032),2019,"14 (journal p. 226), Table 2","Table 2 Summary statistics: 4.0BM Adoption, Obs 2994, Mean 0.032, SD 0.175, Min 0, Max 1"
cucculelli2022family,quantitative,Share of firms planning a 4.0 business model / with no propensity,6.8 / 90.0,% of firms (means 0.068 / 0.900),2019,"14 (journal p. 226), Table 2",Table 2 Summary statistics: 4.0BM No-propensity 2994 0.900 ... 4.0BM Planning 2994 0.068
cucculelli2022family,quantitative,Survey sample,3000,Italian manufacturing firms with >=5 employees,2019,10 (journal p. 222),Our data source is a survey carried out by the Italian Union of Chambers of Commerce in mid-2019 on a sample of 3000 Italian manufacturing firms with at least five employees.
cucculelli2022family,quantitative,"Share of family-owned, family-managed firms in sample",78.3,% of firms,2019,14 (journal p. 226),"Family-owned firms run by family members represent the vast majority of the total (78.3%), whereas the share of family firms run by external managers is much lower (4.1%)."
cucculelli2022family,quantitative,Marginal effect of family management (vs external managers within family firms) on probability of 4.0 business model adoption,-0.017,"marginal effect at mean (probability), p<0.1",2019,"17 (journal p. 229), Table 4 col. 4",Family-owned FM ... -0.018 (0.022) -0.017* (0.010)
cucculelli2022family,quantitative,Marginal effect of family ownership with external managers (vs non-family firms) on probability of adoption,0.028,"marginal effect at mean (probability), p<0.05",2019,"17 (journal p. 229), Table 4 col. 2",Family-owned EM 0.048** 0.028** (0.022) (0.013)
cucculelli2022family,quantitative,Marginal effect of interaction family management x public institutions x university (Triple Helix) on adoption,0.025,"marginal effect at mean (probability), p<0.1",2019,"17 (journal p. 229), Table 4 col. 8",Family-owned FM*Public institutions*University 0.039 0.025* (0.030) (0.015)
cucculelli2022family,quantitative,Marginal effect of exporting on adoption (family-management model),0.021,"marginal effect at mean (probability), p<0.01",2019,"17 (journal p. 229), Table 4 col. 4",Export -0.025 0.036** 0.007 0.021***
neirotti2026family,quantitative,Share of firms investing in at least one I4.0 digital technology 2015-2017 (information DTs / robotics),14 (11 / 5),"% of firms, weighted",2015-2017,7 (article p. 6),"14 % of firms invested in at least one I4.0 DT between 2015 and 2017, while 11 % and 5 % adopted information I4.0 DTs and robotics, respectively, indicating that Italian businesses are still poorly digitalised."
neirotti2026family,quantitative,"I4.0 DT adoption propensity, family-managed vs non-family-managed firms",13.5 vs 18,% of firms,2015-2017,7 (article p. 6),"Firms with family management are slightly less present in international markets (28.7 % vs 31 %), ... and show a weaker propensity to adopt I4.0 DTs (13.5 % vs 18 %)."
neirotti2026family,quantitative,"Gap in information I4.0 DTs adoption, family vs non-family management",10 vs 15,% of firms,2015-2017,7 (article p. 6),"Such a divide in digital propensity suffered by firms with family management is entirely due to information I4.0 DTs (10 % vs 15 %), while investments in robotics are higher for firms run by family managers."
neirotti2026family,quantitative,Effect of I4.0 DT adoption on log of foreign sales per employee (matched DiD with FE),72 (24 per year),% increase,2018,8 (article p. 7),"We observe that the I4.0 DTs adoption leads to a rise in the log of sales from foreign markets by 72 %, with an average increase of 24 % annually (column 1)."
neirotti2026family,quantitative,Effect of information I4.0 DTs on foreign sales per employee; robotics not significant,46 (18 per year),% increase,2018,8 (article p. 7),Estimates associated with information I4.0 DTs are lower in magnitude (+46 %) and equal to a rise of 18 % yearly (column 2).
neirotti2026family,quantitative,Differential effect of I4.0 DT adoption in family-managed firms (triple DiD),-31,% yearly change in foreign sales per capita vs externally managed adopters,2018,8 (article p. 7),firms with family management adopting at least one I4.0 DT experienced a reduction of the sales per capita by 31 % yearly compared to firms run by managers external to the family
neirotti2026family,quantitative,Share of firms with family management in sample,90.5,"% of firms (mean 0.905), weighted",2010-2018 pooled,"7 (article p. 6), Table 1",Table 1 Descriptive statistics on the whole sample: Family management 8562 0.905 0.294 0 1
cugno2021barriers,quantitative,Share of Piedmont local manufacturing units adopting at least one I4.0 technology,28.9,% of 1732 surveyed local units,2019,10,This produced a sample of 500 local manufacturing units (28.9% of the original 1732 local units). This percentage is above the national average of Italian firms in the industrial and service sectors
cugno2021barriers,quantitative,Comparison: I4.0 implementation Piedmont vs Italy (MISE),28.9 vs 8.4,% of firms,2017-2019,2,"has a high degree of Industry 4.0 technology implementation in manufacturing compared to the Italian average - 28.9% in Piedmont against 8.4% in Italy (MISE, 2018)."
cugno2021barriers,quantitative,Effect of openness to I4.0 on perceived performance (H1),0.148,"path coefficient (OLS path analysis), p<0.001",2019,14,"The empirical results show a positive and significant relationship between these two factors (ß = 0.148, t = 5.788, p < 0.001). Hence, H1 is accepted."
cugno2021barriers,quantitative,Effect of openness to I4.0 on perceived system-condition barriers (H2d),0.075,"path coefficient, p<0.001",2019,14,"The results show a positive and significant relationship (ß = 0.075, t = 5.555, p < 0.001). Hence, is find evidence to accept H2d."
cugno2021barriers,quantitative,Effect of number of incentives adopted on perceived performance (H5),0.175,path coefficient (reported p<0.1),2019,14,"The empirical analysis shows a positive and significant relationship (ß = 0.175, t = 5.057, p < 0.1). Therefore, evidence is found to accept H5."
cugno2021barriers,quantitative,Effect of economic-financial barriers on incentive adoption (H6b),-0.266,path coefficient (reported p<0.1),2019,14,"The empirical analysis shows a negative and significant relationship (ß = -0.266, t = -2.461, p < 0.1). Hence, H6b is rejected."
cugno2021barriers,quantitative,Most influential barriers per qualitative analysis,"cultural B1, B10, B11, B12; economic-financial B4, B5",barrier codes,2019,14,"The barriers considered most influential were cultural, namely B1 (inadequate information on the potential offered by 4.0 technologies), B10 (organizational resistance) and B11 (perception that the business sector of operation does not need investment in Industry 4.0)"
buchi2020smartfactory,quantitative,Share of Piedmont local manufacturing units adopting I4.0 (at least one pillar),15,% of local units,2018,6,"Of all the local manufacturing units surveyed, 15% have pursued adoption, measured in terms of the application of at least one pillar of 4.0-enabling technologies."
buchi2020smartfactory,quantitative,Comparison with Italian regional average and Germany,8 (Italy avg region); 25 (Germany),% adoption,2018,6-7,"it is higher than the average Italian region, or 8% (Ministero dello Sviluppo Economico, 2018). The Piedmont local manufacturing units' adoption of Industry 4.0 still highlights a gap with Germany's national average, or a 25% adoption rate (BCG, 2018)."
buchi2020smartfactory,quantitative,Average breadth and depth among adopters,2.7 pillars; 0.8 value-chain stages,mean,2018,6,"only 231 local units have adopted one or more pillars ... On average, 2.7 pillars have been adopted (breadth), and they have been introduced in 0.8 stages in the value chain (depth)."
buchi2020smartfactory,quantitative,I4.0 adoption by size class (micro 2-10 / small 10-50 / medium 50-250 / large 250+),5.0 / 13.6 / 32.6 / 38.9,% of local units,2018,"7, Table 3",Table 3: Micro [2-10] 422 5.0 1.8 0.7; Small [10-50] 631 13.6 2.2 0.5; Medium [50-250] 224 32.6 3.2 1; Large [250+] 54 38.9 4.3 1.5; Total 1331 15.1
buchi2020smartfactory,quantitative,Effect of breadth and depth on perceived opportunities (model 2 with controls),BREADTH 0.124; DEPTH 0.192,"OLS coefficients, n=231",2018,"8, Table 4",BREADTH 0.372 0.034 *** 0.124 0.035 ** ... DEPTH 0.175 0.081 * 0.192 0.064 *
dottori2021robots,quantitative,Italy rank in European operational robot stock,2,rank (after Germany),1990s-2016,7-8 (QEF pp. 5-6),"Italy has been steadily ranked second after Germany among European countries since the early 1990s for operational stock of robots (IFR, 2018)."
dottori2021robots,quantitative,"IV effect of robot exposure on local manufacturing employment growth, preferred specification",-2.2,"coefficient, not significant",1991-2016,22 (QEF p. 20),"after including both these covariates as in the preferred specification (col. 3), the coefficient scores at -2.2, but it is no longer significant at conventional levels."
dottori2021robots,quantitative,Effect on days worked by incumbent manufacturing workers (75th vs 25th percentile of exposure),93,"additional days over 23 years (4.0 days/year, 1.3% of working days)",1994-2016,25 (QEF p. 23),This implies that a worker at the 75th percentile of the robot exposure distribution was employed for 93 days more than one at the 25th percentile
dottori2021robots,quantitative,"Wage effect at original firm, 90th vs 10th percentile of exposure",1.77,% wage increase,1994-2016,26 (QEF p. 24),Comparing workers at 90th and 10th percentiles of the robot exposure distribution the positive effect on wages at the original firm is 1.77% (1.05% the interquartile effect)
dottori2021robots,qualitative,Share of decline in manufacturing share of new entrants explained by robot exposure,about one fifth,share of observed decrease,1993-2016,29 (QEF p. 27),the robot exposure is accountable for about one fifth of the observed decrease in the likelihood of entering manufacturing.
dottori2021robots,quantitative,Descriptive correlation: sectoral employment change per additional robot per 1000 workers,-0.5,% employment change 1991-2016 (nearly),1991-2016,20 (QEF p. 18),"For an additional robot every 1000 workers, employment in the sector decreased on average by nearly 0.5 per cent between 1991 and 2016"
leoni2022aikm,quantitative,Usable responses and response rate,120 (11%),firms; response rate,,6,"after discarding incomplete questionnaires, we obtained 120 useful questionnaires, which yielded a response rate of 11%"
leoni2022aikm,quantitative,"Effect of AI adoption on knowledge management processes (H1, PLS-SEM)",0.4812,"path coefficient (t=6.0618, p<0.01 per table note; 95% CI 0.300-0.683)",,13,AI→KMPs (H1) 0.4812 0.0736 6.0618*** [0.300; 0.683] H1 Supported
leoni2022aikm,quantitative,"Direct effect of AI on manufacturing firm performance (H2, rejected)",0.0063,"path coefficient, not significant",,13,AI→MF (H2) 0.0063 0.0792 0.0787 n.s ... H2 Rejected
leoni2022aikm,quantitative,Indirect effect AI -> KMPs -> firm performance and AI -> KMPs -> supply chain resilience,0.29; 0.30,beta (p<0.01),,13,we obtained a beta coefficient equal to 0.29 (p < 0.01) for the relationship AI- KMPs-MFP and a beta coefficient equal to 0.30 (p < 0.01) for the relationship AI- KMPs-SCR.
leoni2022aikm,quantitative,Firm size effect on AI adoption maturity (control),0.26,"beta (p<0.01 in text; table reports 0.2625, t=2.63, ** = p<0.05 per table note)",,12,"the results indicate a difference regarding the maturity of AI adoption based on firm size (β = 0.26, p < 0.01), implying that, the larger a firm is, the more advanced its AI"
leoni2022aikm,quantitative,Share of respondents in machinery and equipment sector,40.83,% of respondents (49 firms); metal products 21.67% (26 firms),,7,Machinery and equipment 49 40.83% Metal products and metallurgy 26 21.67%
leoni2022aikm,quantitative,Sampling frame and respondent type,"1,096 Italian manufacturing firms randomly selected; senior executives as single informants",qualitative,,6,"We randomly selected 1,096 Italian manufacturing firms. A pilot study undertaken by the authors with some firms has revealed that their senior executives can influence initiatives related to AI adoption"
leoni2022aikm,qualitative,Operationalisation of AI adoption (proxy via specific AI tools),level of adoption of a list of specific AI tools,qualitative,,8,"participants were asked to choose the level of adoption from a list of specific AI tools derived from a review of previous literature on AI tools already used in KM, SC and manufacturing performance domains."
leoni2022aikm,qualitative,AI tools listed in the questionnaire (Table A1),"machine learning, neural network, deep learning, computer vision, NLP, cognitive computing, predictive analytics, RPA, semantic search",qualitative,,27,"In our firm we adopt AI tools based on ""machine learning"" technology In our firm we adopt AI tools based on ""neural network"" technology In our firm we adopt AI tools based on ""deep learning"" technology"
leoni2022aikm,quantitative,Mean adoption scores of AI items (Table 4; very low average adoption),AI1 (ML) 0.875; AI3 (deep learning) 0.975; AI4 (computer vision) 0.700; AI7 (predictive analytics) 0.220,"mean item score (SD 1.42, 1.70, 1.34, 1.76)",,11,AI1 0.8750 1.4234 0.7734*** AI2 0.3000 0.9402 0.6805 Ψ AI3 0.9750 1.6975 0.7500*** AI4 0.7000 1.3385 0.7494***
leoni2022aikm,quantitative,"Firm size distribution of respondents (Table 1, employees)","0-50: 17.32%; 51-100: 11.81%; 101-250: 17.32%; 251-500: 14.96%; 501-1,000: 12.60%; >1,000: 25.98%","% of respondents (counts sum to 127, not 120)",,7,"Number of employees 0–50 22 17.32% 51–100 15 11.81% 101–250 22 17.32% 251–500 19 14.96% 501–1,000 16 12.60% þ1,000 33 25.98%"
leoni2022aikm,quantitative,Effect of KMPs on firm performance (H4) and on supply chain resilience (H5),0.5105; 0.6278,"path coefficients (t=3.64 and t=8.10, p<0.01)",,13,KMPs→MFP (H4) 0.5105 0.1217 3.6411*** [0.461; 0.930] H4 Supported KMPs→SCR (H5) 0.6278 0.0817 8.1041*** [0.598; 0.9016] H5 Supported
leoni2022aikm,quantitative,Explained variance of endogenous constructs (Table 7),KMPs R2 0.2315; SCR R2 0.4080; MFP R2 0.3822,R2,,12,KMPs 0.2315 0.2250 0.3013 SCR 0.4080 0.3979 0.0006–0.5116 MFP 0.3822 0.3662 0.0208–0.2144
leoni2022aikm,qualitative,Sample bias towards large firms (authors' limitation),average respondent size larger than national average; results potentially more positive than reality,qualitative,,15,"the average size of companies in our sample of respondents is larger than the national average; therefore, the results reported in this paper potentially tend to be more positive than the actual situation"
leoni2022aikm,quantitative,"Performance measure (self-reported, perceptual)","sales, operating margin, ROI, customer satisfaction, productivity and efficiency, reactivity and flexibility (5-point Likert)",qualitative,,27,Sales Operating margin Return on investments Customer satisfaction Productivity and efficiency Reactivity and flexibility
forgione2023regional,quantitative,Sample of firms observed,2609,"firms (6,274 firm-year observations), 2016-2019",2016-2019,2,"Using a sample of 2609 firms observed during the period 2016-2019, we estimate technical efficiency scores by applying a one-step stochastic frontier analysis."
forgione2023regional,qualitative,I4.0 adoption and regional efficiency gap (qualitative result),partial mitigation of South-rest of Italy gap,direction of effect,2016-2019,2,"The adoption of new technologies partially mitigates the Italian regional efficiency gap, bridging the distance between Southern Italy and the rest of Italy."
forgione2023regional,quantitative,Data source and population,"Bank of Italy Invind survey via BIRD; manufacturing firms >= 20 employees; 2608 firms, 6274 observations",description,2016-2019,6,"this survey is the first to report information regarding Industry 4.0 investments for 2608 manufacturing firms (with at least 20 employees) over 3 years, for a total of 6274 observations."
forgione2023regional,quantitative,Operationalisation of Industry 4.0 investment (includes AI within the bundle),Tech: 5 classes of I4.0 share of total investment; I4.0 defined per National Industry 4.0 plan,definition,2016-2019,6,"for the technological and digital transformation of their production processes', such as artificial intelligence and big data, Internet of Things, industrial robotics, and 3D printing."
forgione2023regional,quantitative,"Share of firms with no Industry 4.0 investment, all Italy (pooled 2016-2019)",43.88,per cent of firm-year observations,2016-2019,6,"on average, almost 43.88% of the interviewed firms do not implement investments in Industry 4.0, including 58.12% of the firms located in the south."
forgione2023regional,quantitative,"Share of firms with no Industry 4.0 investment, South (pooled 2016-2019)",58.12,per cent of firm-year observations in the South,2016-2019,8,"South 1,181 (58.12%) 359 (17.67%) 181 (8.91%) 92 (4.53%) 219 (10.78%) 2,032"
forgione2023regional,quantitative,"Share of firms with no Industry 4.0 investment, Northwest (pooled 2016-2019)",35.6,per cent of firm-year observations in the Northwest,2016-2019,8,"NW 497 (35.60%) 429 (30.73%) 220 (15.76%) 96 (6.88%) 154 (11.03%) 1,396"
forgione2023regional,quantitative,"Share of firms with no Industry 4.0 investment, Northeast (pooled 2016-2019)",30.41,per cent of firm-year observations in the Northeast,2016-2019,8,"NE 416 (30.41%) 461 (33.70&) 229 (16.74%) 128 (9.36%) 134 (9.80%) 1,368"
forgione2023regional,quantitative,"Share of firms with no Industry 4.0 investment, Centre (pooled 2016-2019)",44.59,per cent of firm-year observations in the Centre,2016-2019,8,"Centre 659 (44.59%) 387 (26.18%) 198 (13.40%) 95 (6.43%) 139 (9.40%) 1,478"
forgione2023regional,quantitative,Share of firms investing less than 5% of total investment in I4.0,26.08,per cent of firm-year observations,2016-2019,6,"Similarly, about 26.08% of the companies implement Industry 4.0 investment using less than 5% of their total investment expenditures."
forgione2023regional,quantitative,"Share of firms investing more than 40% of total investment in I4.0, all Italy",10.3,per cent of firm-year observations,2016-2019,8,"Total 2,753 (43.88%) 1,636 (26.08%) 828 (13.20%) 411 (6.55%) 646 (10.30%) 6,274"
forgione2023regional,quantitative,Bank of Italy survey context: use of tax incentives and intensity of I4.0 investment,"more than 50% used tax incentives; of the 56% investing in new technology, only 29% invest more than 5%; average I4.0 share about 15%",per cent of firms (Bank of Italy survey 2016-2019),2016-2019,6,"of the 56% of companies undertaking new technology investments, only 29% invests in I4.0 more than 5% of the firm's total annual investments. The average value of new tech investments was estimated to account for about 15%"
forgione2023regional,quantitative,Growth of I4.0-investing firms in the South over the period,32,per cent variation 2016-2019,2016-2019,6,whereas the number of firms in Southern Italy investing in I4.0 increases over time for a total percentage variation of 32% over the four years.
forgione2023regional,quantitative,"Share of non-investing firms in 2019 by macro-region (Table 7: South 52.99%, Centre 44.81%, NW 42.00%, NE 33.91%)",about 53% South vs 42% Northwest and 34% Northeast,"per cent of firms in Tech class 1, 2019",2019,7,the investment gap with respect to industry in advanced areas remains stable and significant at about 53% in the south versus 42% for Northwest and almost 34% for Northeast Italy.
forgione2023regional,quantitative,"Regional inefficiency gap, South vs Northwest (SFA)",about 50% higher inefficiency,"per cent, one-step SFA inefficiency term",2016-2019,16,"on average, they produce at a rate of inefficiency approximately 50 percent higher than that of the regional reference"
forgione2023regional,quantitative,Efficiency effect of I4.0 investment share above 5% (all firms),-24,per cent change in technical inefficiency vs non-investing firms,2016-2019,16,"Industry 4.0 investments grant a firm a higher level of efficiency when their share exceeds the 5% threshold, reducing technical inefficiency by about 24% compared to firms that do not invest in new technologies."
forgione2023regional,quantitative,Efficiency effect of I4.0 investment share above 40% (all firms),-49,per cent change in technical inefficiency vs non-investing firms,2016-2019,16,The catching-up effect is doubled (to 49%) when the share of innovative investments becomes relatively significant (above 40%)
forgione2023regional,quantitative,Efficiency gains of Southern firms with a minor I4.0 share vs non-investing Northwest firms,about 50%,"per cent reduction in inefficiency, interaction terms",2016-2019,17,even factories with a minor share of I4.0 investments achieve about 50% efficiency gains when compared to the reference (non-investing firms in Northwest Italy).
forgione2023regional,quantitative,Efficiency gains of Southern firms with 20-40% I4.0 share vs non-investing Northwest firms,about 125%,"per cent reduction in inefficiency, interaction terms",2016-2019,17,"When the investment share is in the range of 20% to 40%, the efficiency improvement is approximately about 125%."
forgione2023regional,qualitative,No efficiency return from I4.0 in Northeast and Centre (short run),no significant gain; high shares associated with increased inefficiency in Northeast,qualitative,2016-2019,16,"Manufacturing firms located in this developed region of Italy do not benefit from I4.0 investments in terms of productivity; rather, high I4.0 investment shares are associated with increased inefficiency."
forgione2023regional,quantitative,"Average technical efficiency score, all firms (Table 9)",0.6617,"mean SFA efficiency score (0-1), 6,274 observations",2016-2019,18,"(Overall) 6,274 0.6617 0.2234 0.0037 0.9828"
forgione2023regional,quantitative,"Average technical efficiency score, Northwest (Table 9)",0.7238,"mean SFA efficiency score (0-1), 1,396 observations",2016-2019,18,"(Northwest) 1,396 0.7238 0.2005 0.0061 0.9712"
forgione2023regional,quantitative,"Average technical efficiency score, South (Table 9); Northeast 0.6946, Centre 0.6609",0.6016,"mean SFA efficiency score (0-1), 2,032 observations",2016-2019,18,"(South) 2,032 0.6016 0.2340 0.0037 0.9761"
forgione2023regional,quantitative,Size effect on efficiency,small firms operate with half the efficiency of large firms; medium 26% more inefficient,"per cent, SFA inefficiency term, large firms as benchmark (turnover classes)",2016-2019,17,"Small companies operate with half the technical efficiency of large companies, whereas medium-sized firms are 26% more inefficient than large firms."
forgione2023regional,quantitative,Value-added effect of I4.0 share above 40% (random effects robustness),7.7,per cent higher value added vs non-investing firms,2016-2019,18,"Industry 4.0 investments ameliorate firm profitability (7.7%) when their investment share surpasses the threshold of 40%; for investment levels under this threshold, such innovation is not associated with firm performance."
forgione2023regional,quantitative,"Value-added effect of I4.0 for Southern firms (interaction, random effects)",+12.67% (share up to 5%); +33.39% (share 20-40%),per cent vs non-investing Northwest firms,2016-2019,20,"Southern Italy firms with an investment share of up to 5% show an efficiency improvement of 12.67%, and companies investing in the range 20-40% present efficiency improvements that are 33.39% higher"
forgione2023regional,quantitative,Share of Southern sample firms that had not enabled I4.0 innovation 2016-2019,almost 60%,per cent of firms in the weak area,2016-2019,21,"we find that almost 60% of firms in the sample located in the weak area, between 2016 and 2019 had not enabled this innovation, thus widening the economic divide."
forgione2023regional,qualitative,Measurement limitation: intensity not level of investment; micro firms excluded,survey does not collect level of new technology investment; micro firms excluded,qualitative,2016-2019,21,"because the Bank of Italy survey does not collect data on the level of new technology investments, our investigation focuses on the intensity of expenditure in Industry 4.0 technologies."
bratta2020hyperdep,quantitative,Number of companies using hyper-depreciation in fiscal year 2017,7607,companies,2017,11 (WP p. 9),"In our integrated administrative dataset, 7,607 Italian companies used ""hyperdepreciation"" during fiscal year 2017, for a total amount of tax allowance equal to 384 million euro."
bratta2020hyperdep,quantitative,Estimated smart investments under 2017 hyper-depreciation (incl. undelivered orders),7.04,billion euros (3.77 from tax returns only; ex-ante government estimate 10),2017,12 (WP p. 10),"If we ascribe to 2017 this share of machinery orders not delivered in that year, the new estimate of the total amount of ""smart"" investments under the 2017 hyper-depreciation regime is then equal to 7.04 billion euros."
bratta2020hyperdep,quantitative,Manufacturing share of beneficiaries and of subsidised investment,56.1 / 82.6,% of beneficiaries / % of investment,2017,13 (WP p. 11),"the fiscal incentive was mainly used by manufacturing firms, which represent 56.1% of the beneficiaries, and account for 82.6% of the total amount of ""smart"" investments."
bratta2020hyperdep,quantitative,Share of beneficiary firms that had never invested in advanced digital technologies before,85,% of beneficiaries (ISTAT ICT subsample),2017,6 (WP p. 4),it emerges that around 85% of firms that benefitted from hyper-depreciation in 2017 had never invested in advanced digital technologies before.
bratta2020hyperdep,quantitative,Medium and large firms among beneficiaries vs population of limited liability companies,18.4 vs 2.7,% of firms,2017,13 (WP p. 11),"medium-sized and large firms are over-represented among those that invested in ""smart"" capital goods in 2017 (18.4% in the sub-population against 2.7% in the population)"
bratta2020hyperdep,quantitative,Regional concentration of subsidised investment (Lombardy / Veneto / Emilia-Romagna),33.2 / 17.5 / 15.6,% of investment,2017,15 (WP p. 13),"the highest shares of investments benefitting from hyperdepreciation are found in Northern Italy, with Lombardy (33.2%), Veneto (17.5%) and Emilia Romagna (15.6%) at the top of the ranking"
bratta2020hyperdep,quantitative,"Employment effect: additional growth in average monthly hires, treated vs PSM controls",3.0,"percentage points (treated hires +10.3%), Jan 2017-Mar 2019 vs 2016",2017-2019,24 (WP p. 22),"average monthly hirings accelerated by 10.3% over the period Jan. 2017 - March 2019 relative to year 2016, 3.0 percentage points more than the growth of average monthly hirings for exante similar firms"
bratta2020hyperdep,quantitative,"Ex-ante productivity premium of beneficiaries (log revenues per employee, with controls)",33.0,percentage points,2016,16 (WP p. 14),"firms that embraced digital innovation in 2017 were on average ex-ante more productive (+33.0 percentage points in terms of revenues per employee), more profitable (+3.8 p.p. in terms of return on investments)"
antonazzo2026skills,qualitative,Role of state incentives in skills development (qualitative),incentives support upgrading and upskilling but rarely new skill sets,qualitative finding,2022-2024,1,"Finally, while state incentives promote technological upgrades, adoption, and upskilling, they rarely lead to firms developing entirely new skill sets."
antonazzo2026skills,quantitative,"Sample: candidates, participating firms and interviewees",114 identified; 26 firms; 29 interviewees,firms / persons,2022,4,"From secondary sources, we identified 114 potential enterprises (selection criteria in Annex 1). Contacting them via emails and LinkedIn messages yielded 26 participating companies with 29 total interviewees"
antonazzo2026skills,quantitative,Fieldwork period and protocol,July to September 2022; 17 questions; 30-60 minute remote interviews,,2022,4,"Between July and September 2022, we conducted semi-structured interviews using a protocol developed from I4.0 literature and refined through expert consultation"
antonazzo2026skills,quantitative,Follow-up validation,"13 of 26 firms, August 2024",firms,2024,4,"A follow-up email consultation in August 2024 was conducted with 13 of the original 26 companies, with questions delivered and answered via email to validate emerging findings and collect additional data."
antonazzo2026skills,quantitative,Secondary figure cited: Industry 4.0 investment rate of Italian firms 2015-2017 by size (from Cirillo et al. 2023),40% overall; 33% small firms; 77% large firms,per cent of firms (secondary source),2015-2017,2,"Only 40% of Italian firms invested in I4.0 technology during 2015-2017, with adoption varying by size (from 33% of small firms to 77% of large firms)"
antonazzo2026skills,quantitative,Coding output,"22 first-order categories, 8 second-order themes, 2 aggregate dimensions",,2022-2024,7,"Overall, 22 first-order categories were produced, which were subsequently consolidated, by increasing abstraction, into 8 second-order themes and 2 aggregate dimensions"
antonazzo2026skills,qualitative,Skills framework (RQ1 of the paper),"three categories: social, technical, strategic, plus their integrations",qualitative,2022-2024,10,"(1) Social (e.g., communication, teamwork, emotional intelligence); (2) Technical (e.g., IT, coding, digital literacy); and (3) Strategic (e.g., management, entrepreneurship, abstract thinking, problem-solving)."
antonazzo2026skills,qualitative,Skills shortage as barrier (interview evidence),,qualitative,2022,7,"We need people with a higher level of education than before, and it is quite difficult to find them (Co4)."
antonazzo2026skills,qualitative,Data and analytics skills demand (interview evidence),,qualitative,2022,8,"Probably in the next few years more roles will be created dedicated to data analysis, because now we are in a moment where we have a lot of data, but they need validated."
antonazzo2026skills,qualitative,Additionality of state incentives (interview evidence),mostly subsidised already-planned investments; additional investment in a few cases (e.g. collaborative robotics),qualitative,2022-2024,9,our data show that state incentives for I4.0 more often subsidized already-planned investments rather than generating entirely new ones
antonazzo2026skills,qualitative,State incentives and upskilling (interview evidence),,qualitative,2024,9,"With financial subsidies and tax incentives provided by the government for training programs in digital skills and automation technologies, we've been able to allocate more resources towards comprehensive training initiatives."
antonazzo2026skills,qualitative,Effect of incentives on skill composition,consolidation of pre-existing skill base rather than diversification,qualitative,2022-2024,10,"state incentives were mainly able to favour the upskilling of the workforce in technological domains that were already present in the firm, resulting in further strengthening pre-existing assets."
antonazzo2026skills,qualitative,Limitations stated by the authors,Northern and large firms predominate,,,12,"The study's limitations stem primarily from sample composition, with northern Italian and larger firms predominating, limiting the generalisability."
ricci2021sme,quantitative,Sample of manufacturing SMEs,174,firms,2018,1,We analyse a sample of 174 manufacturing SMEs operating in Italy.
ricci2021sme,qualitative,Determinant of I4.0 adoption: recognition of digital opportunities (qualitative),positive,direction of effect,2018,1,"We also find that all three groups of digital opportunities positively influence the extent of adoption of information and digital technologies (e.g., IoT, big data analytics, simulation)."
ricci2021sme,quantitative,"Survey frame, year and response rate","1,851 innovative firms in Piedmont surveyed in 2018; 367 responses; response rate 19.8%",firms and per cent,2018,7,"We sent the invitation, through e-mails directed to the CEOs and CTOs, to the e-mail addresses of the 1851 firms collected in the database. We received 367 responses, that is, we achieved a response rate of 19.8%."
ricci2021sme,qualitative,Population definition (innovative firms),"at least one patent filed, publicly funded R&D project or acceleration programme in previous three years; OECD medium and high-tech sectors",description,2018,7,"The data used for this study were taken from a comprehensive survey conducted in 2018 on a population of innovative firms located in Italy, in the Piedmont region."
ricci2021sme,quantitative,Sector composition of the sample (Table 1),fabrication of metal products 49; electrical 31; machinery 28; transport 15; others 11; plastics 8; textiles 6; wood 6; paper 5; basic metals 5; food 4; chemicals 3; non-metallic minerals 3,firms,2018,8,"Fabrication of metal products 49 Machinery 28 Electrical 31 Transport (e.g., the manufacturing of motor vehicles) 15 Others 11 Total 174"
ricci2021sme,quantitative,Operationalisation of I4.0 adoption,"eight MISE technologies rated on a 1-5 assimilation scale; IDT construct = IoT, big data analytics, simulation, integration of information systems",definition,2018,8,"The technologies included in the survey were the Internet of Things, Big Data and Advanced Analytics, Simulation, Augmented and Virtual Reality, Integration of Information Systems along the value chain, Cyber Security, Additive Manufacturing and Collaborative Robotics."
ricci2021sme,quantitative,Assimilation scale anchors,1 no potential; 2 known but no initiative; 3 pilot; 4 industrialising pilots; 5 in use,definition,2018,14,4 We are industrialising the results of the first applications of pilot projects in some areas. 5 We are already using technology in our products or production processes.
ricci2021sme,quantitative,"Mean adoption (assimilation) levels by technology, 1-5 scale (Table A5)",IDT 2.10; cyber security 2.42; additive manufacturing 1.92; collaborative robotics 1.73; augmented and virtual reality 1.52,"mean score on 1-5 assimilation scale, n=174",2018,14,IDT 174 2.10 0.73 1.00 CS 174 2.42 1.34 0.46* 1.00 CBT 174 1.73 0.98 0.35* 0.20* 1.00 AM 174 1.92 1.24 0.28* 0.24* 0.16* 1.00 AVR 174 1.52 0.85
ricci2021sme,quantitative,"Mean importance of digital opportunities, 1-5 scale (Table A5)",digital design 2.89; digital manufacturing 3.22; digital servitisation 2.54,"mean score on 1-5 importance scale, n=174",2018,14,DD 174 2.89 1.30 0.52* 0.40* 0.27* 0.25* 0.29* 1.00 DM 174 3.22 1.19 0.47* 0.36* 0.64* 0.15* 0.18* 0.63* 1.00 DS 174 2.54 1.23
ricci2021sme,quantitative,Total effect of external search breadth on IDT adoption (PLS-SEM),0.172,"standardised path coefficient, p<0.01; direct effect 0.006 n.s. after mediators; indirect 0.165 p<0.01",2018,10,we find that the total effects of search breadth on information and digital technologies adoption are supported (β = 0.172; p < 0.01) (Fig. 2).
ricci2021sme,quantitative,Effect of external search depth on IDT adoption (PLS-SEM),total 0.024 n.s.; direct -0.120 n.s.; indirect 0.148 p<0.01 (via digital design 0.072 and digital manufacturing 0.051),standardised path coefficients,2018,10,"However, the presence of a positive and significant indirect effect signals the presence of mediation (β = 0.148; p < 0.01) (Table A6)."
ricci2021sme,quantitative,Search depth and recognition of digital design opportunities (H2),0.281,"standardised path coefficient, p<0.001",2018,10,Fig. 3 reports that the path coefficient between search depth and digital design is positive and significant (β = 0.281; p < 0.001).
ricci2021sme,quantitative,Search depth and recognition of digital manufacturing opportunities (H3),0.246,"standardised path coefficient, p<0.01",2018,10,"Similarly, positive and significant effects can be observed for the path coefficients between search depth and digital manufacturing (β = 0.246; p < 0.01)."
ricci2021sme,quantitative,Search breadth and recognition of digital servitisation opportunities (H4a); depth not significant (H4b),0.386 (p<0.001); depth 0.097 n.s.,standardised path coefficients,2018,10,"Fig. 3 illustrates a positive and significant relationship between search breadth and digital servitisation (β = 0.386; p < 0.001), thus providing evidence in support of H4a."
ricci2021sme,quantitative,Direct effects of the three digital opportunities on IDT adoption (Table A6),digital design 0.261; digital manufacturing 0.206; digital servitisation 0.262 (all p<0.01); R2 0.355,standardised path coefficients,2018,14,Digital Design → Information & Digital Technologies 0.261** 0.261** Digital Manufacturing → Information & Digital Technologies 0.206** 0.206** Digital Servitisation → Information & Digital Technologies 0.262** 0.262**
ricci2021sme,quantitative,Technology-specific drivers,digital design -> cyber security 0.281 (p<0.05); digital manufacturing -> collaborative robotics 0.263 (p<0.01); servitisation -> AR/VR; no opportunity drives additive manufacturing,standardised path coefficients,2018,10,"In the case of additive manufacturing, we find that none of the digital opportunities drives the adoption of such technologies."
ricci2021sme,quantitative,"Role of firm size, age and R&D intensity","no significant effect on opportunity recognition or adoption, except larger firms more prone to cyber security (SIZE -> cyber security 0.144, p<0.05)",qualitative with path coefficient,2018,11,"Conversely, in our models, we do not find any other significant effect with reference to the impact of R&D spending, size and age of firms on both the recognition of Industry 4.0 opportunities and the adoption of Industry 4.0 technologies."
ricci2021sme,qualitative,Context: how SMEs used national incentive plans,substitution or retrofitting of old machinery,qualitative (citing Perani et al. 2019),2018,1,"have used the financial aid offered by the various national incentive plans available in Europe and have in particular substituted old machinery or have retrofitted existing equipment (Perani et al., 2019)."
ricci2021sme,qualitative,Stated limitations,"small sample, single region, cross-sectional data, single informants",qualitative,2018,13,"In particular, given the research design, our study may suffer from problems of limited sample size and sample specificity."
lepore2021marche,quantitative,"Firms that introduced I4.0 technologies by size class (MET-MISE, secondary)",6 (micro); 18.4 (small); 35.5 (medium); 47.1 (large),% of firms,2018,p.5,"The results show that only 6% of micro-enterprises introduced I4.0 technologies, followed by18.4% of small, 35.5% of the medium-sized, and 47.1% of big firms."
lepore2021marche,quantitative,"Share of 'enterprises 4.0', Italy (Table 2, MET-MISE; columns: traditional, traditional with 4.0 plans, enterprises 4.0)",8.4,% of firms,2018,p.5 (Table 2),Italy 86.9 4.7 8.4
lepore2021marche,quantitative,"Share of 'enterprises 4.0', Marche region (Table 2)",7,% of firms,2018,p.5 (Table 2),Marche 89.5 3.5 7
lepore2021marche,quantitative,"Regional extremes of I4.0 firms (Piedmont/Veneto highest, Tuscany/Puglia lowest)","11.7 (Piedmont, Veneto); 4.3 (Tuscany); 4.6 (Puglia)",% of firms,2018,p.5,"At the regional level, the highest percentage of I4.0 firms is identified in Piedmont (11.7%) followed by Veneto (11.7%). ... Contrary, the lowest share of 4.0 firms is found in Tuscany (4.3%) and Puglia (4.6%)."
lepore2021marche,quantitative,Expected I4.0 benefits among MET-MISE sample: quality/fewer errors; higher production,63; 46.3,% of respondents,2018,p.5,"Among the sample, it appears that I4.0 is expected to improve quality and minimize errors (63%) and increase production (46.3%)."
lepore2021marche,quantitative,Italian firms with innovation activities (regional average) and with cooperation agreements for innovation,33.5; 12.8,% of firms,2016,p.8,"in 2016, 33.5% of firms had innovative activities on average and invested 7100 euro per worker in innovation. ... only 12.8% of Italian firms established cooperation agreements"
menicacci2025tax,qualitative,"Effect of Hyper-Depreciation on capital investment (headline, abstract)","positive, heterogeneous (intangible vs tangible)",direction of effect,2017-2019,1,results show that this kind of tax depreciation scheme stimulates capital investments with heterogeneous responsiveness by firms regarding intangibles compared to tangible assets.
menicacci2025tax,qualitative,Effect on labour productivity and employment (abstract),positive (productivity); no employment erosion,direction of effect,2017-2019,1,"Additionally, such an incentive positively affects labour productivity without eroding employment levels."
menicacci2025tax,qualitative,Effect on effective tax rates (abstract),significant reduction,direction of effect,2017-2019,1,A significant reduction in effective tax rates during the bonus era suggests that firms respond to such a measure by aggressively reaping tax savings.
menicacci2025tax,quantitative,South Tyrolean sample firms with CEO/President/majority owner of Germanic origin,54 of 72 (72%),firms,2014-2019,16,"In 54 out of 72 firms, the CEO or the President (or Deputy President) of the Board of Directors or the Majority Owner is of Germanic origin (72% of the total)."
menicacci2025tax,quantitative,Hyper-Depreciation design,+150% on hi-tech machinery; +40% on related intangibles; purchases 1 Jan 2017 to 31 Dec 2018 (extended to 2019),per cent of cost,2017-2019,12,This bonus allowed businesses to expense the cost of qualified capital expenditure increased by 150% for hi-tech machinery and equipment during a period not exceeding the tax depreciation period set forth by the tax code.
menicacci2025tax,quantitative,Treatment proxy,self-declaration as Industry 4.0 firm,,2017-2019,17,Firms self-declared as Industry 4.0 firms. This is used as a proxy for the usage of HD allowances. All firms are private non-financial ones operating in the automotive and automation industry based in South Tyrol (Italy).
menicacci2025tax,quantitative,Treated sample size,72,"firms (from 180 initial entities, 131 after excluding spin-offs and public entities)",2014-2019,18,"Finally, after removing firms with missing data, the final sample resulted in 72 firms."
menicacci2025tax,quantitative,Control sample size,76,"Austrian firms, same 4-digit NACE codes",2014-2019,18,"After removing firms with missing data, the final sample resulted in 76 firms."
menicacci2025tax,quantitative,"Manufacturing share of sample (Table 1, NACE C row)","40 treated (55.6%), 42 control (55.3%), 82 total (55.4%)",firms / per cent,2014-2019,9,"Manufacturing 40 55,6% 42 55,3% 82 55,4%"
menicacci2025tax,quantitative,Estimation design,"classic and generalised DiD (firm and year FE), entropy balancing on pre-treatment ROA, leverage, growth; 888 firm-years",,2014-2019,19,"an entropy-balanced matching approach (Hainmueller, 2012) is adopted to balance potentially confounding covariates between the treatment and control groups."
menicacci2025tax,quantitative,DiD effect on total fixed investment / lagged total assets (Table 4),0.027,"coefficient on Treat x Hyper, p<0.01 (both industry-FE and firm/year-FE specifications)",2017-2019,22,The interaction term's positive coefficients (both 0.027) in columns (1) and (2) suggest that investments in total fixed assets increased during the bonus era.
menicacci2025tax,quantitative,DiD effect on tangible and intangible investment (Table 4),tangible 0.019 (p<0.05) and 0.023 (p<0.01); intangible 0.006 (p<0.10) and 0.007 (p<0.05),coefficient on Treat x Hyper,2017-2019,22,"the positive impact on tangible investment (coefficients 0.019 with p-value < 0.05 and 0.023 with p-value < 0.01, respectively) stimulated a concomitant, but different, increase in intangible investment"
menicacci2025tax,quantitative,Economic magnitude of additional investment per treated firm in the bonus era,997 thousand euro tangible; 301 thousand euro intangible; 10.2% vs 33.2% of beginning-of-period stock,euro / per cent of asset stock,2017-2019,23,"intangibles additional investment is 33.2% of beginning-of-period average intangibles for treated firms, as compared to 10.2% for tangible investments."
menicacci2025tax,quantitative,"DiD effect on employment, log average employees (Table 5)","0.071, 0.065, 0.037, 0.007 (all not significant)","coefficient on Treat x Hyper, t and t+1",2017-2019,23,"coefficients show that under HD, neither current (columns 1 and 3) nor prospect (columns 2 and 4) employment is affected by the innovations brought about by the Industry 4.0 Plan."
menicacci2025tax,quantitative,"DiD effect on labour productivity, operating income per employee in thousand euro (Table 6)","7.534* (industry FE), 10.286** (firm and year FE) at t; 12.317 n.s. and 14.879* at t+1",coefficient on Treat x Hyper,2017-2019,28,Treat x Hyper 7.534* 10.286** 12.317 14.879* (4.450) (4.032) (7.736) (8.800)
menicacci2025tax,quantitative,DiD effect on GAAP effective tax rate (Table 7),-0.128*** at t; -0.103*** / -0.090** at t+1; ETR differential -0.092***,coefficient on Treat x Hyper (share of pre-tax income),2017-2019,29,Treat x Hyper − 0.128*** − 0.128*** − 0.103*** − 0.090** − 0.092*** − 0.092*** − 0.080** − 0.070*
menicacci2025tax,quantitative,"Investment spikes in the bonus era (logit, Table 8)",total 0.567 (p<0.10); tangible 0.842 (p<0.01); intangible 0.098 n.s.,logit coefficient on Treat x Hyper,2017-2019,31,"they are statistically significant only for total (coefficient 0.567, p-value < 0.1) and tangible (coefficient 0.842, p-value < 0.01) assets."
menicacci2025tax,quantitative,"Parallel trends and anticipation test (Table 10, year-by-year interactions)","Y2014 and Y2016 x Treat not significant; Y2017 0.039***, Y2018 0.035***, Y2019 0.031** on total investment",coefficient,2014-2019,32,the results in Table 10 show that no anticipation effect occurred before the enactment of the HD and that the parallel trend assumption is satisfied.
menicacci2025tax,quantitative,Descriptive: mean GAAP ETR treated vs control,31.6% vs 16.3%,per cent,2014-2019,21,"Treated firms pay, on average, a higher Effective Tax Rate (31.6%) than the control firms (16.3%), which is in line with a higher statutory tax rate."
menicacci2025tax,qualitative,Limitations stated by the author,,,,35,"these findings are based on Italian private firms and focused on the automotive and automation industries. Therefore, they may not be directly applicable to other settings or industries"
pini2019south,quantitative,Sample,"3,000 manufacturing SMEs (5-249 employees)",firms,2018,p.7 (journal p.79),"The data refer to a statistically representative sample of 3,000 small- and medium-sized Italian manufacturing firms with between 5 and 249 employees."
pini2019south,quantitative,Share of family SMEs investing in I4.0: South vs Centre-North (Table 2 means),9.2 (South); 12.7 (Centre-North),% of family firms,2018,"p.11 (journal p.83), Table 2",Industry 4.0 0.092 (0.016) 0.290 0.127 (0.007) 0.333
pini2019south,quantitative,Average marginal effect of external (non-family) management on probability of I4.0 investment: South (Model 1) vs Centre-North (Model 2),0.066 (p<0.10); 0.070 (p<0.01),probability (AME),2018,"p.15 (journal p.87), Table 5",External 0.066* 0.070*** -0.039 0.064**
pini2019south,quantitative,"AME of External management x R&D interaction, South (Model 3) vs Centre-North (Model 4)",0.172 (p<0.05); 0.011 (n.s.),probability (AME),2018,"p.15 (journal p.87), Table 5",External 0.172** 0.011 Management*R&D (0.081) (0.039)
pini2019south,quantitative,"AME of employing graduates (human capital) on I4.0 investment, South vs Centre-North",0.063 (p<0.05); 0.041 (p<0.05),probability (AME),2018,"p.15 (journal p.87), Table 5",HC 0.063** 0.041** 0.075** 0.041**
pini2019south,quantitative,Estimation sample (family businesses),"346 (South); 2,009 (Centre-North)",observations,2018,"p.15 (journal p.87), Table 5","Observations 346 2,009 346 2,009"
pini2019south,quantitative,"Average firm size, South vs Centre-North",22 vs 31,employees,2018,p.11 (journal p.83),"the average number of employees is 22, versus 31 in the Centre-North."
segarra2025aismes,quantitative,AI and robot users in Manufacturing (NACE C) vs overall sample,"8.53 AI, 21.43 robots (manufacturing); 7.24 AI, 9.12 robots (overall)",% of surveyed firms,2020,p.20 (Table 8),2. Manufacturing 8.53% 21.43% ... Overall sample 7.24% 9.12%
segarra2025aismes,quantitative,"AI adoption by country cluster: Northern, Core, Mediterranean (ES, IT, PT, CY), Eastern",9.32; 9.95; 7.52; 4.56,% of surveyed firms,2020,p.20 (Table 9),Artificial intelligence 9.32% 9.95% 7.52% 4.56%
segarra2025aismes,quantitative,"Robotics adoption by country cluster: Northern, Core, Mediterranean, Eastern",12.76; 10.08; 8.76; 7.14,% of surveyed firms,2020,p.20 (Table 9),Robotics 12.76% 10.08% 8.76% 7.14%
segarra2025aismes,quantitative,"AI adoption by size class: 0-9, 10-49, 50-250, >250 employees",4.88; 8.27; 10.32; 20.03,% of surveyed firms,2020,p.20 (Table 8),0 to 9 employees 4.88% 4.21% 10 to 49 employees 8.27% 9.59% ... 50 to 250 employees 10.32% 19.78% ... More 250 employees 20.03% 31.72%
segarra2025aismes,quantitative,"Country-level digital skills coefficient in first-stage bivariate probit (AI; robots), full EU sample",0.132***; 0.127***,probit coefficient,2020,p.13 (Table 4),Digital skills 0.132*** 0.127***
segarra2025aismes,quantitative,"Digital skills coefficient for AI adoption, manufactures vs services (first stage)",0.063 (n.s.) manufactures; 0.156*** services,probit coefficient,2020,p.21 (Table 11),Digital skills 0.063 0.156** 0.156*** 0.136**
segarra2025aismes,quantitative,Correlation between AI and robot adoption (bivariate probit rho),0.451 (p<0.01),rho,2020,p.13,"which provides a value of rho of 0.451 significant at p < 0.01, confirms the complementarities in the adoption of both AI and robots"
kinkel2022prereq,quantitative,Survey size,655,company representatives,2019,1,"Based on a cross-national survey of 655 company representatives from the manufacturing industry, our results contribute to a better understanding of why some companies are more determined than others"
kinkel2022prereq,qualitative,Main determinants of AI adoption in manufacturing,"digital skills, company size, R&D intensity (largest impact)",qualitative,2019,1,"We find evidence that organizational factors, such as digital skills, company size, and R&D intensity, have the greatest impact on the adoption of AI in manufacturing."
kinkel2022prereq,qualitative,Global roll-out of AI to foreign production sites,"research-intensive, knowledge-based, service-oriented firms",qualitative,2019,1,"especially research-intensive, knowledge-based and service-oriented companies tend to roll out AI technologies not only at their domestic but also at their foreign production sites."
kinkel2022prereq,quantitative,Fieldwork period and countries covered (Italy included),September/October 2019; 16 countries,qualitative,2019,6,"655 representatives of companies from the manufacturing industry, located in 16 different leading industrial nations (Brazil, Canada, China, France, Germany, India, Italy, Japan, Mexico, Poland, Russia, South Korea, Spain, Sweden, United Kingdom, USA)."
kinkel2022prereq,quantitative,Italian firms in sample (Table 1),49,firms (7.5% of sample),2019,7,Italy 49 7.5 %
kinkel2022prereq,quantitative,Sample size composition (Table 1),1-49: 18.3%; 50-249: 21.2%; 250-999: 24.4%; 1000-4999: 19.8%; >5000: 16.2%,% of 655 firms,2019,7,1–49 120 18.3 % ... 50–249 139 21.2 % ... 250–999 160 24.4 % ... 1000–4999 130 19.8 % ... >5000 106 16.2 %
kinkel2022prereq,quantitative,"Operationalisation of AI use (three purposes, 0-3 scale)",AI use index 0-3 = mean of three AI uses,qualitative,2019,6,"Each one was measured by four options of use: no use = 0, use in pilot measures = 1, use in some areas = 2, use in all areas = 3."
kinkel2022prereq,quantitative,AI/ML use for analysis of large amounts of data (incl. pilots),62,"% of surveyed firms (14% all areas, 28% some areas, 20% pilots)",2019,7,"Overall, 62 % of the surveyed companies use AI or ML technologies for the analysis of large amounts of data (14 % in all areas – 28 % in some areas – 20 % in pilot measures)."
kinkel2022prereq,quantitative,AI use for planning/optimisation of business processes and for autonomous decision-making (incl. pilots),59; 54,% of surveyed firms,2019,7,"59 % use AI to support the planning and optimization of business processes (16 %–25 % – 19 %), and 54 % use AI technologies with autonomous decision-making competence (12 %–23 % – 20 %)."
kinkel2022prereq,quantitative,Mean and median of AI use index (0-3),1.11 (mean); 1.00 (median),index points,2019,7,The calculated index for the AI intensity of use shows a mean of 1.11 and a median of 1.00 across all selected countries.
kinkel2022prereq,qualitative,"Country ranking of AI use intensity (descriptive, Table 4)","above average: USA, India, China; below average: Canada, France, Germany, Poland, Sweden",qualitative,2019,8,"the AI intensity of use clearly exceeds the average in the USA, India and China, whereas in Canada, France, Germany, Poland, and Sweden it remains below average (Table 4)."
kinkel2022prereq,quantitative,Italy position in digital skills index ranking (descriptive),"broad midfield (with Brazil, China, Mexico, UK, Spain, Russia); mean index just under 2.5 of 4",qualitative,2019,9,"companies based in the USA and India lead the ranking, followed by a broad midfield with Brazil, China, Mexico, the UK, Italy, Spain and Russia. The last three ranks are occupied by Germany, France and Sweden"
kinkel2022prereq,quantitative,"Self-assessed digital skills good or excellent (hardware/software development, data science, ML)",almost 60; slightly more than 50; slightly more than 40,% of firms,2019,7,"Almost 60 % of the respondents rate their company's skills in hardware and software development as good or excellent. For data science this is slightly more than 50 %, for ML slightly more than 40 %."
kinkel2022prereq,quantitative,"Effect of digital skills index on AI use index (Model 2, OLS)",0.4845,"coefficient (SE 0.0462, p<0.001); adj. R2 from 0.19 to 0.31",2019,10,Digital skills index 0.4845 0.0462 10.4871 0.0000 ***
kinkel2022prereq,quantitative,Effect of firm size (log employees) on AI use index,0.0601 (Model 1); 0.0500 (Model 2),coefficient (p=0.0004 ***; p=0.0013 **),2019,10,Company size: Number of employees (log) 0.0601 0.0167 3.5909 0.0004 *** 0.0500 0.0154 3.2409 0.0013 **
kinkel2022prereq,quantitative,Effect of R&D intensity on AI use index (loses significance once digital skills included),"0.7274 (Model 1, p=0.0003); 0.2920 (Model 2, p=0.1185 n.s.)",coefficient,2019,10,R&D intensity 0.7274 0.1977 3.6794 0.0003 *** 0.2920 0.1868 1.5632 0.1185
kinkel2022prereq,quantitative,Country dummy for Italy (reference: Brazil) in AI use regressions,"-0.0518 (Model 1, p=0.79); 0.0687 (Model 2, p=0.70)","coefficient, not significant",2019,10,Country: Italy −0.0518 0.1920 −0.2695 0.7877 0.0687 0.1773 0.3874 0.6986
kinkel2022prereq,quantitative,Explanatory power of models (adjusted R2),0.1867 (Model 1); 0.3098 (Model 2),adj. R2,2019,10,adj. R^2 0.1867 0.3098
kinkel2022prereq,quantitative,Sector and country effects on AI adoption (Model 1),no significant sector or country effect; Japan and South Korea positive only in Model 2,qualitative,2019,9,"Model 1 provides no evidence that environmental factors (see RQ3) are decisive for AI adoption in production, since neither the sector of the company nor its location (home country) seem to have an influence on AI usage."
kinkel2022prereq,qualitative,Country differences disappear in multivariate models (methodological caveat for cross-country rankings),descriptive country gaps not robust,qualitative,2019,13,"the seemingly obvious differences in AI use between countries, as displayed in the descriptive analyses, disappear in the multivariate models. They are compensated for by other characteristics of the firm, its products and its production processes."
kinkel2022prereq,quantitative,"Prior adoption rates cited for benchmarking (Germany, SMEs vs large)","SMEs: 8% production, 6% logistics; large firms: 26% production, 32% logistics","% of firms (Seifert et al. 2018, 90 German manufacturers)",2018,3,"The share of SMEs that use AI in production is only 8 % and in logistics 6 %, whereas in large companies 26 % already use AI in production and 32 % use it in logistics"
kinkel2022prereq,qualitative,"Limitations: few cases per country, large-firm bias",no country-specific evaluation possible; SME statements limited,qualitative,2019,14,"One obvious limitation is the limited number of cases per country covered, which does not allow for country-specific evaluations ... Another limitation concerns the high proportion of larger enterprises in the sample"
brey2024humancap,qualitative,Share of AI adoption linked to human-capital differences across European country-industry cells (version of record),one third to one half,share of AI adoption,2021,p.1 (abstract),Our estimates suggest that one-third-to half of AI-adoption is linked to differences in available human-capital across
brey2024humancap,qualitative,Employment effect of AI adoption by 2021 (version of record),no evidence of declines,qualitative,2021,p.1 (abstract),we find no evidence for them leading to employment declines (at least by 2021)
brey2024humancap,qualitative,Share of AI adoption linked to human-capital differences across country-industry cells,one third to half,share of AI adoption,2021,abstract (Economics Letters),Our estimates suggest that one third to half of AI-adoption is linked to differences in available human-capital across country-industry cells.
brey2024humancap,quantitative,Employment effect of AI adoption,no evidence of declines (by 2021),qualitative,2021,abstract (Economics Letters),"Despite documenting the automative nature of the AI technologies adopted, we find no evidence for them leading to employment declines (at least by 2021)."
calvino2023portrait,quantitative,"Italy: AI use gap of firms with 250+ employees vs 10-19 (baseline LPM, sector FE, weighted)","0.190*** (s.e. 0.0126); N=15,557",probability (LPM coefficient),2020,"p.73 (Table A A.1, Italy column)","Size class 250+ 0.332*** 0.244*** 0.0953*** 0.104*** 0.0641*** 0.190*** ... Observations 2,628 15,960 8,981 3,054 1,987 15,557"
calvino2023portrait,quantitative,"Italy: labour-productivity premium of AI users (baseline OLS, log labour productivity)",0.146*** (s.e. 0.0491),log points,2020,"p.76 (Table A A.3, Italy column)",AI Adoption 0.338*** 0.0869*** 0.0642** 0.0985* 0.0656 0.146*** 0.0736 0.176*** 0.0383
calvino2023portrait,quantitative,Italy: AI productivity premium after controlling for complementary assets,"0.0748 (s.e. 0.0482), not significant",log points,2020,p.78 (Table A A.5) and p.53,"Indeed, the AI-productivity link in France, Germany, Italy, and Korea turns to be not significantly different from zero"
calvino2023portrait,quantitative,Italy: association of cloud computing use with AI use (extended adoption LPM),0.0319*** (s.e. 0.00853),probability (LPM coefficient),2020,"p.74 (Table A A.2, Italy column); p.40","the cloud variable is statistically significant in the majority of countries considered (Belgium, Denmark, Italy, Japan, Korea), losing significance in Switzerland and Israel only."
calvino2023portrait,quantitative,AI adoption among largest firms (250+) in Italy and peers,>20,% of firms,2020,p.27,"Focusing on the largest size class, adoption rates tend to be above 20% for Belgium, France, Italy, Portugal, and Switzerland, even though consistently lower than the shares of Denmark."
calvino2023portrait,qualitative,Italy vs France sectoral AI shares,lower in Italy across all sectors,qualitative,2020,p.34,"comparing Italy and France, the shares of AI use in the former are lower across all sectors, notwithstanding the data are from one of the most recent years in the sample considered"
calvino2023portrait,quantitative,Range of significant AI productivity premia across countries,0.06 (France) to 0.34 (Belgium); Italy among highest,log points,2020,p.47,"Statistically significant estimated coefficients range between about 0.34 in Belgium to the 0.06 in France ... The coefficients with highest estimated values (Belgium, Italy, and Korea)"
cullen2025race,quantitative,Share of Italian firms (20+ employees) using AI,28,% of firms,2025,p.5 (printed p.3); p.18 (printed p.16),"As of 2025, around 28% of Italian firms used AI in some form. Although somewhat below the European Union average, this adoption rate is broadly comparable to other European countries"
cullen2025race,quantitative,Share of Italian firms using robotics,23,% of firms,2025,p.5 (printed p.3),"Robotics adoption was also significant, with 23% of Italian firms using robotic technologies in 2025."
cullen2025race,quantitative,"Sectoral extremes: robotics in Basic Metals and Engineering and Other Manufacturing; AI in Textiles, Clothing and Footwear","48 (robotics, metals/engineering); 14 (AI, textiles-clothing-footwear)",% of firms,2025,p.18-19 (printed p.16-17),"Basic Metals and Engineering and Other Manufacturing exhibit the highest 2025 adoption rate (48%), while Transport, Storage, and Communication show the lowest (5%)."
cullen2025race,quantitative,"Control-group current adoption: predictive AI, generative AI, robotics",16.6; 25.0; 23.0,% of firms,2025,p.16 (printed p.14),"16.6% had already adopted Pred.-AI, 25.0% had adopted Gen.-AI, and 23.0% had adopted robotics."
cullen2025race,quantitative,Causal effect of expected competitor adoption on own intention to adopt robotics by 2027 (IV from randomized information),0.732,pp per 1 pp,2025,p.2 (abstract),a 1 pp increase in the share of competitors expected to adopt advanced technologies causes a 0.732 pp increase in the firm’s intention to adopt robotics by 2027.
cullen2025race,quantitative,Reduced-form effect of information treatment on robotics adoption intentions,"+6.5 pp (p=0.039), +17.3% vs baseline",percentage points,2025,p.5 (printed p.3),"On average, the information treatment increased the intention to adopt robotics by 6.5 pp. This average effect is not only statistically significant (p=0.039) but also significant in magnitude, corresponding to a 17.3% increase"
cullen2025race,quantitative,Firms using the Transition 4.0 tax credit for capital goods (2024-2025),35.8,% of sample firms,2025,p.34 (printed p.32),This Transition 4.0 incentive applied to 35.8% of firms in our sample.
cullen2025race,quantitative,Median share of total investment devoted to advanced technologies (limited use; extensive AI; extensive robotics),2.5; 4.4; 15.5,% of total investment,2024,p.18 (printed p.16),"the median share of total investment allocated to advanced technologies was 2.5%. Among firms with extensive use of AI technologies, the median share was 4.4%, while among firms with extensive use of robotics it was considerably higher, at 15.5%."
battaglia2023complementarity,quantitative,Expert interviews,13 experts; >17 hours of material,interviews,2021,p.7,"Overall, we conducted semi-structured interviews with 13 Italian I4.0 experts, including six directors/general managers of the Italian I4.0 Competence Centers created by the Italian Government"
battaglia2023complementarity,quantitative,I4.0 use cases collected from Competence Centers,152,use cases,2021,p.7,"We collected a total of 152 use cases (see Appendix B for the details) in the form of short reports describing them, with different levels of detail."
battaglia2023complementarity,quantitative,Most frequent AI bundle mentions: Robot + AI; IoT + AI; Cobot + AI,15; 9; 8,mentions (n),2021,p.10 (Table 6),Robot + Artificial Intelligence (n = 15)
battaglia2023complementarity,quantitative,Most frequent bundle: Network and sharing + Data processing technologies (B2),36,mentions (n),2021,p.10 (Table 6),B2 Network and sharing + Data processing technologies (n = 36)
battaglia2023complementarity,quantitative,"Reported performance of one I4.0 bundle use case (Competence Center A, use case 31)",20% productivity; -12% maintenance cost; -18% order management time,% change (self-reported case),2021,p.12,"Numerical results: 20% productivity increase, 12% maintenance cost reduction, 18% order management time reduction."
crespi2026digindex,quantitative,"Mean microDESI (0-1), pooled 2018-2020",0.34 (SD 0.23),index,2020,p.9 (printed p.8),the overall microDESI averages 0.34 with a standard deviation of 0.23
crespi2026digindex,quantitative,Sample by round,"6,534 (2018); 6,582 (2020)",firms,2020,"p.9 (printed p.8), note to Table 3","Units in the sample are divided across the two years as follows: 6,534 firms in 2018, and 6,582 firms in 2020."
crespi2026digindex,quantitative,Correlation of microDESI with profitability (EBITDA): manufacturing vs services,38; 40,% (correlation),2020,p.16 (printed p.15),the correlation between microDESI and profitability-measured as EBITDA-is substantial (38% in manufacturing and 40% in services)
crespi2026digindex,quantitative,Correlation of microDESI with average wages: manufacturing vs services,24.6; 30,% (correlation),2020,p.17 (printed p.16),"Similar patterns emerge for average wages, which correlate with microDESI at 24.6% in manufacturing and 30% in services."
crespi2026digindex,quantitative,"Generic ICT training for the workforce (component), 2018 to 2020",0.36 to 0.34,index share,2020,p.15 (printed p.14),"In this case, the indicator shows a slight decrease, from 0.36 in 2018 to 0.34 in 2020"
crespi2026digindex,quantitative,Firms in manufacturing in performance correlations,"2,121 (manufacturing); 4,438 (services)",firms,2020,"p.18 (printed p.17), note to Table 6","Number of observations: 2,121 firms in manufacturing, and 4,438 firms in services."
coro2021knowledge,quantitative,share of Veneto manufacturing firms that adopted at least one of 9 I4.0 technologies,45,% of firms,2018,13 (WP PDF),A reasonably large number of firms (45%) adopted at least one of these technologies.
coro2021knowledge,quantitative,share of adopters using more than 3 I4.0 technologies,11,% of adopters,2018,13 (WP PDF),"However, only 11% of adopters have so far employed more than 3 technologies."
coro2021knowledge,quantitative,"number of sample firms having adopted Artificial Intelligence (2008 vs 2018), out of 1800",28,firms (2018; 6 in 2008),2018,"16 (WP PDF, Table 2)",Artificial Intelligence (A.I) 6 4 28 8
coro2021knowledge,quantitative,"number of adopters of Automation and Robotics / Cyber Security in 2018 (most diffused), out of 1800",346 / 446,firms,2018,"16 (WP PDF, Table 2)",Automation and Robotics 68 6 346 8 ... Cyber Security 66 6 446 8
coro2021knowledge,quantitative,GLM coefficient of AI adoption dummy on technician ratio (lag 2 / lag 0),-0.778** / -0.648**,"coefficient (GLM, fractional dependent variable)",2008-2018,"21 (WP PDF, Table 3)",Artificial Intelligence -0.778** -0.313 -0.648**
coro2021knowledge,quantitative,GLM coefficient of AI adoption dummy on scientific-specialist ratio (lag 2 / lag 1 / lag 0),-1.098*** / -0.965*** / -0.872***,coefficient,2008-2018,"22 (WP PDF, Table 4)",Artificial Intelligence -1.098*** -0.965*** -0.872***
coro2021knowledge,quantitative,GLM coefficient of any-technology adoption on technician ratio (lag 2 / lag 1 / lag 0),0.319*** / 0.331*** / 0.235***,coefficient,2008-2018,"21 (WP PDF, Table 3)",Adoption of technologies 0.319*** 0.331*** 0.235***
coro2021knowledge,qualitative,interpretation of AI result,,,,27 (WP PDF),"the result regarding Artificial Intelligence lends support to the idea that this technology is substituted, on the one hand, by the operative tasks of technicians, and, on the other hand, by the analytical decision-making processes performed by scientific specialists."
venturini2022spillovers,quantitative,long-run elasticity of aggregate TFP to the stock of intelligent-technology knowledge,0.02-0.06,elasticity,1990-2014,1 (abstract),"the elasticity of aggregate productivity to the stock of knowledge related to intelligent technologies is statistically significant and economically important, ranging between 0.02 and 0.06."
venturini2022spillovers,quantitative,share of observed productivity change accounted for by intelligent-technology knowledge (32 countries),8,% of TFP change,1990-2014,1 (abstract),knowledge related to intelligent technologies accounts for 8% of observed productivity change.
venturini2022spillovers,quantitative,explained TFP variation and elasticity for EU member states vs US,EU 9% (elasticity 0.028); US 34% (0.128),% of TFP variation; elasticity,1990-2014,23,"the elasticity of productivity to our measure of technological knowledge amounts to 0.128 for the US, but only to 0.028 for the EU members and 0.031 for OECD countries."
venturini2022spillovers,quantitative,"Italy: country-specific TFP elasticity to intelligent patent stock (MG-CCE), not statistically significant; cumulative change in stock 265%",0.078,elasticity (n.s.),1990-2014,49 (Table A.3),18 ITA 265% 0.078 No .
venturini2022spillovers,quantitative,"Italy: average intelligent patent counts, per employee, and % rate of change",20.8 / 0.9 / 7.5,patent counts / patents per employee (table units) / % rate of change,1990-2014 average,47 (Table A.1),18 ITA 20.8 0.9 7.5
venturini2022spillovers,quantitative,sample: 32 industrialized economies,32,countries,1990-2014,12,The analysis is developed using country-level data for a sample of 32 industrialized economies between 1990 and 2014.
ferrando2026euroarea,quantitative,"share of firms using AI, Italy vs Ireland (lowest in euro area); highest NL 85%",52,"% of firms (any AI use, weighted)",2025,17 (PDF; printed p. 16),Ireland and Italy exhibit the lowest adoption rates (at 65% and 52% respectively).
ferrando2026euroarea,quantitative,euro area AI use by intensity: experimental / moderate / significant,33 / 31 / 7,% of firms,2025,17 (PDF; printed p. 16),"Around 70% report varying levels of AI adoption: 33% use it experimentally, 31% apply it moderately, and 7% report significant implementation."
ferrando2026euroarea,quantitative,"Italy: share of industry firms that invested in AI up to June 2025, <50 employees vs >=50 employees",12 / 35,% of firms (weighted),2025,"60 (PDF; printed p. 59, Table 1)",Italy 2 12 12 35 24 35 13 30
ferrando2026euroarea,quantitative,"euro area: significant AI users by sector, services vs other sectors (incl. industry); construction",services 10; others 4-5; construction 4,% of firms,2025,19 (PDF; printed p. 18),"Services show the highest share of advanced users, at 10%, compared with 4-5% in the other sectors."
ferrando2026euroarea,quantitative,lack of AI skills as barrier: euro area vs lagging adopters (Italy and Ireland),25 / 27,% of firms with no or limited AI use,2025,33 (PDF; printed p. 32),reported by 25% of firms in the euro area. The shares are very similar across country groups - 27% for lagging and 24% among both partial and widespread adopters
ferrando2026euroarea,quantitative,"expected AI share of total investment over next 12 months, Italy (Germany 10%, Spain 9%, France 7%)",8,% of total investment,2026 (next 12 months from Dec 2025),55 (PDF; printed p. 54),"Germany leads in expected share of AI investment, followed by Spain (9%), Italy and France (8% and 7% respectively)."
ferrando2026euroarea,quantitative,"AI use by size: large (>=250) vs micro firms, euro area",87 / 60,% of firms reporting some AI use,2025,8 (PDF; printed p. 7),"87% of firms with at least 250 employees report some AI use, compared with 60% of micro firms."
ferrando2026euroarea,quantitative,"association of significant AI use with expected turnover and fixed investment (vs non-users), regression with size, sector, country FE",+17 / +9,percentage points,2025,46 (PDF; printed p. 45),firms making significant use of AI are more likely to expect higher turnover and increased fixed asset investment over the next three months by 17 and 9 percentage points respectively
calabrese2025automotive,quantitative,"difficulty in funding innovation, firms with vs without access to the I4.0 innovation policy (headline)",0.86,odds ratio (ordered logit) on rating score x access to incentives,2017-2019,2,"Results denote that firms with access to the innovation policy have 0.86 times less difficulties in funding innovation, suggesting the appropriateness of these incentives."
calabrese2025automotive,quantitative,improvement in TFP score (added value as output) associated with policy access (headline),0.1,"OLS coefficient on lagged TFP x access to incentives, p<0.10",2017-2020,2,"if we consider the added value as output of a total factor productivity score, we can observe an improvement equal to 0.10, highlighting the expected positive role of such technologies."
calabrese2025automotive,quantitative,Survey frame and response rate,"more than 2,000 firms per year; 25 per cent response",firms / per cent,2019-2020,9,"Note that the initial sample includes all the firms working for the automotive supply chain, with more than 2,000 entities per year (Calabrese et al., 2024a; Moretti & Zirpoli, 2021). The response rate is 25 percent"
calabrese2025automotive,qualitative,Treatment variable (survey question),,,2017-2020,30,"Explanatory variable (i.e., access to the innovation policy) Have you taken advantage of the Calenda incentives for Industry 4.0? yes no"
calabrese2025automotive,quantitative,"Industry 4.0 adoption rate among responding SMEs, 2019 (Table 1, survey dummy)",50.0,per cent of 144 SMEs (mean 0.500),2017-2019,13,Industry 4.0 144 0.500 0.502 0.000 1.000
calabrese2025automotive,qualitative,Industry 4.0 definition used in the survey dummy,,,2017-2019,12,"Industry 4.0, which is a dummy equal to 1 if the firm has adopted a transformation process through the intelligent networking of machines and with the help of ICT; otherwise 0."
calabrese2025automotive,quantitative,"Innovation activities in the last three years, 2019 respondents (Table 1 means)",production process 60.3%; logistic process 15.2%; administrative process 53.0%; product 35.8%,per cent of 151 SMEs,2017-2019,13,Production process 151 0.603 0.491 0.000 1.000
calabrese2025automotive,quantitative,"Perceived financial constraints, mean score (1 low to 5 high), 2019",2.53,"score, n = 151",2017-2019,13,Financial constraints (perceived) 151 2.530 1.316 1.000 5.000
calabrese2025automotive,quantitative,"H1 main analysis 2019 (Table 3, ordered logit odds ratios)","0.856*** (A), 0.866** (B), 0.832*** (C)",odds ratio on rating score x access to incentives; n = 144-151,2017-2019,16,Rating score t−2 # Access to incentives t=Δ 0.856*** 0.866** 0.832*** (0.0487) (0.0539) (0.0528)
calabrese2025automotive,quantitative,H1 robustness pooled 2019-2020 (Table 4),0.878*** (A.1); 0.894*** (B.1); 0.874*** (C.1); 0.895*** (B.2); 0.876*** (C.2),odds ratio; n = 328-337,2017-2020,17,Rating score t-2 # Access to incentives t=Δ 0.878*** 0.894*** 0.874*** 0.895*** 0.876***
calabrese2025automotive,quantitative,"Industry 4.0 adopters and perceived financial constraints (Table 4, pooled 2019-2020)","0.565** (B.1), 0.610** (B.2)",odds ratio of higher financial-constraint category,2017-2020,17,Industry 4.0 t=Δ 0.565** 0.610** (0.130) (0.144)
calabrese2025automotive,quantitative,"IV probit robustness (Table 5, access instrumented with ROE)",probit -0.891*** / -0.848***; IV probit -2.172*** / -2.212***,coefficient on access to incentives (dummy financial constraints = score 4 or 5),2017-2020,18,Access to incentives t=Δ −0.891*** −0.848*** −2.172*** −2.212***
calabrese2025automotive,quantitative,"H2 extension: TFP (Table 6, OLS pooled 2019-2020)",TFP sales x access 0.00510 n.s. (n = 356); TFP added value x access 0.103* (n = 355),coefficient on lagged log TFP x access to incentives,2017-2020,19,TFP (added value) t−2 ψ # Access to incentives t=Δ 0.103* (0.0560)
calabrese2025automotive,qualitative,Interpretation of the TFP result,,,2017-2020,21,"results indicate that the investments related to the policy can improve the ability of firms to maximize the added value of their production process, but not their sales."
calabrese2025automotive,qualitative,Selection into the policy,,,2017-2020,21,we can observe how the best-performing firms have accepted the innovation policy and its incentives (first stage of the IV Probit regression model).
calabrese2025automotive,qualitative,Limitations stated by the authors,,,,21,"the sample size is limited to a specific national supply chain, with clear difficulties in generalizing the main findings to other industries and/or countries."
cette2026drivers,quantitative,"extensive AI adoption (>=3 AI technologies) in Italy in 2025: below 10%, among the lowest (with EE, GR, LV, FR); above 20% in SE, BE, DK, FI",<10,% of firms (country x industry average),2025,13 (PDF; printed p. 11),"In 2025, extensive adoption rates exceed 20% in Sweden, Belgium, Denmark, and Finland, while they remain below 10% in Estonia, Greece, Latvia, Italy, and France."
cette2026drivers,quantitative,"EU-wide extensive adoption (>=3 AI technologies), 2021 vs 2025",3 -> 15,% of firms,2025,12 (PDF; printed p. 10),Adoption at the extensive margin (at least three AI technologies) rose five-fold from around 3% of firms in 2021 to approximately 15% in 2025
cette2026drivers,quantitative,effect of a unit reduction in the composite share of perceived obstacles on non-adopters / extensive adopters,-2 / +1.5,percentage points,2021-2025,23 (PDF; printed p. 21),a unit reduction in the (composite) share of perceived obstacles curbs the share of non-adopters by 2 percentage points and raises the shares of extensive AI adopters by 1.5 percentage points.
cette2026drivers,quantitative,effect of a unit increase in organizational capital intensity (ICT training and expertise composite) on non-adopters and extensive adopters,1.3 (3.3) / 0.8 (2.1),percentage points,2021-2025,23 (PDF; printed p. 21),"The corresponding effects of a unit increase in organizational capital intensity (or the ICT training and expertise composite) are 1.3 percentage points (3.3 pp) for non-adopters and 0,8 percentage points (2.1 pp) for extensive adopters."
cette2026drivers,quantitative,"mismatch obstacles (data, expertise, incompatibility, usefulness) coefficient on extensive adoption, panel and 2025 cross-section",-0.122*** (panel); -0.271*** (2025),coefficient,2021-2025,"25 (PDF; printed p. 23, Table 4)",Mismatch obstaclecit(PC1) -0.122*** -0.121*** -0.271***
cette2026drivers,quantitative,prime-age (25-49) worker share and extensive adoption,about 1:1,pp change in extensive adoption per 1 pp prime-age share,2021-2025,23 (PDF; printed p. 21),a one percentage point increase in this share tends to increase the extensive AI adoption share by roughly the same amount according to our estimates.
cette2026drivers,qualitative,policy determinants (qualitative),,,2021-2025,5 (PDF; printed p. 3),"Anticompetitive product market regulations in upstream industries that are important providers of intermediate inputs, heavy digital market regulations and rigid hiring and firing rules in industries with high workforce turnover are negatively associated with adoption."
cohen1990absorptive,qualitative,"Definition: absorptive capacity as the ability to recognise the value of new external information, assimilate it and apply it to commercial ends, a function of prior related knowledge",definition,qualitative,1990,p.128 (abstract),firm's level of prior related knowledge
tornatzky1990toe,quantitative,"TOE framework: three elements of a firm's context influence adoption and implementation of technological innovations (organizational, technological, environmental), Chapter 7",3 contexts,qualitative,1990,"p.152-153 (PDF p.174-175), Figure 7-1","There are three elements of a firm's context that influence the process by which it adopts and implements technological innovations: organizational context, technological context, and environmental context (see figure 7-1)."
tyndall2010aacods,qualitative,purpose of checklist,,,2010,p. 1,The AACODS checklist is designed to enable evaluation and critical appraisal of grey literature.
tyndall2010aacods,quantitative,appraisal dimensions,6,"criteria (Authority, Accuracy, Coverage, Objectivity, Date, Significance)",2010,pp. 1-2,AACODS ... Authority Identifying who is responsible for the intellectual content.
tyndall2010aacods,qualitative,date criterion,,,2010,p. 2,Does the item have a clearly stated date related to content? No easily discernible date is a strong concern.
tyndall2010aacods,qualitative,authorship and date of the checklist,,,2010,p. 2,"Jess Tyndall, Flinders University, Nov 2010"
garousi2019mlr,qualitative,definition of MLR,,,,PDF p. 2 (abstract),"A Multivocal Literature Review (MLR) is a form of a Systematic Literature Review (SLR) which includes the grey literature (e.g., blog posts, videos and white papers) in addition to the published (formal) literature"
garousi2019mlr,quantitative,stopping criteria for grey literature searches,3,criteria,,PDF p. 18 (Guideline 8),"three possible stopping criteria for GL searches are: (1) Theoretical saturation, i.e., when no new concepts emerge from the search results; (2) Effort bounded, i.e., only include the top N search engine hits, and (3) Evidence exhaustion"
garousi2019mlr,qualitative,quality assessment criteria for grey literature,,,,PDF p. 20 (Guideline 11),"Apply and adapt the criteria authority of the producer, methodology, objectivity, date, novelty, impact, as well as outlet control (e.g., see Table 7), for study quality assessment of grey literature."
garousi2019mlr,qualitative,outlet tiers scoring,,measure 1 / 0.5 / 0,,PDF p. 20 (Table 7),"1st tier GL (measure=1): High outlet control/ High credibility: Books, magazines, theses, government reports, white papers"
garousi2019mlr,qualitative,inclusion/exclusion combined with quality,,,,PDF p. 19 (Guideline 9),Combine inclusion and exclusion criteria for grey literature with quality assessment criteria (see Table 7).
tricco2018prismascr,quantitative,checklist items,20,essential items plus 2 optional items,2018,"PDF p. 7 (abstract, lines 116-119)","Developed by a 26-member expert panel according to published guidance by the EQUATOR (Enhancing the QUAlity and Transparency Of health Research) Network, the checklist contains 20 essential items plus 2 optional items."
tricco2018prismascr,quantitative,expert panel size,26,members,2018,PDF p. 7 (abstract),Developed by a 26-member expert panel
tricco2018prismascr,qualitative,final checklist composition,,,2018,PDF p. 16 (section 3.7),"The final checklist, with 20 items plus two optional items, is presented in Table 1."
tricco2018prismascr,qualitative,critical appraisal item optional,,,2018,"PDF p. 24 (Table 1, item 12)","Critical appraisal of ... 12 If done, provide a rationale for conducting a critical appraisal of included sources of"
xu2021industry50,qualitative,Industry 4.0 vs 5.0 framing,,,2021,abstract,"Industry 4.0 is considered to be technology-driven, whereas Industry 5.0 is value-driven."
xu2021industry50,qualitative,origin of Industry 5.0,,,2021,abstract,"At the ten-year mark of the introduction of Industry 4.0, the European Commission announced Industry 5.0."
chatterjee2021tamtoe,quantitative,"Sample: 340 usable replies out of 857 contacted (response rate 45.6%), Indian manufacturing and production firms",340; 45.6,respondents; % response rate,2021,p.6 (PDF) / journal p.120880-6,was a response rate of 45.6% ... our analysis with 340 usable and valid replies
chatterjee2021tamtoe,quantitative,Strongest direct effects on intention to adopt AI: perceived usefulness (H9) and perceived ease of use (H8),0.59; 0.57,"PLS path coefficients, p<0.01",2021,"p.8, Table (hypothesis results)",by PU H9 0.59 ... by PEOU H8 0.57
chatterjee2021tamtoe,quantitative,"Effects on perceived usefulness: partner support (H6a) 0.58, organizational competitiveness/compatibility (H4a) 0.47, competitive advantage (H5a) 0.44, organizational competency (H1) 0.41, organizational readiness (H3a) 0.33",0.58; 0.47; 0.44; 0.41; 0.33,"PLS path coefficients, p<0.01",2021,p.8,by PSU H6a 0.58 ... by OCO H4a 0.47 ... by COA H5a 0.44 ... by OCM H1 0.41 ... by ORE H3a 0.33
chatterjee2021tamtoe,quantitative,"Not supported: organizational readiness (H3b), organizational compatibility (H4b) and partner support (H6b) on perceived ease of use",0.021; 0.042; 0.021,"PLS path coefficients, n.s.",2021,p.8,by ORE H3b 0.021 p> ... Not ... by OCO H4b 0.042 ... by PSU H6b 0.021
chatterjee2021tamtoe,quantitative,Leadership support moderates the effects of perceived usefulness (H10a) and ease of use (H10b) on intention to adopt,0.32; 0.23,PLS path coefficients (p<0.01; p<0.05),2021,p.8,the concerned path coefficients are 0.32 (p < 0.01) (H10a) and 0.23 (p < 0.05) (H10b)
schwaeke2025smes,quantitative,articles reviewed,106,peer-reviewed articles,,abstract,we analyze 106 peer-reviewed articles on AI adoption in SMEs and categorize states and trends into eight clusters
schwaeke2025smes,quantitative,TOE clusters,8,clusters,,abstract,"(1) compatibility, (2) infrastructure, (3) knowledge, (4) resources, (5) culture, (6) competition, (7) regulation, and (8) ecosystem: according to the technology-organization-environment model"
schwaeke2025smes,qualitative,gaps,,,,abstract,notably overlooking trends identification as a pivotal driver and neglecting legal requirements
oldemeyer2025smes,quantitative,challenges identified,27,distinct challenges perceived by SMEs,,abstract,it led to the discovery of a total of 27 different challenges perceived by SMEs in the adoption of AI
oldemeyer2025smes,qualitative,most common barriers,,,,abstract,"The lack of knowledge, costs, and inadequate infrastructure are perceived as the most common barriers to implementation"
oldemeyer2025smes,qualitative,policy implication,,,,abstract,"This illustrates the need for a wide range of support for SMEs regarding an AI introduction, which covers various subject areas, like funding and advice, and differentiates between company sizes."
hansen2021aiiot,qualitative,scope,,,,abstract,"This paper presents a comprehensive survey and investigation of how widespread AI and IoT are among manufacturing SMEs, and discusses the current limitations and opportunities towards enabling predictive analytics."
hansen2021aiiot,qualitative,gap: large-firm bias of the literature,,,,abstract,"Many publications regarding these topics have been published, but they are primarily focused on larger enterprises."
brynjolfsson2021jcurve,quantitative,adjusted TFP vs official (end 2004),11.3,% higher than official TFP,2004,NBER WP p. 2 (abstract),"Our adjusted measure TFP is 11.3% higher than official measures at the end of 2004, and 15.9% higher than official measures at the end of 2017."
brynjolfsson2021jcurve,quantitative,adjusted TFP vs official (end 2017),15.9,% higher than official TFP,2017,NBER WP p. 2 (abstract),and 15.9% higher than official measures at the end of 2017.
brynjolfsson2021jcurve,qualitative,AI-related intangibles effect,,,,NBER WP p. 2 (abstract),We then assess how AI-related intangible capital may be currently affecting measured productivity and find the effects are small but growing.
brynjolfsson2021jcurve,qualitative,mechanism,,,,NBER WP p. 2 (abstract),We develop a model that shows how this leads to an underestimation of productivity growth in the early years of a new GPT
acemoglu2025macro,quantitative,upper bound TFP gain over 10 years,0.66,% increase in TFP,,"abstract (Economic Policy, Crossref) and NBER WP p. 2",these macroeconomic effects appear non-trivial but modest - no more than a 0.66% increase in total factor productivity (TFP) over 10 years.
acemoglu2025macro,quantitative,TFP gain accounting for hard-to-learn tasks,0.53,% (less than) TFP over 10 years,,"abstract (Economic Policy, Crossref) and NBER WP p. 2",predicted TFP gains over the next 10 years are even more modest and are predicted to be less than 0.53%.
acemoglu2025macro,qualitative,distributional effect,,,,"abstract (Economic Policy, Crossref)",AI is predicted to widen the gap between capital and labour income.
czarnitzki2023productivity,quantitative,AI users in cross-section,409,"firms (about 7% of 5,851)",2018,p. 18 (manuscript),"our cross-sectional sample contains 5,851 firms out of which 409 can be classified as AI users (about 7%)."
czarnitzki2023productivity,quantitative,raw sales premium of AI users,13.9,% higher sales than non-users,2018,p. 25 (manuscript),"AI users annually sell, on average, 13.9% more than non-users."
czarnitzki2023productivity,quantitative,conditional productivity premium,5.5,to 5.7 % higher sales (with controls),2018,p. 25 (manuscript),The marginal effect then implies about 5.5 - 5.7% higher sales.
czarnitzki2023productivity,quantitative,panel IV effect of AI use,6.2,% productivity growth (IV); 4.4% with entropy balancing,2018,p. 32 (manuscript),The marginal effect amounts to about 6.2% in the IV regression and to 4.4% when entropy balancing is used additionally.
czarnitzki2023productivity,quantitative,uses of AI among adopters,60,% of AI users using AI in products or services,2018,p. 18 (manuscript),"About 60% of AI-using firms used AI in products or services, 56% for the automation of processes, 34% for data analysis"
rammer2022innovation,quantitative,share of AI-using firms,5.8,% of firms,2019,"p. 1 (abstract, manuscript)",The results show that 5.8% of firms in Germany were actively using AI in their business operations or products and services in 2019.
rammer2022innovation,quantitative,AI use in electronics and electrical equipment manufacturing,11.0,% of firms,2019,p. 11 (manuscript),"In manufacturing industries, highest shares are found for the electronics and electrical equipment industry (11.0%) and the chemicals and pharmaceuticals industry (8.4%)."
rammer2022innovation,quantitative,size gradient in AI use,3.3,"% (5-9 employees) vs 30.8% (1,000+)",2019,p. 12 (manuscript),"small firms show substantially lower AI use rates (3.3% for firms with 5 to 9 employees, 5.4% for firms with 10 to 19 employees) compared to large firms (30.8% for firms with 1,000 or more employees)."
rammer2022innovation,quantitative,AI-associated world-first innovation sales,18,% of total world-first innovation sales (about EUR 16 billion),2018,"p. 1 (abstract, manuscript)",annual sales with world-first product innovations in these firms of about €16 billion (i.e. 18% of total annual sales of world-first innovations).
rammer2022innovation,quantitative,reliance on external AI,60,% of AI-using firms relying on externally developed AI,2019,p. 11 (manuscript),relied on externally developed AI methods (60% of AI-using firms).
baker2012toe,quantitative,"TOE framework: three elements of a firm's context influence adoption decisions (technological, organizational, environmental)",3 contexts,qualitative,2012,chapter p.232 (PDF p.2),"These three elements are the technological context, the organizational context, and the environmental context. All three are posited to influence technological innovation."
damioli2021productivity,quantitative,sample,5257,companies with >=1 AI patent,2016,abstract,We test this hypothesis using a worldwide sample of 5257 companies having filed at least a patent related to the field of AI between 2000 and 2016.
damioli2021productivity,qualitative,productivity effect of AI patents,,,,abstract,AI patent applications generate an extra-positive effect on companies' labor productivity.
damioli2021productivity,qualitative,heterogeneity,,,,abstract,The effect concentrates on SMEs and services industries
rogers2009diffusion,qualitative,Definition of diffusion: the process by which an innovation is communicated through certain channels over time among the members of a social system,definition,qualitative,2009,p.418,"Diffusion is the process by which an innovation is communicated through certain channels over time among the members of a social system (Rogers, 2003)"
gartner2024genaiabandon,quantitative,Gen AI projects abandoned after proof of concept by end-2025 (prediction),>=30,% of gen AI projects,2025,"Press release, first paragraph","At least 30% of generative AI (GenAI) projects will be abandoned after proof of concept by the end of 2025, due to poor data quality, inadequate risk controls, escalating costs or unclear business value"
gartner2024genaiabandon,quantitative,Cost of gen AI deployment approaches (business model transformation),5 to 20,USD million,2024,"Press release, 'Figure 1' paragraph","these deployment approaches come with significant costs, ranging from $5 million to $20 million"
gartner2024genaiabandon,quantitative,Self-reported revenue increase from gen AI (early adopters),15.8,% average,2023,Section 'Realizing Business Value',"respondents reported 15.8% revenue increase, 15.2% cost savings and 22.6% productivity improvement on average. The survey of 822 business leaders was conducted between September and November 2023"
gartner2024genaiabandon,quantitative,Self-reported cost savings from gen AI (early adopters),15.2,% average,2023,Section 'Realizing Business Value',15.2% cost savings
gartner2024genaiabandon,quantitative,Self-reported productivity improvement from gen AI (early adopters),22.6,% average,2023,Section 'Realizing Business Value',22.6% productivity improvement on average
gartner2025aimaturity,quantitative,"AI initiatives remaining in production 3+ years, high-maturity organizations",45,% of leaders,2024,"Press release, first paragraph",Forty-five percent of leaders in organizations with high AI maturity said their AI initiatives remain in production for three years or more
gartner2025aimaturity,quantitative,"AI initiatives remaining in production 3+ years, low-maturity organizations",20,% of leaders,2024,"Press release, first paragraph",This compares to only 20% in low-maturity organizations.
gartner2025aimaturity,quantitative,Data availability and quality among top implementation challenges (low / high maturity),34 / 29,% of leaders,2024,Section 'Data Availability and Quality Challenge AI Implementation',"data availability and quality are among the top challenges in AI implementation, as identified by 34% of leaders from low-maturity and 29% from high-maturity organizations"
gartner2025aimaturity,quantitative,"Finding the right use case as top barrier, low-maturity organizations",37,% of leaders,2024,Section 'Data Availability and Quality Challenge AI Implementation',37% of leaders in low-maturity organizations said finding the right use case was a top barrier
gartner2025aimaturity,quantitative,Business units trust and are ready to use new AI solutions (high vs low maturity),57 vs 14,% of organizations,2024,Paragraph on trust,"in 57% of high-maturity organizations, business units trust and are ready to use new AI solutions compared with only 14% of low-maturity organizations"
gartner2025aimaturity,quantitative,High-maturity organizations that run ROI analysis and measure customer impact,63,% of leaders,2024,Section 'Implement Metrics for Optimal AI Results',"63% of leaders from high-maturity organizations run financial analysis on risk factors, conduct ROI analysis and concretely measure customer impact"
gartner2025mfgstrategy,quantitative,Organizations lacking confidence that their manufacturing strategy will deliver over 3 years,49,% of respondents,2025,"Press release, first paragraph",Nearly half of organizations lack confidence in their manufacturing strategy to deliver on business outcomes over the next three years
gartner2025mfgstrategy,quantitative,Organizations not pursuing aggressive redesign of manufacturing operations needed for AI/robotics,about 67,% of respondents,2025,"Press release, second paragraph","two-thirds of organizations are not pursuing the needed aggressive redesign of manufacturing operations to deliver on expectations for advanced automation, including the use of AI technologies and autonomous robots"
gartner2025mfgstrategy,quantitative,Integrating supply chain and manufacturing as the most significant challenge,66,% of respondents,2025,Quote by Simon Jacobson,66% of survey respondents say integrating supply chain and manufacturing is the most significant challenge for the next three years
gartner2025mfgstrategy,quantitative,Sample size and timing,128,manufacturing/supply chain leaders,2025,"Press release, third paragraph",Gartner surveyed 128 leaders with responsibility for manufacturing or supply chain decisions in May 2025
gartner2026aisupplychain,quantitative,CSCOs citing integration of AI with legacy systems and processes as a major challenge,56,% of CSCOs,2025,"Press release, first paragraph",More than half (56%) of chief supply chain officers (CSCOs) say integrating AI with legacy systems and processes is a major challenge
gartner2026aisupplychain,quantitative,CSCOs with limited internal expertise or talent to implement and manage AI,50,% of CSCOs,2025,"Press release, first paragraph",50% say that they have limited internal expertise or talent to implement and manage AI
gartner2026aisupplychain,quantitative,Sample description,140,"senior supply chain leaders, revenue >= USD 250m",2025,"Press release, second paragraph","Gartner surveyed 140 senior supply chain leaders from organizations with annual revenues of $250 million or more from October to November, 2025"
gartner2026scorchestration,quantitative,Supply chain organizations pursuing immediate transformational redesign of processes with AI,17,% of organizations,2025,"Press release, second paragraph",only 17% of supply chain organizations are pursuing immediate transformational redesign of their processes and workflows
gartner2026scorchestration,quantitative,Supply chain organizations applying AI incrementally or gradually scaling,83,% of organizations,2025,"Press release, second paragraph",83% are either applying AI incrementally to specific use cases or gradually scaling it into integrated processes
kpmg2024italyai,quantitative,Large Italian firms that have already launched AI projects,43,% of firms,2024,Section 'L'AI nelle aziende italiane: i risultati della survey KPMG-IPSOS',quasi la meta (43%) che ha gia avviato progetti in questo ambito e la maggioranza (57%) che prevede di farlo in futuro
kpmg2024italyai,quantitative,Large Italian firms planning AI projects in future,57,% of firms,2024,Section 'L'AI nelle aziende italiane: i risultati della survey KPMG-IPSOS',la maggioranza (57%) che prevede di farlo in futuro
kpmg2024italyai,quantitative,Firms expecting AI to improve their economic situation,73,% of firms,2024,Section 'L'AI nelle aziende italiane: i risultati della survey KPMG-IPSOS',"Il 73% delle aziende, infatti, ritiene che grazie allo sviluppo dell'AI la situazione economica della propria azienda migliorera"
kpmg2024italyai,quantitative,"Firms expecting AI to change the business model, especially in production",64,% of respondents,2024,Section 'L'AI nelle aziende italiane: i risultati della survey KPMG-IPSOS',"Il 64% dei rispondenti ritiene che l'AI cambiera il modello di business dell'azienda, soprattutto nell'area produzione"
kpmg2024italyai,quantitative,Sample,150,large Italian companies,2024,Section 'L'AI nelle aziende italiane: i risultati della survey KPMG-IPSOS',"KPMG, in collaborazione con IPSOS, ha effettuato un'indagine su un campione di 150 aziende italiane di grandi dimensioni"
kpmg2025ceoitaly,quantitative,CEOs planning to allocate 10-20% of budget to AI in next 12 months (global),about 70,% of CEOs,2025,p.2,circa il 70% che intende destinare tra il 10% e il 20% del proprio budget all'AI nei prossimi 12 mesi
kpmg2025ceoitaly,quantitative,CEOs expecting ROI on AI within 1-3 years (global),67,% of CEOs,2025,p.2,Il 67% prevede un ritorno sull'investimento entro 1-3 anni (in aumento rispetto ai 3-5 anni indicati nel 2024)
kpmg2025ceoitaly,quantitative,Top obstacles to growth: cyber attacks / workforce readiness for AI / integrating AI into processes (global),79 / 77 / 75,% of CEOs,2025,p.1,"attacchi informatici e insicurezza digitale (79%), preparazione della forza lavoro all'AI o aggiornamento delle competenze (77%) e integrazione efficace dell'AI nei processi aziendali (75%)"
kpmg2025ceoitaly,quantitative,Italian CEOs for whom AI remains a priority investment,64,% of Italian CEOs,2025,p.3,l'intelligenza artificiale rimane un investimento prioritario per il 64% dei CEO italiani
kpmg2025ceoitaly,quantitative,Italian CEOs concentrating risk-mitigation investment on integrating AI in operations,38,% of Italian CEOs,2025,p.3,i CEO italiani hanno concentrato gli investimenti principalmente nell'integrazione dell'AI nelle operations (38%)
kpmg2025ceoitaly,quantitative,Main AI benefit cited by Italian CEOs: decision-making and data analysis,26,% of Italian CEOs,2025,p.3,"il miglioramento delle capacita decisionali e di analisi dei dati (26%), l'aumento dell'efficienza e della produttivita, attraverso l'automatizzazione delle attivita routinarie (20%)"
kpmg2025ceoitaly,quantitative,CEOs concerned about AI impact on company culture (global),63,% of CEOs,2025,p.2,il 63% dei CEO e preoccupato per l'impatto dell'AI sulla cultura aziendale
kpmg2025ceoitaly,quantitative,Sample (global),"about 1,300","CEOs, revenue > USD 500m",2025,p.1,"I risultati, raccolti intervistando circa 1.300 leader di aziende globali con un fatturato annuo superiore a 500 milioni di dollari"
kpmg2025ceoima,quantitative,Industrial manufacturing CEOs saying AI is a top investment priority,68,% of IM CEOs,2025,p.5,81% of automotive and 68 percent of IM CEOs say AI is a top investment priority
kpmg2025ceoima,quantitative,CEOs planning to allocate 10-20% of budget to AI over next year,70,% of CEOs (both industries),2025,p.5,70% plan to allocate 10-20 percent of their budget to AI over the next year
kpmg2025ceoima,quantitative,Manufacturing leaders expecting ROI on AI within 1-3 years (2025 vs 2024),63 (vs 48 in 2024),% of IM CEOs,2025,p.12,"63% of manufacturing leaders and 64% of automotive leaders expect return on investment (ROI) in AI within 1-3 years (in 2024 the corresponding figures for automotive were 43 percent, and 48 percent for IM)"
kpmg2025ceoima,quantitative,IM CEOs expecting agentic AI to have a significant impact on efficiency and cost,51,% of IM CEOs (n=120),2025,p.13 and p.14,45 percent of automotive leaders and 51 percent of IM CEOs expect agentic AI to have a significant impact on efficiency and cost
kpmg2025ceoima,quantitative,IM CEOs expecting a transformational impact from agentic AI,13,% of IM CEOs (n=120),2025,p.13,only 18 percent of automotive CEOs and 13 percent of IM CEOs expect that there will be a transformational impact
kpmg2025ceoima,quantitative,IM CEOs confident their data is prepared for AI integration,76,% of IM CEOs,2025,p.12,only 70 percent automotive and 76 percent IM CEOs feel confident their data is prepared for AI integration
kpmg2025ceoima,quantitative,IM CEOs believing employees already have the right skills to leverage AI,74,% of IM CEOs,2025,p.14,79 percent of automotive CEOs and 74 percent of IM CEOs believe their employees already have the right skills to leverage AI
kpmg2025ceoima,quantitative,Biggest challenge in attracting/retaining AI talent: gap between existing skills and desired capabilities (IM),33,% of IM CEOs,2025,p.5,The biggest challenge in attracting and retaining AI talent is bridging the gap between existing skills and desired capabilities (33 percent for IM and 29 percent for automotive)
kpmg2025ceoima,quantitative,Top benefit of AI: increased efficiency and productivity,22,% of CEOs,2025,p.12,The top benefits of AI are seen as increased efficiency and productivity (22 percent) and enhanced decision-making and data analysis (21 percent)
kpmg2025ceoima,quantitative,Sample,"230 (110 automotive, 120 IM)","CEOs, revenue > USD 500m",2025,p.14 and p.23,"The survey included CEOs from 11 key markets (Australia, Canada, China, France, Germany, India, Italy, Japan, Spain, UK and US)"
kpmg2026techreport,quantitative,"Organizations at top AI maturity (production at scale, ROI across multiple use cases), 2024 -> 2025",31 -> 24,% of respondents,2025,"p.9, Figure 4",there has been a 7-percentage-point decline compared to our previous survey in the share of organizations successfully deploying AI use cases into production at scale and realizing ROI across multiple use cases
kpmg2026techreport,quantitative,Organizations expecting to reach top AI maturity by end 2026,68,% of respondents,2026,p.9,Sixty-eight percent expect to reach the highest level of AI adoption by the end of 2026
kpmg2026techreport,quantitative,Organizations reporting AI use cases provide business value vs achieving ROI across multiple use cases,74 vs 24,% of respondents,2025,p.13,"While most organizations (74 percent) report that their AI use cases are providing business value, only 24 percent say they are achieving ROI across multiple use cases"
kpmg2026techreport,quantitative,Organizations fully scaled (average across 10 technology categories),11,% of respondents,2025,p.7,11 percent of organizations are fully scaled and are focusing on continuous improvement
kpmg2026techreport,quantitative,Organizations lacking the talent needed for digital transformation plans,53,% of respondents,2025,p.9,Just over half of organizations surveyed (53 percent) still lack the talent needed to bring their digital transformation plans to life
kpmg2026techreport,quantitative,Executives saying traditional ROI measures are not sufficient for AI,58,% of respondents,2025,p.13,"for AI projects, traditional measures of ROI are not sufficient, and 58 percent of organizations acknowledge this"
kpmg2026techreport,quantitative,Executives struggling to demonstrate the value of AI to stakeholders,55,% of respondents,2025,p.13,55 percent of tech executives say they struggle to demonstrate the value of AI to both stakeholders and shareholders
kpmg2026techreport,quantitative,Average self-reported tech ROI,2x,multiple,2025,p.12,tech executives in our survey reported that the average tech ROI stands at 200 percent (2x)
kpmg2026techreport,quantitative,Sample,"2,500","tech executives, 27 countries",2025,p.4,"This study is based on a survey of: 2,500 tech executives from 27 countries"
kpmg2026techreport_im,quantitative,"IM executives reporting active deployment of AI use cases delivering business value (vs cross-sector, vs prior year)",49 (vs 28 cross-sector; 42 a year ago),% of IM executives,2025,p.6,"49% of executives report active deployment of AI use cases that are delivering business value, significantly higher than the cross-sector average of 28 percent, and an increase from 42 percent a year ago"
kpmg2026techreport_im,quantitative,Planned upgrade: AI/ML for predictive quality control (next 24 months),52,% of IM executives,2025,p.7,AI and machine learning for predictive quality control 52%
kpmg2026techreport_im,quantitative,Planned upgrade: advanced analytics to reduce downtime,40,% of IM executives,2025,p.7,Advanced data analytics to increase time to market and reduce downtime 40%
kpmg2026techreport_im,quantitative,Planned upgrade: generative AI for product design and customisation,38,% of IM executives,2025,p.7,Generative AI for product design and customisation 38%
kpmg2026techreport_im,quantitative,Planned upgrade: edge AI for real-time decisions on production floors,31,% of IM executives,2025,p.7,Edge AI for real-time decision-making on production floors 31%
kpmg2026techreport_im,qualitative,Integration of AI into manufacturing processes lags (qualitative),n/a,statement,2025,p.6,the integration of AI into actual manufacturing processes themselves sits further back at the moment
kpmg2026techreport_im,quantitative,Centralised AI governance led by IT,70,% of IM organisations,2025,p.7,"most organisations (70 percent) are taking a centralised approach, with the IT function leading implementation efforts"
kpmg2026techreport_im,quantitative,Believe organisation is building strong AI data foundations vs cite unreliable data as top AI risk,83 vs 76,% of IM executives,2025,p.9,over four-fifths of executives (83 percent) believe that their organisation is building strong AI data foundations ... three-quarters (76 percent) cite insufficiently reliable data among the top expected AI risks
kpmg2026techreport_im,quantitative,Managing AI agents will become an important workplace skill within 5 years,89,% of IM executives,2025,p.8,Nearly nine in ten executives (89 percent) agree that managing AI agents will become an important workplace skill in the next five years
kpmg2026techreport_im,quantitative,Traditional KPIs no longer sufficient for tracking AI performance,59,% of IM executives,2025,p.8,a majority of respondents (59 percent) agree that traditional KPIs no longer suffice for tracking AI performance
kpmg2026techreport_im,quantitative,IM respondents investing more than USD 50m in digital technologies,76 (vs 72 all-sector),% of IM executives,2025,p.4,76 percent of IM respondents confirming that they are investing more than US$50m compared to the 72 percent all-sector average
kpmg2026pulseq3,quantitative,Leaders reporting measurable business value from AI initiatives,58,% of leaders,2026,p.2,Nearly 6 in 10 leaders (58%) report measurable business value from their AI initiatives
kpmg2026pulseq3,quantitative,Where value is reported: productivity / decision-making / financial outcomes,55 / 49 / 37,% of leaders,2026,p.2,55% Productivity 49% Decision-making 37% Financial outcomes
kpmg2026pulseq3,quantitative,"Projected AI investment in next 12 months, Q3 2026 vs Q3 2025",173 vs 130,USD million (average),2026,p.2,"$173 M $130 M ... Projected AI investment in next 12 months continues to rise, up to 33% year-over-year"
kpmg2026pulseq3,quantitative,"Leaders building, testing or deploying AI agents",62,% of leaders,2026,p.4,AI agents are increasingly moving out of the pilot phase and into the enterprise. Multi-agent deployment is up four-fold. 62% 25% 6%
kpmg2026pulseq3,quantitative,Multi-agent systems deployed (Q3 2026 vs prior quarter),25 vs 6,% of leaders,2026,p.4,Multi-agent deployment is up four-fold. 62% 25% 6%
kpmg2026pulseq3,quantitative,"Organizations that have deployed at least some AI agents (Q3 2025, up from Q1 2025)",42 (from 11),% of organizations,2025,kpmg2025pulseq3.pdf p.3,"deployment increasing from 11% (Q1) to 33% (Q2) to 42% by Q3'25, while exploration decreased from 25% to 2%"
kpmg2026pulseq3,quantitative,"Top challenges to deploying agents, Q3 2025: complexity of agentic systems / technical skills gaps",71 / 55,% of organizations,2025,kpmg2025pulseq3.pdf p.3,"In Q3'25, complexity of agentic systems (71%) and technical skills gaps (55%) remain key challenges. Meanwhile, workforce resistance dropped from 47% in Q2'25 to 21% Q3'25"
kpmg2026pulseq3,quantitative,Leaders anticipating measurable ROI within 12 months (Q3 2025),57,% of leaders,2025,kpmg2025pulseq3.pdf p.1,57% anticipate measurable ROI in the next 12 months
kpmg2026pulseq3,quantitative,Agree traditional business metrics insufficient to measure AI impact (Q3 2025),78,% of leaders,2025,kpmg2025pulseq3.pdf p.2,78% agree or strongly agree that traditional business metrics are becoming insufficient in measuring AI's impact
idc2024msftai,quantitative,"Respondents reporting AI adoption, 2023 -> 2024 (screener incl. terminates)",71 -> 78,% of respondents,2024,p.8,"While AI adoption is growing steadily from 71% in 2023 to 78% in 2024, generative AI adoption grew rapidly over the same period"
idc2024msftai,quantitative,"Current and planned use of GenAI, 2023 -> 2024",55 -> 75,% of respondents,2024,p.8,"Current and Planned Use of GenAI, 2023 versus 2024 (Percentage of respondents) 75% 55%"
idc2024msftai,quantitative,Self-estimated ROI per USD 1 invested in GenAI (worldwide; Western Europe),3.7x; 3.7x,multiple,2024,p.14 and p.38,"For every $1 an organization invests in GenAI, they are realizing an average of 3.7x return"
idc2024msftai,quantitative,"Self-estimated ROI on GenAI / AI initiatives, manufacturing",3.4x / 3.3x,multiple,2024,p.15,Average return on investment on GenAI initiatives ... Manufacturing ... 3.4x ... AI initiatives ... 3.3x
idc2024msftai,quantitative,Top concerns about implementing AI: data security / data governance / privacy (worldwide),41 / 41 / 39,% of respondents,2024,p.18,Data security 41% ... Data governance 41% ... Privacy 39% ... Compliance with regulations 39%
idc2024msftai,quantitative,Respondents very/extremely prepared to take advantage of AI in 24 months (worldwide; Western Europe),60; 54,% of respondents,2024,p.27 and p.43,"In 2024, 60% of respondent organizations worldwide are very or extremely prepared to take full advantage of AI/GenAI capabilities in the next 24 months versus 46% in 2023"
idc2024msftai,quantitative,"Share of 'AI leaders' vs 'laggards', Western Europe",23 vs 31,% of respondents,2024,p.24 and p.42,Western Europe ... Leaders 23% ... Laggards 31%
idc2025europeai,quantitative,European AI spending forecast 2028,144.6,USD billion,2028,"Press release, first paragraph","European spending in artificial intelligence will reach $144.6 billion in 2028, based on a compound annual growth rate (CAGR) of 30.3% over the 2024-2028 forecast period"
idc2025europeai,quantitative,GenAI share of European AI market (current; 2028),about 25; about 33,% of AI spending,2025,"Press release, first paragraph","Generative AI (GenAI) is gaining momentum in Europe, currently accounting for nearly a fourth of the total AI market. By 2028, its share is expected to grow to one-third"
idc2025europeai,quantitative,European companies planning to allocate up to 30% of AI budget to GenAI,87,% of companies (IDC 2024 survey),2024,"Press release, second paragraph","According to IDC's 2024 Industry IT & Communications Survey, 87% of European companies plan to allocate up to 30% of their total AI budget to GenAI solutions"
idc2025europeai,quantitative,Financial services share of European AI spending 2025,23,% of market,2025,"Press release, industry paragraph",the financial services sector is expected to spend the most proportionally on AI solutions (23% of the market in 2025)
idc2025europeai,qualitative,Functional areas where AI/GenAI most applied in 2025,n/a,ranking,2025,"Press release, functional use cases paragraph","In 2025, customer service, IT operations, AI infrastructure provisioning, and sales are the areas where AI and GenAI are most frequently applied"
idc2026europeai,quantitative,European AI spending forecast 2030,about 470,USD billion,2030,"Press release, first paragraph","European spending on artificial intelligence will reach nearly $470 billion in 2030, growing at a compound annual growth rate (CAGR) of 35.0% over the 2025-2030 forecast period"
idc2026europeai,quantitative,GenAI share of European AI market by end of period,55.4,% of AI spending,2030,Section 'European AI Market-at-a-Glance',GenAI share of market by end of period: 55.4%
idc2026europeai,quantitative,Software share of European AI spending 2026,54.9,% of AI spending,2026,Section 'European AI Market-at-a-Glance',Largest technology segment: Software (54.9% of total spending in 2026)
idc2026europeai,quantitative,Banking share of European AI spending 2026,12.6,% of market,2026,Section 'European AI Market-at-a-Glance',"Largest industry: Banking (12.6% of the market in 2026); Financial Services overall (Banking, Insurance, Capital Markets): 19.2%"
mckinsey2024stateai,quantitative,Respondents whose organizations adopted AI in at least one function,72,% of respondents,2024,p.3 (Exhibit 1),"For the past six years, AI adoption by respondents' organizations has hovered at about 50 percent. This year, the survey finds that adoption has jumped to 72 percent"
mckinsey2024stateai,quantitative,Respondents whose organizations regularly use gen AI in at least one function,65,% of respondents,2024,p.2,"65 percent of respondents report that their organizations are regularly using gen AI, nearly double the percentage from our previous survey just ten months ago"
mckinsey2024stateai,quantitative,Organizations with AI in 2+ / 3+ / 4+ / 5+ functions,50 / 27 / 15 / 8,% of respondents,2024,p.4 (Exhibit 2),"Half of respondents say their organizations have adopted AI in two or more business functions, up from less than a third of respondents in 2023"
mckinsey2024stateai,quantitative,Regular gen AI use by function: manufacturing; supply chain/inventory (lowest),4; 6,% of respondents,2024,"p.5 (Exhibit 3, read from chart layout)","Respondents' organizations regularly using generative AI (gen AI), by function, % of respondents 34 23 17 16 16 13 12 8 7 6 4 ... Supply chain/inventory management ... Manufacturing"
mckinsey2024stateai,qualitative,Manufacturing impact data suppressed for small base,n/a,statement,2024,p.10,"Data for manufacturing and strategy and corporate finance are not shown, because the base sizes were too small to meet the reporting threshold"
mckinsey2024stateai,quantitative,Gen AI users attributing more than 10% of EBIT to gen AI ('high performers'),46 of 876 (about 5),respondents (%),2023,p.18,only a small subset of respondents (46 out of 876) report that a meaningful share of their organizations' EBIT can be attributed to their deployment of gen AI
mckinsey2024stateai,quantitative,Respondents whose organizations experienced at least one negative consequence of gen AI,44,% of respondents,2024,p.13,44 percent of respondents saying their organizations have experienced at least one consequence
mckinsey2024stateai,quantitative,Organizations with an enterprise-wide responsible-AI council,18,% of respondents,2024,p.14,just 18 percent say their organizations have an enterprise-wide council or board with the authority to make decisions involving responsible AI governance
mckinsey2024stateai,quantitative,Methodology,"1,363",participants,2024,p.23,"The online survey was in the field from February 22 to March 5, 2024, and garnered responses from 1,363 participants representing the full range of regions, industries, company sizes, functional specialties, and tenures"
mgi2024futurework,quantitative,Occupational transitions required in Europe by 2030 (faster adoption scenario),up to 12,million transitions,2030,p.5 and p.17,"By 2030, Europe could require up to 12 million occupational transitions, double the prepandemic pace"
mgi2024futurework,quantitative,Europe manufacturing labour demand 2022 -> 2030 (faster scenario),26.7 -> 26.2,million workers,2030,p.42 (Exhibit 5),"Share of labor demand, 2022-30, % 26.7M ... 26.2M"
mgi2024futurework,quantitative,Manufacturing workers in Europe who may need to change occupation by 2030,about 2.1,million,2030,p.42,"Approximately 2.1 million individuals in Europe's manufacturing sector might need to change occupations by 2030, the second-most affected sector across all sectors"
mgi2024futurework,quantitative,Executives reporting shortage of workers with skills needed alongside new technologies,about 40,"% of executives (n=1,128)",2024,p.31,"About 40 percent of the executives surveyed pointed to a shortage of workers with these skills, which are needed for working alongside new technologies"
mgi2024futurework,quantitative,Executives planning to partner with educational institutions for retraining,38,% of executives,2024,p.35,38 percent of executives surveyed planning to partner externally with educational institutions
mgi2024futurework,quantitative,"Productivity growth under faster adoption scenario, Europe",2 to 3,% per year,2030,p.12,"a faster technology adoption scenario could be associated with productivity growth of roughly 2 to 3 percent per year, requiring some 12 million occupational transitions"
mgi2024futurework,quantitative,Survey sample,"1,128 (201 Italy)",C-level executives,2024,p.33 and p.64,"n = 1,128 C-level executives (305 from the US, 213 from Germany, 209 from the UK, 201 from Italy, and 200 from France)"
mgi2024placebets,quantitative,Gen AI potential boost to European labour productivity through 2030,up to 3,% per year,2030,p.2,could boost European labor productivity by up to 3 percent annually through 2030
mgi2024placebets,quantitative,Adoption gap of European organizations vs US counterparts,45 to 70,% lag,2024,p.2,"On adoption, European organizations lag behind their US counterparts by 45 to 70 percent"
mgi2024placebets,quantitative,Adoption gap for sectors of similar size incl. advanced manufacturing,45 to 55,% lag,2024,p.5,"When evaluating sectors of similar size in Western Europe and the United States (for example, advanced manufacturing, chemicals and materials, and construction and real estate), we find that those in Europe lag behind by 45 to 55 percent"
mgi2024placebets,quantitative,"Western Europe external AI spending gap vs US, similar-size sectors",61,% lower,2024,p.5,Western Europe lags behind the United States by an average of 61 percent for sectors of similar size
mgi2024placebets,quantitative,"Gen AI adoption in at least one function, North America vs Europe (2023 survey)",40 vs about 30,% of surveyed companies,2023,p.5,"40 percent of surveyed North American companies reporting having adopted gen AI in at least one business function, compared with about 30 percent for surveyed European companies"
mgi2024placebets,quantitative,"Gen AI productivity potential, Western Europe 2030 (total; advanced manufacturing)",575.1; 53.4,USD billion,2030,p.3 (Exhibit 1),Generative AI could add $575.1 billion to the European economy by 2030 ... Advanced manufacturing 53.4
bcg2026aiatwork_it,quantitative,"Frontline employees using AI regularly, Italy vs global vs India",62 vs 74 vs 95,% of frontline employees,2026,"Press release, second paragraph","il 62% dei dipendenti di prima linea usa l'AI regolarmente, contro il 74% della media globale e il 95% dell'India"
bcg2026aiatwork_it,quantitative,"Frontline employees saying AI changed the skills required by their role, Italy vs global",44 vs 60,% of frontline employees,2026,"Press release, second paragraph","Il 44% dei dipendenti operativi italiani ritiene che l'AI abbia modificato le competenze richieste dal proprio ruolo, dato che si confronta con il 96% dell'India e con il 60% della media globale"
bcg2026aiatwork_it,quantitative,"Regular AI users reporting higher job satisfaction, Italy vs global",44 vs 57,% of frontline regular users,2026,Section 'Il paradosso della soddisfazione',"In Italia, il 44% dei dipendenti di prima linea che usano l'AI con regolarita segnala un incremento della soddisfazione lavorativa, un valore inferiore alla media globale del 57%"
bcg2026aiatwork_it,quantitative,"AI agents already integrated in workflows (global, 2026 vs 2025)",30 vs 13,% of respondents,2026,Section 'Il paradosso della soddisfazione',"il 30% degli intervistati dichiara che sono gia integrati nei flussi di lavoro, piu del doppio rispetto al 13% rilevato nel 2025"
bcg2026aiatwork_it,quantitative,"Belief that agents could do at least half of own tasks within 3 years, Italy frontline vs global",34 vs 61,% of respondents,2026,Section 'Il paradosso della soddisfazione',"Il 61% crede che gli agenti potrebbero svolgere almeno meta delle proprie mansioni entro tre anni. Sul territorio domestico, la quota scende al 34% per i dipendenti di prima linea"
bcg2026aiatwork_it,quantitative,Italian frontline employees receiving clear leadership communication on AI use,33,% of frontline employees,2026,Paragraph on training,"tra i dipendenti di prima linea, appena il 33% riceve comunicazioni chiare dalla leadership sull'uso dell'AI e solo il 28% percepisce coerenza"
bcg2026aiatwork_it,quantitative,Regular users saving at least one full working day per week (global),42,% of regular frontline users,2026,Section 'Il tempo risparmiato',Il 42% degli utenti abituali tra i dipendenti di prima linea nel mondo risparmia almeno una giornata lavorativa intera a settimana grazie all'AI
bcg2026aiatwork_it,quantitative,Extra probability of measurable business improvement with end-to-end process redesign vs tool-only,+24,percentage points,2026,Final section,Le aziende che riprogettano integralmente i flussi operativi includendo l'AI hanno il 24% di probabilita in piu di registrare un miglioramento misurabile del business
bcg2026aiatwork_it,quantitative,Sample,"11,749","interviews, 14 markets",2026,"Press release, first paragraph","basato su 11.749 interviste a dirigenti, manager e dipendenti operativi condotte in 14 mercati, tra cui l'Italia"
bcg2026airadar_it,quantitative,"Average planned AI investment as share of revenue, 2026",1.7,% of revenue,2026,"Press release, second paragraph","le imprese investiranno in media l'1,7% dei ricavi in AI nel corso dell'anno, piu del doppio rispetto al 2025"
bcg2026airadar_it,quantitative,Companies continuing to invest in AI without immediate financial returns,94,% of companies,2026,"Press release, second paragraph",il 94% delle aziende continuera a investire in AI anche in assenza di ritorni finanziari immediati nel breve periodo
bcg2026airadar_it,quantitative,CEOs who are the main decision maker on AI,72,% of CEOs,2026,"Press release, third paragraph","Il 72% dei CEO dichiara, infatti, di essere il principale decision maker sull'intelligenza artificiale"
bcg2026airadar_it,quantitative,European CEOs confident AI will generate business value,61,% of CEOs (Europe),2026,Section 'In Europa cresce la fiducia',"In Europa, dove il 61% dei CEO si dichiara fiducioso nella capacita dell'Intelligenza Artificiale (AI) di generare valore per il business"
bcg2026airadar_it,quantitative,"Planned AI investment, industry and real estate",about 0.8,% of revenue,2026,"Section 'differenze geografiche, settoriali'","All'estremo opposto, industria e real estate pianificano investimenti pari a circa lo 0,8% dei ricavi, ma anch'essi in crescita rispetto agli anni precedenti"
bcg2026airadar_it,quantitative,Share of total AI investment directed to agentic AI,>30,% of AI investment,2026,Section 'AI agent',oltre il 30% degli investimenti complessivi in Intelligenza Artificiale sia oggi destinato all'agentic AI
bcg2026airadar_it,quantitative,CEO profiles: Pragmatist / Trailblazer / Follower,about 70 / 15 / 15,% of CEOs,2026,Section 'Tre tipologie di CEO',"La grande maggioranza, pari a circa il 70%, e composta dai Pragmatist ... Solo il 15% circa dei CEO puo essere definito Trailblazer ... Un altro 15% dei CEO rientra nella categoria dei Follower"
bcg2026airadar_it,quantitative,"Share of AI budget devoted to workforce training, Trailblazer vs Pragmatist vs Follower",60 vs 27 vs 24,% of AI budget,2026,Section 'Tre tipologie di CEO',"i CEO Trailblazer destinano in media il 60% del budget AI alla formazione e riqualificazione della forza lavoro, piu del doppio rispetto ai Pragmatist (27%) e ai Follower (24%)"
bcg2026airadar_it,quantitative,Sample,"2,360 (100 Italy; 640 CEOs)","top managers, 16 countries",2026,"Press release, third paragraph","Basata su un'indagine condotta su 2.360 top manager in 16 Paesi, tra cui 100 executive italiani e 640 CEO a livello globale"
pwc2026ceoitaly_ai,quantitative,Italian CEOs worried the company is not transforming fast enough for technological change (vs global),53 vs 42,% of CEOs,2026,Section 1,indicata come preoccupazione prioritaria dal 53% dei CEO italiani e dal 42% dei CEO a livello globale
pwc2026ceoitaly_ai,quantitative,Italian CEOs saying their company lacks a culture favourable to AI adoption (vs global),27 vs 9,% of CEOs,2026,Section 'Il gap culturale',il 27% dei CEO afferma che nella propria azienda non esiste una cultura favorevole all'adozione dell'IA (contro il 9% a livello globale)
pwc2026ceoitaly_ai,quantitative,"Formalised responsible-AI and risk processes, Italy vs global",34 vs 51,% of CEOs,2026,Section 'Il gap culturale',una minore formalizzazione dei processi di IA responsabile e gestione del rischio (34% Italia vs 51% globale)
pwc2026ceoitaly_ai,quantitative,"Clear AI implementation roadmap, Italy vs global",24 vs 51,% of CEOs,2026,Section 'Il gap culturale',una minore definizione di roadmap chiare per l'implementazione (24% Italia vs 51% globale)
pwc2026ceoitaly_ai,quantitative,"Ability to attract technical skills, Italy vs global",21 vs 42,% of CEOs,2026,Section 'Il gap culturale',una ridotta capacita di attrarre competenze tecniche (21% Italia vs 42% globale)
pwc2026ceoitaly_ai,quantitative,Italian CEOs seeing economic benefits from AI / seeing no revenue change,1 / 82,% of CEOs,2026,Section 'Il gap culturale',"solo l'1% dei CEO riscontri benefici economici derivanti dall'IA, mentre l'82% non osserva variazioni sul fatturato imputabili alla tecnologia"
pwc2026ceoitaly_ai,quantitative,Barriers to AI integration cited by Italian CEOs: skills / knowledge transfer / ROI uncertainty / cyber-privacy / resistance,46 / 37 / 31 / 27 / 27,% of CEOs,2026,Section 'Collaborazione e apertura',"mancanza di competenze (46%), difficolta nel trasferimento delle conoscenze e nella definizione delle esigenze di innovazione (37%), incertezza sui ritorni degli investimenti (31%)"
pwc2026ceoitaly_ai,quantitative,Italian CEOs without full understanding of digital innovation impact on sector and workforce,71,% of CEOs,2026,Section 1,il 71% dei CEO ammette di non avere ancora una comprensione piena dell'impatto che l'innovazione digitale potra avere sul proprio settore e sulla forza lavoro
teha2026aiskills,quantitative,"Potential annual GDP impact of pervasive AI adoption, Italy (TEHA model)",17.9,% of GDP,2026,p.13,"l'IA potrebbe generare un impatto economico pari al 17,9%"
teha2026aiskills,quantitative,Estimated potential value added from AI in Italian manufacturing,62.9,EUR billion,2026,p.13 and p.18,"contributo potenziale di 62,9 miliardi di euro di valore aggiunto"
teha2026aiskills,quantitative,Firms declaring a wide shortage of internal AI skills,86.7,% of surveyed firms,2026,p.13 and p.18,"l'ampia carenza di competenze interne dichiarata dalle imprese (86,7%)"
teha2026aiskills,quantitative,"Surveyed firms already using AI solutions (experimentation 31.3 + some business units 31.3 + company-wide 26.6), 2025 vs 2024",89.2 (vs 84.7),"% of surveyed firms (n=70, turnover > EUR 100m)",2025,"p.102, Figura 5","l'89,2% delle aziende dichiara di adottare gia tali soluzioni ... in crescita rispetto all'84,7% rilevato nel 2024"
teha2026aiskills,quantitative,Survey sample: companies with turnover above EUR 100 million,70,firms,2025,p.98,La survey ha coinvolto complessivamente 70 aziende con fatturato superiore a 100
teha2026aiskills,quantitative,Manufacturing respondents using AI vs all respondents,93.9 vs 89.2,% of respondents,2025,p.126,"93,9% delle imprese manifatturiere rispondenti dichiara ... a 89,2%, registrato tra tutti i rispondenti"
anitec2026digitale,quantitative,Italian AI market 2025 (growth),"1,380 (+47.6)",EUR million (%),2025,"p.61 (printed p.48), Figura 9","Nel 2025 la spesa destinata alle tecnologie dell'Intelligenza Artificiale ha raggiunto un valore di 1.380 milioni di euro, con una crescita del 47,6%"
anitec2026digitale,quantitative,Italian AI market 2023 and 2024,674.3; 935.2,EUR million,2024,"p.61 (printed p.48), Figura 9","1.380,0 935,2 +47,6% 674,3 +38,7% Valori in Mln EUR"
anitec2026digitale,quantitative,"Firms 10+ employees using at least one AI technology (Istat, quoted)",16.4 (from 8.2 in 2024 and 5.0 in 2023),% of firms,2025,p.61 (printed p.48),"la quota di imprese italiane con almeno 10 addetti che utilizza almeno una tecnologia di Intelligenza Artificiale ha raggiunto il 16,4%, piu che raddoppiando rispetto all'8,2% del 2024 e al 5,0% del 2023"
anitec2026digitale,quantitative,Main objective of AI projects: operational efficiency of processes (n=108 firms and PAs),85.3,% of respondents,2025,"p.62 (printed p.49), Figura 10","realizzata da NetConsulting cube su 108 aziende e pubbliche amministrazioni, evidenzia come i rispondenti si concentrino principalmente sul miglioramento dell'efficienza e della produttivita dei processi, indicato dall'85,3% del campione"
anitec2026digitale,quantitative,Objectives of AI projects: customer relations / data-driven decisions / document management,74.7 / 63.2 / 44.2,% of respondents,2025,"p.62 (printed p.49), Figura 10","Migliorare la relazione con utenti, cittadini o clienti 74,7% Ottenere informazioni utili dai dati a supporto delle decisioni e della pianificazione 63,2% Ottimizzazione Gestionale documentale 44,2%"
anitec2026digitale,quantitative,Digital spending of industrial companies 2025 (growth),11.3 (+3.7),EUR billion (%),2025,p.90 (printed p.77),"la spesa digitale sostenuta dalle aziende industriali ha toccato gli 11,3 miliardi di euro, per un aumento del 3,7% rispetto al 2024"
anitec2026digitale,quantitative,Industrial CIOs addressing AI solutions among technology projects (CIO Survey 2025),70.5,% of industrial sample,2025,"p.91 (printed p.78), Figura 4","Cybersecurity 79,5% BI e soluzioni di Advance Analytics 70,5% Soluzioni di Intelligenza Artificiale 70,5% Data Management 56,8%"
anitec2026digitale,quantitative,Industrial CIOs addressing IoT platforms / automation-RPA,25.0 / 31.8,% of industrial sample,2025,"p.91 (printed p.78), Figura 4","Soluzioni di automazione / RPA 31,8% Piattaforme IoT 25,0%"
agcom2026ia,quantitative,"Cumulative private AI investment, Italy 2013-2024 (AI Index, quoted)",1.3,USD billion,2024,"p.85, Figura 15",Italia Investimenti in IA dal 2013 al 2024: 1.3 mld $
agcom2026ia,quantitative,"Cumulative private AI investment, Germany / France / UK 2013-2025 (AI Index, quoted)",13.2 / 15.6 / 34,USD billion,2025,"p.85, Figura 15",Germania Investimenti in IA dal 2013 al 2025: 13.2 mld $ ... Francia Investimenti in IA dal 2013 al 2025: 15.6 mld $ ... Regno Unito ... 34 mld $
agcom2026ia,quantitative,"Cumulative private AI investment, United States 2013-2025 (AI Index, quoted)",757,USD billion,2025,p.85,"dal 2013 al 2025 gli investimenti privati cumulati in IA hanno raggiunto circa 757,3 miliardi di dollari negli Stati Uniti"
oecd2026eucpai_v2,quantitative,"EU manufacturing enterprises using AI, 2021 -> 2024 (10+ employees)",7 -> 11,% of enterprises,2024,p.139 (Figure 4.3),The share of enterprises using AI rose from 7% to 11% between 2021 and 2024 among enterprises with ten or more employees
oecd2026eucpai_v2,quantitative,"AI uptake in manufacturing vs all sectors, EU 2024",10.6 vs 13,% of enterprises,2024,p.139,"AI uptake in the manufacturing sector (10.6% of enterprises) remains below overall AI adoption across all sectors in the European Union, where 13% of enterprises with ten or more employees reported using AI"
oecd2026eucpai_v2,quantitative,"AI use by manufacturing industry, EU 2024: pharmaceuticals / electronics vs textiles / food / basic metals / wood-paper",26 / 25 vs 6 / 7 / 9 / 9,% of enterprises,2024,p.141 (Figure 4.6),"pharmaceuticals and electronics are emerging as frontrunners, with 26% and 25% of enterprises, respectively, reporting use of AI technologies. In contrast, adoption remains relatively limited in industries such as textiles and apparel (6%), food processing (7%), basic metals (9%)"
oecd2026eucpai_v2,quantitative,Sourcing of AI in EU manufacturing 2024: off-the-shelf / external providers / adapted / in-house,6 / 3 / >4 / <2,% of manufacturing enterprises,2024,p.141,approximately 6% of manufacturing enterprises reported using off-the-shelf commercial software or systems and 3% used technology developed by external providers ... less than 2% of manufacturing enterprises developed AI solutions internally in-house
oecd2026eucpai_v2,quantitative,Share of workers with AI skills in manufacturing,<2,% of workers (most member states),2024,p.139,"the share of workers with AI skills remains low in the sector, below 2% for most EU Member States (Figure 4.4)"
oecd2026eucpai_v2,qualitative,Overall assessment of AI adoption in EU manufacturing,n/a,statement,2026,p.130 (abstract),"Yet, the sector's adoption of AI remains modest and highly fragmented"
oecd2026eucpai_v2,qualitative,Barriers reported by interviewed enterprises (mid-size segment; SMEs),n/a,statement,2025,p.159,"These enterprises are most constrained by costs, lack of internal AI expertise and data fragmentation. SMEs frequently cite data scarcity as a key barrier"
chiarini2026aiproduction,quantitative,Questionnaire mailing and valid responses,229,"valid responses out of 19,706 SMEs contacted (295 returned)",2025-2026,Section 3 Methods,"A questionnaire was sent to 19,706 Italian manufacturing SMEs"
chiarini2026aiproduction,quantitative,Response cleaning,295 -> 229,responses,2025-2026,Section 3 Methods,"Of the 295 responses, 59 were excluded because they did not meet the criteria, and 7 were excluded due to missing data, leaving 229 valid responses."
chiarini2026aiproduction,quantitative,Sample composition by size class,4.8 / 34.1 / 61.1,% of respondents with 1-20 / 21-50 / 51-250 employees,2025-2026,Section 3 Methods,"Company sizes were: 11 (4.8%) with 1-20 employees, 78 (34.1%) with 21-50, and 140 (61.1%) with 51-250."
chiarini2026aiproduction,quantitative,Relevance of AI for resource consumption optimisation (highest rated application),65.9,% of respondents giving the maximum score 5,2025-2026,Section 5.1 Resource consumption optimisation,"These types of application showed the highest validated median, almost 5, with 151 fives (65.9%), 55 fours, and only 3 ones."
chiarini2026aiproduction,quantitative,Predictive maintenance: relevance scores and actual implementation,132 / 63 / 45,"respondents scoring 5 / scoring 4 / having already implemented fault-detection tools (45 of 229 = 19.7%, computed)",2025-2026,Section 5.3 Predictive and preventive maintenance,"132 respondents rated it ""5"" and 63 rated it ""4"" ... Forty-five respondents reported having already implemented fault-detection tools for machines and assembly stations"
chiarini2026aiproduction,quantitative,Scepticism towards AI for production scheduling,41 / 30.1,% of respondents scoring 1 / 2 (lowest relevance),2025-2026,Section 5.6 Production scheduling optimisation,"The variable SCHED has a frequency of 94 ones and 69 twos out of 229 (41% and 30.1%, respectively)"
chiarini2026aiproduction,quantitative,Scepticism towards AI for root-cause analysis,48,% of respondents scoring 1,2025-2026,Section 5.7 Root-cause analysis and identification,The variable CAUSE has a frequency of 110 ones and 64 twos out of 229 (48% of ones)
chiarini2026aiproduction,quantitative,Barriers cited in open comments (counts of respondents),79 / 76 / 72 / 50,respondents citing financial constraints / resistance to change / lack of strategic planning for AI / lack of skilled personnel (out of 229),2025-2026,Section 5.10 Organisational and environmental barriers,"A recurring theme among 72 respondents is the lack of strategic planning for AI implementation ... 50 managers noted a lack of personnel with the skills to evaluate, implement, or maintain AI systems"
ardito2025airevenue,quantitative,Sample,"11,429",SMEs (1-250 employees),2020,Section 4.1 Sample and data collection,"The survey gathered data from 11,429 European SMEs, encompassing several European countries and multiple sectors, focusing on enterprises with 1-250 employees"
ardito2025airevenue,quantitative,Operationalisation of the digital technology dummies,3 dummies,"AI, IoT, BDA (binary adoption)",2020,Section 4.2 Variable operationalization,"We built three distinct dummies reflecting the adoption of digital data technologies by the sample firms as indicated in the survey: (1) AI; (2) IoT, e.g. smart sensors; and (3) BDA, e.g. data mining and predictive analytics."
ardito2025airevenue,quantitative,Dependent variable: turnover growth over the last three years,4 categories,ordinal (decreased / stable / grown <30% / grown >=30%),2017-2020,Section 4.2 Variable operationalization,"It is a four-level ordinal variable equal to one in case it has decreased, two in case it has remained stable, three in case it has grown by less than 30%, and four in case it has grown by at least 30%."
ardito2025airevenue,quantitative,Ordered logit coefficient of AI adoption on revenue growth (H1),0.532,"coefficient, p = 0.001",2020,"Table 1, Model 1",AI coefficient: 0.532 (p = 0.001)
ardito2025airevenue,quantitative,Marginal effect of AI adoption on probability of turnover growth >= 30%,+15.1,percentage points (also -12.6 pp on probability of decreasing turnover),2020,Results section,"Firms adopting AI have 12.6% lower chances of reducing their turnover, 7.8% lower chances of maintaining stable their turnover, 5.3% higher chances of experiencing an economic growth of less than 30%, and 15.1% higher chances of experiencing an economic growth of at least 30%."
ardito2025airevenue,quantitative,Complementarity AI x IoT: marginal effect on probability of growth >= 30%,+21.3,"percentage points (coefficient 0.750, p = 0.000)",2020,"Table 1, Model 2 and Results section",Firms adopting AI and IoT concurrently have 17.8% lower chances of reducing their turnover ... and 21.3% higher chances of experiencing an economic growth at least of the 30%.
ardito2025airevenue,quantitative,Complementarity AI x BDA: coefficient and marginal effect on growth >= 30%,0.738 / +21.0,coefficient (p = 0.000) / percentage points,2020,"Table 1, Model 3",AI and BDA coefficient: 0.738 (p = 0.000); marginal effect for growth >= 30%: 0.210
cugno2025export,quantitative,Sample design,"2,972",manufacturing SMEs; maximum sampling error 1.8%,2022,Section 3.1 Data,"a survey on manufacturing firms carried out by Unioncamere (Italian Union of Chambers of Commerce) in 2022 on a representative sample of almost 2,972 Italian manufacturing SMEs"
cugno2025export,quantitative,Share of manufacturing SMEs adopting at least one 4.0 technology,26.6,% of SMEs (5-249 employees); mean 2.9 technologies among adopters,2022,Table 4 Summary statistics,"The 26.6% of the sample of 2,972 manufacturing Italian SMEs adopts 4.0 technologies with a mean of 2.9 4.0 technologies adopted"
cugno2025export,quantitative,Breadth of adoption among adopters (I40 index),2.862,"mean number of technologies (sd 0.837, min 1, max 12), n = 1,218 adopters",2022,Table 4 Summary statistics,"I40 | 1,218 | 2.862 | 0.837 | 1 | 12 ... (b) On the total of firms adopting technologies 4.0"
cugno2025export,quantitative,Technology mix among adopters: AI and machine learning vs others,17.6 / 15.1,"% of adopting SMEs (n = 1,218) using artificial intelligence / machine learning; simulation 41.1, big data 40.5, IoT 31.2, cloud 23.2, blockchain 5.9 (implies about 4.7% and 4.0% of all 2,972 SMEs, computed)",2022,Figure 2 '4.0 technologies adopted',"the most adopted technologies are simulation (41.1%), big data (40.5%) and advanced manufacturing (38.9), while the least implemented one is blockchain (5.9%)"
cugno2025export,quantitative,Share of SMEs exporting,53,"% of the 2,972 SMEs",2021-2022,Table 4 Summary statistics,"53% of the sample of 2,972 manufacturing Italian SMEs exported in 2021-2022"
cugno2025export,quantitative,Marginal effect of one additional 4.0 technology on probability of exporting,+3.3,"percentage points (probit, p<0.01)",2022,Table 6 Exporting status,I40: 0.033*** (0.007)
cugno2025export,quantitative,Marginal effect of one additional 4.0 technology on regular exporting and export growth,+2.9 / +1.9,"percentage points (ordered probit / probit, p<0.01); Tobit on export intensity 1.339*** (0.285)",2022,"Tables 7, 9, 10",I40: 0.029*** (0.006) ... I40: 1.339*** (0.285) ... I40: 0.019*** (0.005)
berton2025unions,quantitative,Share of firms (>=10 employees) adopting at least one ADT,46.5 (20.6 excl. cybersecurity),"% of firms, 2015-2017; mean 0.69 (0.29) technologies per firm",2018,Section 4 Data (Table 1),"On average, 46.5% (20.6%) of firms adopted at least one ADT in 2018, including (excluding) cybersecurity, with an average of 0.69 (0.29) per-firm innovations."
berton2025unions,quantitative,"ADT adoption, unionized vs non-unionized firms",56.1 vs 43.8 (27.4 vs 18.7 excl. cybersecurity),"% of firms; n = 2,641 unionized, 4,333 non-unionized",2018,Section 4 Data,"The 2641 unionized firms did so more frequently: 56.1% (27.4%) in terms of share and 0.86 (0.39) in absolute terms, while figures for non-unionized firms (4,333) were 43.8% (18.7%) and 0.64 (0.26) respectively."
berton2025unions,quantitative,Adoption window in the RIL question,2015-2017,three-year window,2018,Section 4 Data,"whether the firm adopted an ADT in the current or within the previous two years (thus, over the window 2015-2017)"
berton2025unions,quantitative,IV effect of workplace employee organisations on probability of ADT adoption,+15,percentage points per year,2015-2017,"Section 7 Main results, Table 3 panel a",the presence of workplace EOs enhances the probability to adopt an advanced digital technology by around 15 p.p. per year
berton2025unions,quantitative,IV effect on number of ADT adopted,0.41 (0.27 excl. cybersecurity),additional technologies per year,2015-2017,Section 7 Table 3 panel b; Section 8 Table 4,per-year impact estimate amounts to 0.41 for new advanced technologies adopted
berton2025unions,quantitative,Incidence of workplace employee representation by firm size,about 7 vs about 50,% of firms below vs above the 15-employee threshold,2018,Section 4 Data,"The share of firms reporting a workplace body of employee representation below the critical threshold of 15 employees is around 7%, while above is around 50%"
moncada2025humancapital,quantitative,Survey and sample,"1,795 -> 975 -> 845",manufacturing firms surveyed / non-micro / with AIDA data,2021,Section 3 Data,"a survey conducted in the first quarter of 2021, carried out on a representative sample of 1795 manufacturing firms"
moncada2025humancapital,quantitative,Share of non-micro manufacturing firms planning digital investment in 2021,73,"% (617 of 845, computed)",2021,Section 3 Data,"Out of 845, 617 firms are planning to invest in digital technologies in 2021."
moncada2025humancapital,quantitative,Effect of digital investment on probability of hiring highly educated staff,+27.6 to +44.8,% higher likelihood vs non-investing firms (Tobit/probit),2021,"Results, Tables 7-8","firms planning to invest a positive amount of funds to enhance the endowment of the internal digital technology equipment (software, hardware, and services) are between 27.6% and 44.8% more likely to hire new staff with high levels of education in 2021"
moncada2025humancapital,qualitative,Effect of digital investment on hiring low-educated workers,negative,statistically significant for the 15-50k and >200k euro investment classes,2021,"Results, Table 9",we also find that digital investments negatively influence the probability of hiring low-educated individuals
moncada2025humancapital,qualitative,Composition of the skill demand driven by digital investment,ITS diploma and STEM PhD/post-MSc,qualitative,2021,Abstract,mainly driven by the demand for individuals with a post-secondary technical institute (ITS) diploma and post-MSc qualifications or a PhD in STEM fields
basiglio2025impatience,quantitative,Share of firms investing in at least one digital technology,about 25,"% of firms, 2015-2017 (3% among firms declaring future investment only)",2018,Table 3,"about 25% of the firms financed 'at least one' digital technology over the period 2015-2017, a percentage that reduces to 3% if we consider the subgroup of firms that said they would invest in the future."
basiglio2025impatience,quantitative,Family ownership in the sample,96.2,% of firms,2018,Table 4,The strong prevalence of family-owned firms (96.2%)
basiglio2025impatience,quantitative,OLS effect of entrepreneur impatience on probability of digital investment,-15,percentage points for a 100% vs 0 discount rate,2015-2017,"Table 5, columns 3-4",a person with a 100% discount rate has almost a 15-percentage point lower probability of investing in digital technologies than a person with a zero discount.
basiglio2025impatience,qualitative,IV (earthquake exposure) confirms negative effect of impatience,"negative, larger than OLS",qualitative,2015-2017,"Section 4.3, Table 7","impatience significantly reduces the probability of adopting at least one type of technology, both when controlling for risk tolerance and when not."
basiglio2025impatience,quantitative,Measurement of time preference,1% to 300% premia,hypothetical 12-month premium choice,2018,Section 3 Data,"Would you rather receive x today or x + the following premia in 12 months: (1) 1%, (2) 5%, (3) 10%, (4) 50%, (5) 100%, (6) 300%"
muto2024greatreset,quantitative,Sample size and period,85,"valid responses, January-May 2024",2024,"PDF p.9, Section 4.3 Data collection","The data-collection period ran from January to May 2024. During this period, we collected 85 valid survey responses."
muto2024greatreset,quantitative,Sector composition,16.47,"% manufacturing (14 firms); services 20%, IT 24.7%, healthcare 12.9%, energy 16.5%",2024,"PDF p.10, Table 1",Manufacturing 14 16.47 ... Information technology 21 24.70
muto2024greatreset,quantitative,Geographical composition,41.17 / 30.58 / 28.23,% North / Centre / South,2024,"PDF p.10, Table 1",North 35 41.17 ... Center 26 30.58 ... South 24 28.23
muto2024greatreset,quantitative,Negative attitude towards AI reduces sustainable business model innovation (H1b),-0.339,"PLS path coefficient, p <= 0.001; positive attitude not significant (H1a -0.293, n.s.)",2024,"PDF p.12, Table 4; p.13 Section 5.4","a negative inclination towards AI adoption adversely impacts SBMI (H1b: -0.339 ***), but at the same time, the study found no significant evidence linking a positive inclination towards AI adoption to SBMI"
muto2024greatreset,quantitative,Entrepreneurial orientation is the strongest driver of business model innovation,0.725,"PLS path coefficient (H4), p <= 0.001; SO -> EO 0.73",2024,"PDF p.12, Table 4",HP4 EO -> SBMI 0.725 0.719 0.093 7.775 0.532 0.896
muto2024greatreset,quantitative,Explained variance of business model innovation,0.57,R squared,2024,"PDF p.12, Section 5.3",the SBMI construct has an R2 of 0.57
muto2024greatreset,quantitative,Acknowledged limitation,85,observations,2024,"PDF p.16, Section 6.4","The research has limitations, including a small sample size of 85 observations, potentially limiting generalizability."
cirillo2024flows,quantitative,"Share of firms investing in at least one new technology, 2015-2017 (weighted)",29.2,"% of firms (Table 1, 2018, N = 4,005); IoT 4.7%, robotics 2.6%, cybersecurity 25.7%",2018,"PDF p.9-10, Table 1",about 29% of Italian firms have declared to invest in at least one of the technologies related to the Industry 4.0 plan over 2015-2017
cirillo2024flows,quantitative,Application technologies are marginal within the bundle,about 4 / about 2.5,% of firms adopting IoT / robotics,2015-2017,"PDF p.9, footnote 5","this percentage sharply decreases when considering adopters of IoT (about 4%) and robotics (about 2,5%)"
cirillo2024flows,quantitative,Diff-in-diff effect of new technologies on firm hiring rate,+1.79,"percentage points (0.0179***, s.e. 0.006; N obs 10,703); young workers +0.41 pp (p<0.1)",2018,"PDF p.16, Table 3",investment in new technologies leads to an increase of the share of newly hired workers by 2 percentage points
cirillo2024flows,quantitative,Diff-in-diff effect on firm separation rate,-1.52,"percentage points (-0.0152**, s.e. 0.007)",2018,"PDF p.17-18, Table 5",new technologies reduced the share of separations by 1.6 percentage points
cirillo2024flows,quantitative,Effect on workplace training,+3.3 pp / +30 euro,share of trained workers / training cost per employee (fixed effects),2018,"PDF p.18, Section 5.3","The introduction of new technologies increases the percentage of trained workers by 3.3 percentage points, whereas the average cost of training rises by 30 euros per employee"
cirillo2024flows,quantitative,Robotics and hiring of graduates,+0.4,percentage points in hiring rate of tertiary graduates; separation rate not significant,2018,"PDF p.24, Section 6.3","a significant increase in the hiring rate of tertiary graduate workers of about 0.4 percentage points, whereas non-significant effects characterize the separation rate"
cirillo2024flows,qualitative,No significant effect on graduate hiring in the aggregate,not significant,qualitative,2018,PDF p.17,the change in the demand for qualified workforce due to I4.0 technologies is not significant.
omrani2024drivers,quantitative,Sample,"15,346",SME telephone interviews,2020,"PDF p.5, Section III.A","The survey collected responses from 15 346 telephone interviews with SMEs employing one or more persons between February 19 and May 5, 2020."
omrani2024drivers,quantitative,Sample composition by size,60.24 / 21.17 / 14.41 / 4.18,% with <10 / 10-49 / 50-249 / >249 employees,2020,"PDF p.6, Section III.B.3","very small firm if less than ten employees (60.24% of the sample), small firm if the number of employees is between ten and 49 (21.17%), medium firm if the number of employees is between 50 and 249 (14.41%)"
omrani2024drivers,quantitative,"Association of prior AI tool use with the level of digital adoption (ordered logit, full model)",0.466,"coefficient (z = 6.47, p<0.01); big data 0.467, cloud 0.440, robotics 0.319",2020,"PDF p.10, Table IV Model 7","AI (b = .466, z = 6.47; p < .01), cloud (b = .440, z = 13.27; p < .01), robotics (b = .319, z = 4.76; p < .01)"
omrani2024drivers,quantitative,"Organisational drivers: innovation, skills, finance",0.302 / 0.084 / -0.095,"coefficients for innovation in last 12 months / skills / financial difficulties (p<.01, p<.05, p<.05)",2020,"PDF p.10, Section IV","Financial difficulties are negatively linked to the dependent variable adoption (b = -.095, z = -2.40; p < .05) meaning that the lack of financial resources is one of the most important barriers to the adoption decision."
omrani2024drivers,quantitative,Environmental context has marginal influence,0.043,coefficient of business infrastructure (p<.1); other external factors not significant,2020,"PDF p.9-10, Section IV","only business infrastructure has a positive and significant predictive power of digital adoption (b = .043, z = 1.82; p < .1)"
omrani2024drivers,qualitative,Italy vs France (reference country) in the level of digital adoption,higher,"qualitative, country dummy",2020,"PDF p.10, Section IV","firms operating in The Netherlands, Italy, Finland, Sweden, Estonia, Croatia, Serbia, Norway, and Bosnia and Herzegovina adopt more advanced digital technologies"
cattaruzzo2026complexity,quantitative,Survey base,"2,000","Veneto firms surveyed, July 2023; 1,612 observations in the regressions",2023,"PDF p.8, Section 3a; p.16 Table 5","a comprehensive survey conducted by Unioncamere Veneto in July 2023, which examined 2,000 firms across the Veneto region"
cattaruzzo2026complexity,quantitative,Mean number of adopted technologies out of 14,2.104,"technologies per firm (median 2, range 0-14); exporters 50.6% of firms; artisanal production 33.6%",2023,"PDF p.12, Table 1",Number of adopted technologies 2.104 2 0 14
cattaruzzo2026complexity,quantitative,Technological complexity of exporters vs non-exporters,0.109 vs -0.169,"mean TCI (n = 815 exporters, 550 non-exporters)",2023,"PDF p.14, Table 3","exporters, with a higher average TCI (0.109) than non-exporters (-0.169), are more technologically advanced"
cattaruzzo2026complexity,quantitative,Sectoral spread of technological complexity,-0.235 to 0.199,"mean TCI, textiles-clothing-footwear vs electrical and electronic machinery (metals -0.027, mechanical machinery 0.123)",2023,"PDF p.13, Table 2","Textiles, clothing, footwear -0.235 ... Metals and metal products -0.027 ... Mechanical machinery and equipment 0.123 ... Electrical and electronic machinery 0.199"
cattaruzzo2026complexity,quantitative,Adopting technologies and the probability of exporting (Heckman selection equation),0.741 / 0.973,probit coefficients for 1-2 / 3+ adopted technologies vs none (p<0.01),2023,"PDF p.16, Table 5 col. 1",1 or 2 adopted technologies 0.741*** ... 3+ adopted technologies 0.973***
cattaruzzo2026complexity,quantitative,Technological complexity and export reach (outcome equations),0.118 / 0.151 / -0.0338,TCI coefficient on log number of destination countries (p<0.01) / geographical diversification (p<0.01) / HHI concentration (p<0.1); export intensity 0.168 (p<0.1),2023,"PDF p.16, Table 5 cols. 2-5",TCI 0.168* 0.118*** -0.0338* 0.151***
cattaruzzo2026complexity,quantitative,Relative complexity of AI among the 14 technologies,3.730,"technology-level complexity value (cloud -0.931, cybersecurity -1.788, robotics -0.290)",2023,"PDF p.26, Table A1",Artificial intelligence 3.730 ... Robotics and automation -0.290 ... Cloud services -0.931 ... Cybersecurity management -1.788
agostino2026gvc,quantitative,Sample,"about 25,000",Italian industrial firms per wave,2017-2019,2,"By leveraging data from a sample of about 25,000 Italian industrial firms for the years 2017-2019"
agostino2026gvc,qualitative,GVC participation and digital technology adoption,"positive, significant",qualitative,2017-2019,2,GVC participation is positively and significantly associated with the adoption of DT
agostino2026gvc,qualitative,Heterogeneity by size,larger gain for smaller firms,qualitative,2017-2019,2,"in terms of propensity to use DT, the gain derived from being in a GVC is systematically greater for smaller firms"
agostino2026gvc,qualitative,"Data source: MET survey waves 2017 and 2019, including micro firms",,,2017-2019,3,"Each wave comprises approximately 25,000 cross-sectional observations and provides information on large, small, and even micro-sized companies with less than ten employees."
agostino2026gvc,qualitative,Eleven MET digital technology items (AI absent from the list),,,2017-2019,7,i) collaborative and interconnected robots; ii) 3D printers; iii) augmented reality; iv) experimental simulations and virtual tests; v) nanotechnologies and intelligent materials; vi) electronic integration of data and information in the production process; vii) electronic information sharing with customers/ suppliers
agostino2026gvc,qualitative,"Operationalisation: use or planned use (binary), later also actual use only and first-time adoption",,,2017-2019,7,"For each item, firms self-declare whether the specific technology is already in use, if there is an investment plan for the near future, or if the company neither uses nor plans to use that particular DT."
agostino2026gvc,qualitative,AI explicitly outside the scope (stated limitation),,,2017-2019,23,the range of DT considered in our study could be broadened by including artificial intelligence (AI)
agostino2026gvc,quantitative,"Overall DT adoption (use or planned) in the MET sample, Table 2",33.5,"% of firms (mean of dummy, 16,946 obs.)",2017-2019,10,"Dummy equal to 1 if a firm declares to use (or plans to use) at least one digital technology, zero otherwise. 0.335 0.472 0 1 16,946"
agostino2026gvc,quantitative,Operational vs informational DT adoption (Table 2 means),OPDT 24.4%; INFDT 31.5%,% of firms,2017-2019,10,"at least one operational digital technology, zero otherwise. 0.244 0.429 0 1 16,946 ... at least one informational digital technology, zero otherwise. 0.315 0.465 0 1 16,946"
agostino2026gvc,quantitative,DT adoption rate by size class (Table 3),"micro 19%, small 33%, medium 50%, large 66%",% of firms,2017-2019,11,"As shown in Table 3, DT is adopted by 19% of micro firms, 33% of small firms, 50% of medium-sized firms, and 66% of large firms."
agostino2026gvc,quantitative,"Operational DT (robots, 3D printing, AR, simulation, nanotech) adoption by size class (Table 3 rows)","micro 13.71%, small 22.28%, medium 39.39%, large 57.67%",% of firms,2017-2019,11,Micro 24.45% 19.13% 13.71% 17.17% 22.62% 18.33% 4.29% Small 53.77% 32.82% 22.28% 30.93% 34.92% 28.60% 6.32%
agostino2026gvc,quantitative,"Operational and informational DT adoption, medium and large firms (Table 3 rows)",medium OPDT 39.39% INFDT 47.49%; large OPDT 57.67% INFDT 63.88%,% of firms,2017-2019,11,Medium 19.02% 49.80% 39.39% 47.49% 55.77% 43.90% 11.87% Large 2.76% 65.63% 57.67% 63.88% 70.59% 55.61% 14.97%
agostino2026gvc,quantitative,GVC participation by size class,"micro 23%, small 35%, medium 56%, large 71%",% of firms,2017-2019,11,"most medium (56%) and large (71%) firms are involved in a GVC, whereas GVC participation is limited to 23% of micro and 35% of small firms"
agostino2026gvc,quantitative,"DT adoption by GVC status, micro and small firms (Table 4)",micro 22.44% (no GVC) vs 34.08% (GVC); small 28.18% vs 46.08%,% of firms,2017-2019,12,DT 22.44% 34.08% 33.54% 36.84% Micro ... DT 28.18% 46.08% 45.02% 52.13% Small
agostino2026gvc,quantitative,Cited Istat benchmark on digital intensity,82,% of firms with 10+ employees using fewer than 6 of 12 technologies,2020,11,The ISTAT (2020) Report on DT adoption showed that most Italian firms (82%) with at least ten employees use less than six out of the twelve kinds of DT included in the digitalisation index.
agostino2026gvc,quantitative,"Benchmark Probit: effect of GVC participation on probability of DT adoption (Table 5, col. 1)",0.0459,"marginal effect (probability), p<0.01; about 4 percentage points",2017-2019,13,"For firms joining GVCs, the probability of investing in any kind of DT is about 4 percentage points higher than other firms"
agostino2026gvc,quantitative,GVC effect by technology group and on actual (not planned) adoption (Table 5 row),DT 0.0459; OPDT 0.0406; INFDT 0.0409; actual DT 0.0366; actual OPDT 0.0216; actual INFDT 0.0353,"marginal effect, all p<0.01",2017-2019,13,GVC 0.0459*** 0.0406*** 0.0409*** 0.0366*** 0.0216*** 0.0353***
agostino2026gvc,quantitative,Relational GVC governance and DT adoption,6 to 7,percentage points higher probability vs firms outside GVCs,2017-2019,14,"REL has a positive and significant coefficient, implying a probability of DT adoption that is 6 to 7 percentage points higher than firms not involved in GVCs"
agostino2026gvc,quantitative,"Conditional multiplier of GVC participation on DT adoption probability, micro vs large firms (Table 8)",1.266 micro; 1.240 small; 1.113 medium; 1.080 large,ratio of predicted probabilities,2017-2019,16,the conditional multiplier for micro firms (1.266) is the ratio of the fitted probability of investing in DT for firms involved in GVCs (0.2707) to that of those not participating (0.2138)
agostino2026gvc,quantitative,First-time adoption 2019 (extensive margin): GVC effect on new operational and informational DT (Table 9),NEW_OPDT 0.0542***; NEW_INFDT 0.0354**,Probit marginal effect,2017-2019,18,GVC 0.0542*** 0.0354** 0.0841*** 0.1392***
agostino2026gvc,qualitative,Enablers and barriers among controls (footnote 14),,,2017-2019,14,"we find a stronger propensity to invest in DT for larger and younger companies, for suppliers, and for firms enjoying larger cash-flows, performing R&D activities and benefitting from public subsidies."
agostino2026gvc,qualitative,Barriers for micro and small firms (literature-based rationale),,,2017-2019,6,"lower adoption of DT among micro and small firms (Hwang and Kim 2022; OECD 2022) due to factors such as poor managerial ability (Schivardi and Schmitz 2020), liquidity constraints (Hoffmann and Nurski 2021; Stoneman and Battisti 2010), low absorption capacity"
agostino2026gvc,qualitative,Causality caveat,,,2017-2019,6,Data limitations do not permit us to produce clear-cut evidence about the causality direction between GVC participation and DT adoption.
agostino2026gvc,qualitative,"Policy: support complementarity of finance, human capital and managerial expertise in small firms",,,2017-2019,23,"Policies should focus on the micro complementarity between financial resources, human capital, and managerial expertise. The cursory treatment of this complementarity renders policies ineffective, especially for micro and small firms."
cucculelli2026enabling,qualitative,Design: two survey waves before and after Covid-19 (shock timing),two waves,"representative survey of Italian firms, pre and post Covid",2020 and 2022,14,"we completed the first round of data collection in February 2020 (i.e., before the first lockdown measure was declared on March 11th 2020) and started the second round of data collection in September 2022"
cucculelli2026enabling,qualitative,"Complementarity between enabling technologies and skills (qualitative, abstract)",positive,qualitative,2019-2022,1,"significantly increasing the likelihood that firms will adopt transformative technologies such as industrial robots, IoT, big data analytics, additive manufacturing, etc."
cucculelli2026enabling,qualitative,"Effect of the pandemic shock on complementarity (qualitative, abstract)",intensified,qualitative,2019-2022,1,"this complementarity intensified after the pandemic, suggesting that economic shocks can drive firms to pursue crisis-induced innovation strategies"
cucculelli2026enabling,quantitative,Sample scope: very large firms excluded,"firms with fewer than 1,000 employees",qualitative,2019,7,"We excluded very large firms as they are likely to differ in terms of investment decisions, including investments in digital technologies, from SMEs, which represent the large majority of Italian companies"
cucculelli2026enabling,qualitative,Data sources,own two-wave survey + AIDA-BvD balance sheets + Italian National State Aid Register (Covid aid),qualitative,2019-2022,7,"The empirical analysis is conducted on firm-level data from three sources: (i) a unique survey administered to a representative sample of Italian firms through two subsequent waves, which gathers information on an array characteristics; (ii) the commercial database AIDA"
cucculelli2026enabling,quantitative,Sampling frame and stratified random sample (wave 1),"about 369,000 firms with fewer than 1,000 employees in 2019",firms,2019,7,"Preliminarily, we identified about 369,000 companies with less than 1000 employees in 2019 from the AIDA-BvD database"
cucculelli2026enabling,quantitative,Random stratified sample drawn for wave 1,"about 15% of the frame, about 60,000 firms, stratified by industry, size and region",firms,2019,7,"Then, we randomly selected about 15% of these firms (about 60,000 units), obtaining a representative sample stratified by industry, firm size and region."
cucculelli2026enabling,quantitative,"Wave 1 fieldwork, respondents and response rate","16,492 respondents; response rate 27.5%",firms and per cent,2019-2020,7,"The first wave of the survey was conducted between October 2019 and February 2020, involving telephone calls and e-mail communications. 16,492 companies filled out the questionnaire, with a response rate of 27.5%."
cucculelli2026enabling,quantitative,Wave 1 usable sample after matching with AIDA,4214,firms,2019,8,"In doing so, we ended up with a sample of 4214 firms."
cucculelli2026enabling,quantitative,Wave 2 response rate,"about 1,000 answers out of about 4,200 contacted; response rate 24%; completed December 2022",firms and per cent,2022,8,"We obtained about 1000 answers, corresponding to a response rate of 24%. The second survey’s data collection was completed in December 2022 and subsequently integrated with updated financial information from AIDA."
cucculelli2026enabling,quantitative,Balanced panel size,794,"firms (1,588 firm-year observations)",2019 and 2022,8,This process resulted in a dataset of 794 firms with longitudinally consistent information available for both 2019 and 2022
cucculelli2026enabling,qualitative,Response bias: more structured manufacturing and business-service firms over-represented,qualitative,qualitative,2019-2022,8,"Probably due to the specificity of the topics covered by the survey, more structured manufacturing and business service companies are found with a relative high response rate to the questionnaire"
cucculelli2026enabling,quantitative,Technology list: I4.0 vs enabling technologies (AI not a surveyed item),7 I4.0 technologies + 3 enabling technology groups,qualitative,2019-2022,8,"The former group includes IoT, big data analytics, interconnected production cells, industrial robots, additive manufacturing, augmented reality and wearables; the latter includes management software, cloud computing, and cybersecurity."
cucculelli2026enabling,qualitative,Operationalisation of adoption stage (three-option question per technology),in use / under development / not adopted,qualitative,2019-2022,8,"Respondents were also asked to specify their stage of adoption for each technology, choosing from three options: (i) the technology is already in use; (ii) currently under development or implementation; (iii) not adopted at present."
cucculelli2026enabling,qualitative,"Dependent variable: ongoing (new) adoption only, completed adopters excluded",qualitative,qualitative,2019-2022,9,"were freshly launching at least one new technology among the pool of technologies we define as I4.0, while we did not consider companies that had already completed their implementation"
cucculelli2026enabling,quantitative,"Share of firms with new (ongoing) I4.0 adoption, pooled panel, vs RIL-INAPP benchmark","29.91% (2019 and 2022 pooled); the text adds that Cirillo et al. (2023, RIL-INAPP) report 26% for 2015-2017",per cent of firms,2019-2022,14,"the share of I4.0 (ongoing) adopters (29.91%, see Table A4 in the Online Appendix) is fully consistent with the figures provided by Cirillo et al. (2023)"
cucculelli2026enabling,quantitative,"Share of firms already using enabling technologies, pooled panel",78.21,per cent of firms,2019-2022,14,"between 2019 and 2022, most industries display very high shares of companies which already adopted enabling technologies (78.21%)"
cucculelli2026enabling,qualitative,Sectoral heterogeneity: industries with at least 40% new I4.0 adopters,"pharmaceuticals, manufacturing of computers, retail trade, agriculture, other service activities",per cent of firms (>= 40%),2019-2022,14,"there are five industries, namely pharmaceuticals, manufacturing of computers, retail trade, agriculture, and other service activities where at least 40% of firms were introducing at least one new I4.0 technology"
cucculelli2026enabling,qualitative,Sectoral heterogeneity: industries with fewer than 20% new I4.0 adopters (incl. food manufacturing),"six industries incl. real estate, some services, food manufacturing",per cent of firms (< 20%),2019-2022,14,"a residual group of six industries (including real estate, some service sectors, and the food manufacturing industry) in which less than 20% of companies were adopting new digital technologies"
cucculelli2026enabling,quantitative,"New I4.0 adoption rate by year (Table 3, panel A)",29.47% (2019) to 30.35% (2022),per cent of firms,2019 and 2022,15,the proportion of those newly introducing more advanced I4.0 technologies has increased only marginally (from 29.47 to 30.35%)
cucculelli2026enabling,quantitative,"Enabling technologies adoption rate by year (Table 3, panel A)",72.92% (2019) to 83.5% (2022),per cent of firms,2019 and 2022,15,a noticeable increase in the share of companies that already completed the implementation of enabling technologies between 2019 and 2022 (from 72.92 to 83.5%)
cucculelli2026enabling,quantitative,Share of firms investing in new technological skills (hiring/training) by year,41.6% (2015-2019) to 28.8% (2020-2022),per cent of firms,2019 and 2022,15,This trend is paralleled by the fall in the share of firms hiring personnel with enabling technological skills (from 41.6 to 28.8%).
cucculelli2026enabling,quantitative,"Italian firms providing ICT training (DESI 2023, cited)","15% (from 19% in 2019), 5 points below EU average",per cent of firms,2019-2022,15,"during the pandemic, the percentage of Italian firms providing ICT training fell to 15% (from 19% in 2019), a percentage which is 5% below the EU average (DESI, 2023)"
cucculelli2026enabling,quantitative,"New I4.0 adoption by size class (Table 3, panel B, pooled 2019+2022)",micro (1-9) 23.93%; very small (10-19) 32.35%; small (20-49) 35.25%; medium (50-249) 43.51%; large (250+) 28.57% (n=14),per cent of firms (row),2019-2022,16,Medium-sized businesses (50–249) 74 56.49 57 43.51 19 14.50 112 85.50 71 54.20 60 45.80 131 8.25
cucculelli2026enabling,quantitative,"Enabling technologies in use by size class (Table 3, panel B)",micro 74.55%; very small 80.32%; small 79.86%; medium 85.50%; large 100%,per cent of firms (row),2019-2022,16,Micro businesses (1–9) 550 76.07 173 23.93 184 25.45 539 74.55 516 71.37 207 28.63 723 45.53
cucculelli2026enabling,quantitative,"New technological skills by size class (Table 3, panel B)",micro 28.63%; very small 36.88%; small 42.09%; medium 45.80%; large 85.71%,per cent of firms (row),2019-2022,16,Large businesses (250+) 10 71.43 4 28.57 0 0.00 14 100.00 2 14.29 12 85.71 14 0.88
cucculelli2026enabling,quantitative,"Sample composition by size (Table 3, panel B, pooled observations)","micro 45.53%; very small 27.83%; small 17.51%; medium 8.25%; large 0.88% of 1,588 observations",per cent of observations (column),2019-2022,16,Total 1113 70.09 475 29.91 346 21.79 1242 78.21 1029 64.80 559 35.20 1588 100.00
cucculelli2026enabling,quantitative,"Summary statistics: means of key dummies (pooled panel, N=1,588)",new I4.0 adoption 0.299; enabling tech 0.782; new tech skills 0.352; I4.0 incentives used 0.295; new process innovation 0.325; employee training 0.406,share of observations,2019-2022,12,Mean 0.299 0.782 0.352 0.295 0.526 0.325 0.406
cucculelli2026enabling,quantitative,Enabling technology uptake by type and growth 2019-2022 (Fig. 2),"cybersecurity highest, then management software and cloud; management software +23.4%",per cent change,2019-2022,17,with management software showing the highest percentage increase (+ 23.4%)
cucculelli2026enabling,quantitative,Average marginal effect of new technological skills on new I4.0 adoption (Table 4),"0.071** (2019); 0.147*** (2022); 0.097*** (panel RE); 0.118*** (2019 full sample n=4,214)","probability points (average marginal effects, probit)",2019 and 2022,19,TechSk 0.071** 0.147*** 0.097*** 0.105*** 0.096*** 0.118***
cucculelli2026enabling,quantitative,Average marginal effect of enabling technologies alone on new I4.0 adoption (Table 4),"0.008 (2019); 0.078 (2022); 0.025 (panel), all not significant","probability points (average marginal effects, probit)",2019 and 2022,19,EnTech 0.008 0.078 0.025 0.034 0.027 0.018
cucculelli2026enabling,quantitative,Effect of skills doubled after Covid; enabling technologies alone not significant (narrative),twice as big in 2022 vs 2019,qualitative,2019 and 2022,17,"the effect of new technological skills is twice as big in 2022 compared to 2019. Conversely, the coefficient of the variable measuring enabling technologies is positive but small in magnitude and not statistically significant."
cucculelli2026enabling,quantitative,Average marginal effect of use of I4.0 incentives (Piano Industria 4.0) on new I4.0 adoption (Table 4),0.143*** (2019); 0.096** (2022); 0.112*** (panel RE),"probability points (average marginal effects, probit)",2019 and 2022,19,Inc_I40 0.143*** 0.096** 0.112*** 0.118*** 0.127*** 0.093***
cucculelli2026enabling,quantitative,Average marginal effect of family ownership on new I4.0 adoption (Table 4),-0.131*** (2019); -0.106** (2022); -0.121*** (panel RE),"probability points (average marginal effects, probit)",2019 and 2022,19,FamilyFirm − 0.131*** − 0.106** − 0.121*** − 0.120*** − 0.110*** − 0.112***
cucculelli2026enabling,quantitative,Average marginal effect of prior process innovation on new I4.0 adoption (Table 4),0.102*** (2019); 0.020 ns (2022); 0.061** (panel RE),"probability points (average marginal effects, probit)",2019 and 2022,19,NewProc 0.102*** 0.020 0.061** 0.064** 0.065** 0.057***
cucculelli2026enabling,quantitative,"Complementarity effect (both enabling factors vs neither), cross-section 2019 (Table 5, panel A)",8.1,percentage points in probability of new I4.0 adoption (p<0.05),2019,19,the combined adoption of enabling factors causes an increase of 8.1% points (p.p.) in the probability of a company adopting new I4.0 technologies in 2019
cucculelli2026enabling,quantitative,"Complementarity effect (both enabling factors vs neither), cross-section 2022 (Table 5, panel B)",22.5,percentage points in probability of new I4.0 adoption (p<0.01),2022,20,while the marginal effect in 2022 amounts to 22.5 p.p. These findings do not reject H1 and suggest that the complementarity between these two factors is more pronounced after the Covid-19 outbreak.
cucculelli2026enabling,quantitative,"Panel RE: firms investing in both factors during the pandemic vs firms with neither in 2019 (Table 5, panel C)",17.4,percentage points (p<0.01),2019-2022,20,firms that invested in both the enabling factors during the pandemic experienced a 17.4 p.p. increase in their propensity to introduce new I4.0 technologies than companies that did not use either factor in 2019
cucculelli2026enabling,quantitative,"Panel RE: firms with no enabling factor by 2022 vs firms with both already in 2019 (Table 5, panel C)",-9.3,percentage points (p<0.01),2019-2022,20,firms that have not introduced any enabling factor by 2022 are less likely (-9.3 p.p.) to adopt new I4.0 technologies than companies that already use both enabling factors
cucculelli2026enabling,quantitative,"Panel RE: firms renewing both factors during the pandemic vs firms with both before (Table 5, panel C)",9.3,percentage points (p<0.05),2019-2022,21,companies that invested in both enabling skills and technologies during the pandemic experienced a 9.3 p.p. increase in the probability of adopting new I4.0 technologies compared companies that were already using both enabling factors before the pandemic
cucculelli2026enabling,qualitative,Robustness: estimates interpreted as a lower bound after endogeneity correction (eprobit),qualitative,qualitative,2019-2022,24,we interpret our baseline estimates as a conservative lower bound for the true complementarity effect experienced by Italian firms during the pandemic shock
cucculelli2026enabling,quantitative,Intensive margin (Poisson): extra I4.0 technologies adopted by firms investing in new technological skills,16 to 37,percentage points more I4.0 technologies,2019-2022,25,companies investing in new technological skills adopt between 16 and 37 p.p. more I4.0 technologies than firms without investment in complementary skills
cucculelli2026enabling,qualitative,Adoption pattern: most Italian firms adopt a single or few technologies,qualitative,qualitative,2019-2022,24,"most Italian firms in our sample feature either a single-technology or a few-technology adoption pattern, consistently with prior studies using Italian data (e.g., Cirillo et al., 2023, 2024; Calvino et al., 2022)"
cucculelli2026enabling,qualitative,Barrier: shortage of STEM graduates and targeted training (policy conclusion),qualitative,qualitative,2022,26,"the shortage of high-qualified workers (especially STEM graduates), as well as the difficulties experienced by firms in providing training targeted to the new technological skills in countries such as Italy would hamper the adoption and diffusion of I4.0 technologies"
cucculelli2026enabling,qualitative,"Italy: lowest share of scientists and engineers in the EU (ISTAT 2023, cited)",lowest in EU,qualitative,2023,15,According to ISTAT (2023) Italy shows the lowest rate of scientists and engineers in the population aged 25–64 among all EU countries.
cucculelli2026enabling,qualitative,"Limitation: binary adoption measures, no investment amounts",qualitative,qualitative,2019-2022,26,"capture a wide range of technological domains, they have a binary nature. Future research could therefore quantify the investments in these technologies and break down the different types of implementations"
buarque2026geography,qualitative,Spatial paradox between exposure/worker use and firm adoption,widespread vs concentrated,qualitative,2023-2025,2,"while AI exposure and worker-level use are relatively widespread, innovation and firm-level adoption remain concentrated in high gross domestic product (GDP), human capital-intensive hubs"
buarque2026geography,qualitative,Implementation gap,persistent,qualitative,2023-2025,2,"A persistent implementation gap separates structural exposure from productive use, driven by institutional, organisational and capability-related frictions."
buarque2026geography,qualitative,Correlates of regional AI activity,"income and human capital positive, trade openness negative",qualitative,2023-2025,2,"Income and human capital are strongly associated with AI activity, while trade openness shows a negative relationship."
buarque2026geography,qualitative,Firm-level AI adoption data source (Eurostat ICT usage in enterprises),,,2023-2024,10,"Firm-level AI use is measured using Eurostat data (isoc_r_eb_ain2; all activities) for 2024, or 2023 where 2024 values are not available."
buarque2026geography,quantitative,Territorial coverage of the firm adoption indicator: Italy only at national level,NUTS-0 for Italy,,2023-2024,18,"Belgium reports at the NUTS-1 level, and others are only available at the national (NUTS-0) level (e.g., Germany, France, Italy, Sweden and Portugal)."
buarque2026geography,quantitative,Worker AI use data source and sample (AIM-WORK survey),70316,respondents,2024-2025,10,"Worker-reported use data come from the AIM-WORK survey, which collected responses from 70,316 individuals during 2024 and 2025, providing statistically representative data for the working-age population across all EU member states"
buarque2026geography,quantitative,EU average share of workers using an AI tool at work,about 30,% of workers,2024-2025,10,"Overall, the variation is modest, with most countries relatively close to the EU average of roughly 30%."
buarque2026geography,quantitative,Distribution of regional firm-level AI adoption rates,most regions below 15,% of firms,2023-2024,12,"Firm-level AI use is more uneven and left-skewed: most regions report adoption rates below 15%, while a small group display higher values, reflecting early adopters or innovation leaders."
buarque2026geography,quantitative,Distribution of regional worker-level AI use,centred around 25-35,% of workers,2024-2025,12,"Worker-level AI use is close to normally distributed, centred around 25-35%, with a few regions exceeding 60%."
buarque2026geography,quantitative,AI patent count and regional concentration (Northern Italy named),27154,patent families 1980-2019,1980-2019,6,"We collected a total of 27,154 patent families, exceeding the original 5312 families reported by Buarque et al. (2020) due to our inclusion of patents published after 2013."
buarque2026geography,qualitative,Regions where AI patenting concentrates,"Germany, France, Sweden, Netherlands, Northern Italy",qualitative,1980-2019,7,"showing a clear concentration of patenting activity in Central and Western European regions, particularly in Germany, France, Sweden, the Netherlands and Northern Italy"
buarque2026geography,quantitative,Correlation between firm-level AI use and worker-level AI use across regions,0.74,"population-weighted Pearson r, p<0.01",2023-2025,13,"The correlation between worker- and firm-level use is also substantial (r = 0.74, p < 0.01), suggesting that adoption tends to occur at both levels within the same regions."
buarque2026geography,quantitative,Correlation of firm-level AI adoption with research-based exposure and AI patents (Table 1 row),0.65 with research-based exposure; 0.49 with AI patents,"population-weighted Pearson r, p<0.01",2023-2025,12,AI use (firms) 0.49* 0.47* 0.65* 0.55* 0.74* 1
buarque2026geography,quantitative,Correlation of firm-level AI adoption with regional GDP per capita,0.72,"population-weighted Pearson r, p<0.01",2023-2024,13,"firm-level adoption shows an even stronger correlation (r = 0.72, p < 0.01), suggesting that organisational deployment of AI is particularly concentrated in economically advanced regions"
buarque2026geography,quantitative,Correlation of AI use with share of highly educated workers,0.26 workers; 0.25 firms,population-weighted Pearson r,2024,15,"Education is positively correlated with AI use among workers (r = 0.26, p < 0.05) and with AI adoption by firms (r = 0.25, p < 0.01)."
buarque2026geography,quantitative,Correlation of AI patents and AICI with trade openness,-0.40 patents; -0.32 AICI,"population-weighted Pearson r, p<0.01",2017 openness,15,"regions with higher AI patent intensity tend to be less open to trade, with moderately strong negative correlations for both AI patents (r = -0.40, p < 0.01) and the AICI (r = -0.32, p < 0.01)"
buarque2026geography,qualitative,"Interpretation: AI concentrates in knowledge-intensive services, not the manufacturing export base",,,2023-2025,15,"Trade openness in the EU is primarily driven by manufacturing exports, while AI exposure and innovation are more closely associated with knowledge-intensive services, where AI's core capabilities in information processing and analytics are most applicable."
buarque2026geography,qualitative,Worker use ahead of formal firm strategies,,,2024-2025,17,"The combination of high exposure and relatively high worker-level AI use in many regions suggests that workers are already integrating AI tools into everyday tasks, often ahead of formal firm-level strategies"
buarque2026geography,qualitative,"Methodological caveat: descriptive correlations, not causal",,,2023-2025,17,"Our results do not provide causal estimates or long-term forecasts, but they offer an early map of where AI invention, exposure and use are currently concentrated"
grando2026lean,quantitative,Sample,189,Italian factories (survey); 7 plants interviewed,2026,2,"Based on the analysis of survey data coming from 189 factories located in Italy, the paper reveals a positive association between Lean Production practices and the adoption of Industry 4.0 technologies."
grando2026lean,qualitative,Interaction of lean maturity and Industry 4.0 on performance,weakens,qualitative (productivity and product quality),2026,2,their interaction weakens the impact of Industry 4.0 technologies on productivity and product quality in factories with a longer and more intense Lean Production adoption
grando2026lean,quantitative,Sampling frame and eligibility,nearly 700 eligible companies with at least one plant in Italy implementing both LP and I4.0,companies,2026,6,"target plants had to implement both LP and I4.0 to be eligible for the survey ... At the end of this process, the total number of eligible companies was equal to nearly 700."
grando2026lean,quantitative,Response rate,"27 per cent (189 usable questionnaires, two waves)",per cent,2026,6,"Questionnaires were collected in two different waves, at the end of which 189 usable questionnaires were obtained, with a response rate of 27%."
grando2026lean,quantitative,Sample by size and lean experience (Table 1),under 50 employees 23.8; 50-249 37.6; over 250 38.6; LP over 2 years 61.4; plants only in Italy 61.4; HQ in Italy 88.9,per cent of 189 plants,2026,7,<50 employees 45 23.8 50-249 71 37.6 >250 73 38.6 LP implementation in the company <=2 years 73 38.6 >2 years 116 61.4
grando2026lean,qualitative,Technology list measured (no AI item),nine BCG pillars incl. big data and analytics,list,2026,7,"the nine I4.0 technologies identified by the Boston Consulting Group (Rüßmann et al., 2015): Internet of Things (IoT), Cloud Computing, Cybersecurity, Big Data and Analytics, Simulation, Horizontal and Vertical Integration, Additive Manufacturing (3D Printing), Advanced Manufacturing Solutions and Augmented Reality"
grando2026lean,quantitative,High I4.0 adoption cluster (Table 3),101 of 189 plants (about 53 per cent) HTEC; 120 of 189 high lean,plants,2026,9,"LTEC 48 4,808** 40 -4,808** 88 HTEC 21 -4,808** 80 4,808** 101 Total frequency 69 120 189"
grando2026lean,quantitative,Association LP and I4.0 by firm size (Table 4),positive and significant for small (p<0.01) and medium (p<0.05); not significant for large (p=0.204),contingency tests,2026,9,Small companies (<50) Yes Positive (the higher LP the higher TECH) *** Medium companies (50-249) Yes Positive ** Large companies (>250) No - NS (0.204)
grando2026lean,quantitative,"Regression on overall operational performance improvement (Table 6, Model 2)",LP beta 0.416 (p<0.01); TEC beta 0.111 (n.s.); R2 0.290,standardised coefficients,2026,10,"TEC ,111 ,528 LP ,416*** ,656*** LP*TEC -,578 R-squared ,101*** ,290*** ,296***"
grando2026lean,qualitative,I4.0 effect on single performance attributes (Tables 7-8),"significant positive for productivity, delivery service, workplace safety, quality, flexibility in at least one model; not for inventory and sustainability",qualitative,2026,11,"LP is confirmed as a significant driver for all performance attributes, while TEC is a statistically significant determinant for five performance attributes, at least in one of the Models that have been tested."
grando2026lean,quantitative,"Interaction LP x TEC on quality, whole sample (Table 8, Model 3)",-1.044 (p<0.05); TEC 0.777 (p<0.05); LP 0.756 (p<0.01),standardised coefficients,2026,12,"TEC ,164* ,436 ,025 ,777** ... LP ,185** ,342 ,323*** ,756*** ... LP*TEC -,377 -1,044** -,138 -,183"
grando2026lean,quantitative,"Subsample with LP over 2 years (116 plants), overall performance (Table 9)",TEC 2.470 (p<0.05); LP 3.533 (p<0.01); LP x TEC -2.296 (p<0.05); R2 0.242,coefficients,2026,13,"TEC 2,470** 1,294** ,870* ,080 1,029* 1,159** ,949* ,136 LP 3,533*** ,746** ,763** ,471 ,680** ,970** ,770** ,240 LP*TEC -2,296** -1,522** -,970 -,273 -1,180 -1,600** -1,131 -,171"
grando2026lean,quantitative,Subsample with LP over 2 years: productivity and quality,"productivity TEC 1.294, interaction -1.522 (both p<0.05); quality TEC 1.159, interaction -1.600 (both p<0.05)",coefficients,2026,11,"the interaction effect is statistically significant for 'Operational performance improvement', as well as for Productivity and Quality. In all cases, the regression coefficients are negative, thus showing that the joint presence of LP and TEC can reduce"
grando2026lean,qualitative,Direct effect of I4.0 vs lean in mature lean plants,TEC coefficients higher than LP for all significant attributes,qualitative,2026,11,"the direct effects of TEC prove to be higher than the one of LP for all attributes, demonstrating a remarkable ability of I4.0 technologies to drive the different types of manufacturing performance, even superior to the one of LP"
grando2026lean,qualitative,Barrier: worker resistance and top-down projects (interviews),,qualitative,2026,14,"the production employees boycotted the project because it involved a change in their daily duties (i.e. reporting some data on a tablet), which they did not consider valuable. In such a case, it was evident that a solo top-down approach"
grando2026lean,qualitative,Barrier: non digitally native workforce and loss of data ownership,,qualitative,2026,15,"the current factory population is not digitally native. While lean approaches are based on management logics and tools consistent with the average education and skills of blue-collar workers, the introduction of digital tools or new technologies requires time"
grando2026lean,quantitative,AI use case (interview): defence company,"about 320 employees, lean for over 25 years; ML predictive maintenance, AGVs, AI systems; kaizen capacity diverted",case,2026,15,"the company recently embarked on a demanding I4.0 transformation, focusing on predictive maintenance powered by machine learning, automated guided vehicles (AGVs), and artificial intelligence systems ... foundational lean tools such as 5S and SMED saw reduced application and momentum"
grando2026lean,quantitative,Measurement of outcomes,"7 self-rated improvement items over the last three years, 1-5 scale",n/a,2026,8,The construct 'Operational performance Improvement' was quantified through seven items measured on a five-point Likert scale focused on the improvement achieved in the last three years
cimino2025dynamic,quantitative,Sample and method,210,"Italian innovative startups, PLS-SEM",2025,1,The proposed model is tested using Partial Least Squares - Structural Equation Modeling on survey data from 210 Italian innovative startups.
cimino2025dynamic,qualitative,Main result,dynamic capabilities -> AI adoption -> triple-bottom-line performance,qualitative,2025,1,"companies with well-developed dynamic capabilities, enabling them to adapt more effectively to environmental changes, are also better equipped to adopt Artificial Intelligence, leading to positive social, economic, and environmental performance"
cimino2025dynamic,quantitative,Fieldwork period and responses collected,"234 complete questionnaires, 24 discarded",questionnaires (15 Nov 2024 to 10 Jan 2025),2024-2025,6,"The survey was then administered between November 15, 2024, and January 10, 2025, using multiple channels, including email, LinkedIn, and WhatsApp ... A total of 234 complete questionnaires have been collected; however, 24 responses were deemed ineligible"
cimino2025dynamic,quantitative,Sector composition of sample (Table 1),services and utilities 58%; industry and manufacturing 22% (45 firms); ICT 10%,% of 210 startups,2024-2025,7,Service activities and utilities 122 58% Industry and Manufacturing 45 22% ICT 21 10%
cimino2025dynamic,quantitative,Size composition of sample (Table 1),<=10 employees 81%; 11-20 11%; >=21 8%,% of 210 startups,2024-2025,7,≤ 10 170 81% 11–20 23 11% ≥ 21 17 8%
cimino2025dynamic,quantitative,Operationalisation of AI adoption intensity (items),3 perceptual items on extent of AI integration,qualitative (7-point Likert),2024-2025,8,"AIAI1 We have implemented AI in all our company processes AIAI2 Relative to the potential of AI for our company activities, our AI implementation is extensive"
cimino2025dynamic,quantitative,"Effect of dynamic capabilities on AI adoption intensity and AI acceptance rate (H5, H6)",0.279; 0.523,PLS path coefficients (p<0.001),2024-2025,10,"Hypotheses H5 and H6 are supported by the model, with DC having a stronger influence on AIAR (β = 0.523, p < 0.001) compared to its effect on AIAI (β = 0.279, p < 0.001)."
cimino2025dynamic,quantitative,"Effect of AI adoption intensity on technological, economic and collaborative performance (H7-H9)",TP 0.390; EP 0.498; CP 0.268,"PLS path coefficients (Table 7; TP and CP p<0.001, EP p<0.05)",2024-2025,12,H7 AIAI➔TP 0.390*** ... H8 AIAI➔EP 0.498** ... H9 AIAI➔CP 0.268***
cimino2025dynamic,quantitative,"Effect of AI adoption intensity on sustainable performance (H10, not supported)",-0.079,PLS path coefficient (p=0.059),2024-2025,10,"Nonetheless, its positive effect on SP (H10) was not supported (β = −0.079, p = 0.059)."
cimino2025dynamic,quantitative,Effect of AI acceptance rate on performance (H11-H14),TP 0.192 (sig.); SP 0.213 (sig.); EP 0.094 (n.s.); CP -0.108 (n.s.),PLS path coefficients,2024-2025,10,"AIAR positively impacts TP and SP, confirming hypotheses H11 (β = 0.192, p = 0.001) and H14 (β = 0.213, p < 0.001). Meanwhile, its influence on EP and CP was not statistically significant"
cimino2025dynamic,quantitative,"Dynamic capabilities and economic performance (H2, not supported)",0.138,PLS path coefficient (CI -0.013 to 0.281),2024-2025,12,H2 DC➔EP 0.138* 0.138 0.075 1.834 −0.013 0.281 No
cimino2025dynamic,qualitative,Performance measures are perceptual self-reports,"e.g. 'Our company's profit increases every year', 'Our company increases productivity'",qualitative (7-point Likert),2024-2025,9,EP1 Our company's profit increases every year ... EP2 Our company's return on investment (ROI) is improving every year ... EP5 Our company increases productivity
cimino2025dynamic,qualitative,Authors' limitation on generalisability to SMEs and absence of size/industry moderators,results may not generalise beyond early-stage innovative startups,qualitative,2024-2025,15,"the study does not explore potential moderating factors that could influence the strength of the relationships identified, such as firm size and industry type."
benedetti2025fuzzy,qualitative,Data source,ISTAT ICT survey microdata,qualitative,2019,1,"This paper provides an in-depth analysis of the digitalization process among Italian firms, leveraging data from the ISTAT ICT survey."
benedetti2025fuzzy,qualitative,Overall level and weakest dimension,moderate; online sales most underdeveloped,qualitative,2019,1,The results indicate a moderate level of technological development among firms. The dimension related to online sales emerges as the most underdeveloped
benedetti2025fuzzy,qualitative,Disparities,"by sector, area and size",qualitative,2019,1,"the analysis reveals significant disparities across sectors, geographic areas, and firm sizes, with smaller enterprises and those in certain regions exhibiting lower levels of digital adoption"
benedetti2025fuzzy,quantitative,"Survey year, population and sample size","19,769 enterprises; 2019; at least 10 employees",firms,2019,2,"Our analysis uses data from the 2019 Italian survey on ICT Usage and E-Commerce in Enterprises, conducted by ISTAT (ISTAT, 2019). ... Our sample consisted of 19,769 enterprises with more than 10 employees."
benedetti2025fuzzy,quantitative,Survey design (sample vs census by size),"sample 10-250 employees, census above; one-stage stratified",qualitative,2019,2,"The survey is sample-based for enterprises with from 10 to 250 employees, and census-based for larger enterprises. Sampling design is one-stage stratified with equal-probability selection of units"
benedetti2025fuzzy,qualitative,"Index content: seven dimensions, no AI variable",software usage; internet facilities; website and data tracking; social networking; cybersecurity; digital skills and training; online selling,qualitative,2019,5,Dimension 1 (FS 1) is interpreted as Software Usage. Dimension 2 (FS 2) pertains to the use of computers and access to the internet with adequate speed. Dimension 3 (FS 3) reflects the use of the firm's website
benedetti2025fuzzy,quantitative,"Overall fuzzy technological development index, Italy (all firms 10+)",0.369,fuzzy supplementary index 0-1 (higher = more developed),2019,6,Italy 19769 0.326 0.460 0.407 0.321 0.415 0.213 0.124 0.369
benedetti2025fuzzy,quantitative,Overall index for manufacturing (ATECO C / macro-sector M1) and its dimensions,0.356 overall; software 0.378; internet 0.383; website 0.428; social 0.267; cybersecurity 0.445; skills 0.229; online sales 0.082,"fuzzy index 0-1 (n=4,197)",2019,6,M1 4197 0.378 0.383 0.428 0.267 0.445 0.229 0.082 0.356
benedetti2025fuzzy,quantitative,"Overall index by macro-sector (services highest, construction lowest)",services M4 0.399; energy M2 0.380; manufacturing M1 0.356; construction M3 0.250,fuzzy index 0-1,2019,7,"The services macro-sector (M4) shows the highest overall technological development score, with a value of 0.399. ... In contrast, the construction sector (M3) has the lowest technological development score (0.250) of all macro-sectors."
benedetti2025fuzzy,quantitative,Overall index by firm size class,10-49: 0.341; 50-249: 0.555; 250+: 0.716,fuzzy index 0-1,2019,7,"The larger companies (cl3) show a significantly higher overall technological development score (0.716) than medium-sized firms (cl2) and smaller firms (cl1), which score 0.555 and 0.341, respectively."
benedetti2025fuzzy,quantitative,Overall index by macro-area (NUTS 1),Northwest 0.401; South 0.330; Islands 0.270 (Northeast 0.404 and Centre 0.328 in the same table),fuzzy index 0-1,2019,6,ITC 6738 0.370 0.531 0.448 0.315 0.467 0.221 0.115 0.401 ITF 2982 0.259 0.346 0.350 0.355 0.344 0.197 0.142 0.330 ITG 984 0.258 0.295 0.300 0.274 0.322 0.138 0.107 0.270
benedetti2025fuzzy,quantitative,Southern regions lowest overall,South 0.330; Islands 0.270,fuzzy index 0-1,2019,7,"Across the macro-areas, the southern regions, including ITF (South) and ITG (Islands), show the lowest scores (0.330 and 0.270) in Italy."
benedetti2025fuzzy,qualitative,"Size gap in technology mix (AI confined to larger firms, citing Istat Rapporto Annuale)","smaller firms adopt simpler technologies; larger firms combine AI, enterprise software, analytics",qualitative,2024,7,"smaller firms tend to adopt simpler technologies, such as internet, cloud computing and social networks. In contrast, larger firms employ more integrated and advanced technological combinations, typically engaging in at least eight activities, including complex technologies such as artificial intelligence"
benedetti2025fuzzy,quantitative,Relative standard error of overall index (precision),Italy 0.129%; manufacturing M1 2.048%,% relative standard error (jackknife),2019,8,Italy 1.703 0.711 0.231 1.045 0.488 1.681 3.540 0.129 Macro-sector M1 2.949 1.944 1.957 3.431 1.963 2.946 8.470 2.048
benedetti2025fuzzy,quantitative,Unweighted sample shares of selected items (Table 5): firms employing IT specialists; web sales via own website,33%; 13%,% of unweighted sample (large firms over-represented),2019,10,"b1 0 13,323 / 19,851 (67%) 1 6,528 / 19,851 (33%) ... F1A 0 17,367 / 19,849 (87%) 1 2,482 / 19,849 (13%)"
benedetti2025fuzzy,quantitative,Data timeliness limitation,"2019 data, latest available to the authors",qualitative,2019,3,"Although the 2019 data is not particularly up-to-date, it is the latest available. This is therefore the most recent possible overview on how companies are using big data and on digital deprivation among enterprises."
bronzini2025loans,quantitative,Data,INVIND 2015-2019 + Cerved,qualitative,2015-2019,1,"The empirical analysis exploits microdata from the Bank of Italy's ''Survey on Manufacturing and Service Firms'' available for the period 2015-2019, integrated with balance sheet information provided by Cerved."
bronzini2025loans,qualitative,Effect of digital technology adoption on credit rationing,lower likelihood,qualitative (endogenous treatment and IV),2015-2019,1,the adoption of digital technologies (DT) lowers the likelihood of being credit rationed
bronzini2025loans,qualitative,Effect on leverage and cost of debt,"higher leverage, lower cost",qualitative,2015-2019,1,the adoption of DT is associated with a higher level of leverage but with a lower cost of debt
bronzini2025loans,quantitative,Survey population and sample size,"about 2200 firms, >=20 employees, balanced panel",firms,2015-2019,3,"The survey covers firms with at least 20 employees from all manufacturing sectors (including energy and extractive industries). ... The sample analyzed is a balanced panel of about 2200 firms, observed over the period 2015-2019."
bronzini2025loans,quantitative,Sample composition by size class (Table 1),"small 38.58%, medium 46.56%, large 14.86%",% of firms (weighted),2015-2019,3,"about 38% of the sample is represented by small enterprises ... 46% of firms are classified as medium, while 14% are large firms"
bronzini2025loans,qualitative,Six digital technologies surveyed by INVIND (AI included in the bundle),,,2015-2019,4,"we draw from the survey information on the adoption of six DT, which are: advanced robots, 3D printing, cloud computing, Internet of Things, Artificial Intelligence, and big data analytics"
bronzini2025loans,qualitative,Treatment definition and technology grouping (AI inside Information DT),,,2015-2019,4,"Operational DT (i.e., advanced robotics, 3D printing) is related to the physical production process, while Information DT (i.e., cloud computing, IoT, AI, and big data analytics) is related to data production, collection, and exploitation."
bronzini2025loans,quantitative,"Adoption rate of at least one DT by size class (Table 4, weighted)",78% large vs 69% SME,% of firms,2015-2019,5,"With regard to DT, adoption increases with the firm's size (Table 4), with 78% of large firms adopting at least 1 DT, against the 69% of SME in the sample."
bronzini2025loans,quantitative,"Sample means of lagged adoption dummies (Table 3 rows): at least 1 DT, Operational DT, Information DT",0.671; 0.142; 0.648,share of firm-years,2015-2019,6,AL1_L1 2200 0.671 0.470 1 0 1 OPR_L1 2200 0.142 0.350 0 0 1 INF_L1 2200 0.648 0.478 1 0 1
bronzini2025loans,quantitative,Share of firms self-reporting credit rationing (applied and rejected/partially accepted),4,"% of firms, same in SME and large",2015-2019,5,"with an average value of 4% of firms being credit constrained in both size classes (i.e., SME and large)"
bronzini2025loans,quantitative,Raw comparison: adopters show slightly worse (non-significant) financial conditions,credit constrained 4% vs 3%; leverage 43 vs 41; debt cost 0.27 vs 0.18,%; ratio,2015-2019,5,"a higher share of firms credit constrained (4% of adopters against 3% of non-adopters), higher leverage (43 against 41 for non-adopters), and higher debt cost (0.27 against 0.18)"
bronzini2025loans,quantitative,"Share of firms using hyper-depreciation at t+1 (instrument, Table 3 row)",0.311,share of firm-years,2016-2019,6,HypDep_F1 2200 0.311 0.463 0 0 1
bronzini2025loans,qualitative,Identification: hyper-depreciation (Industry 4.0 National Plan) at t+1 as instrument,,,2016-2019,6,"Our first preferred IV identified reports access to a fiscal incentive related to the adoption of DT, forwarded at time t + 1. The fiscal incentive is the ''Hyper-Depreciation'', part of the National Plan Industry 4.0."
bronzini2025loans,quantitative,"Effect of adopting at least one DT on probability of credit rationing (Heckit, full sample)",-0.58,"percentage points (coefficient -0.58***, s.e. 0.18)",2015-2019,8,the adoption of at least one digital technology in the period before the application for new funds lowers the likelihood of being credit-constrained by half a point (-0.58%)
bronzini2025loans,quantitative,Credit rationing effect by technology group (Information vs Operational DT),-0.77 vs -0.23,percentage points,2015-2019,8,"The adoption of Information DT lowers the likelihood of being credit-constrained by 0.77%, vis-à-vis the −0.23% of Operational DT."
bronzini2025loans,quantitative,Manufacturing subsample: credit rationing effect significant only for Operational DT (Table 6),-0.17* Operational; -0.07 n.s. at least 1 DT; -0.07 n.s. Information,coefficient (Heckit),2015-2019,10,"the coefficient of Operational DT adoption is slightly lower than the one in the full sample (−0.17 against −0.23), while no significant value is found for Information DT."
bronzini2025loans,quantitative,"Effect of DT adoption on leverage (Probit-2SLS, full sample)",+4.19% (at least 1 DT); +1.38% Operational; +6.12% Information,% change in leverage,2015-2019,8,an increase in the firm's leverage of 4.19% for the adoption of at least 1 DT on the full sample ... The magnitude of the effect varies from 1.38% for the Operational DT to 6.12% for Information DT.
bronzini2025loans,quantitative,"Effect of DT adoption on cost of debt (Probit-2SLS, full sample)",-3.56% (at least 1 DT); -5.14% Information; -1.45% Operational,% change in debt cost,2015-2019,8,"The overall adoption (at least 1 DT) decreases the debt cost by 3.56%, with an effect stronger for Information DT (-5.14%), while Operation DT decreases the debt cost by 1.45%."
bronzini2025loans,quantitative,"Manufacturing subsample: leverage and debt cost effects of at least 1 DT (Table 7 rows, col. 3)",+3.50*** leverage; -2.38*** debt cost,coefficient (Probit-2SLS),2015-2019,9,At Least 1 DT 0.10** 4.19*** 3.50*** ... At Least 1 DT -0.11*** -3.56*** -2.38***
bronzini2025loans,quantitative,"Manufacturing vs full sample: Operational DT matters more in manufacturing, Information DT in services",leverage 2.32 vs 1.38; debt cost -1.51 vs -1.45,coefficient (Probit-2SLS),2015-2019,10,"the effect of Operational DT is larger for manufacturing firms rather than the full sample (2.32 vs. 1.38 for leverage, −1.51 vs. −1.45 for debt cost)"
bronzini2025loans,quantitative,Composition effect: bank debt vs financial debt (full sample),+2.75% bank debt; -6.64% financial debt,% change in debt shares,2015-2019,8,The adoption of at least 1 DT increases the bank debt by 2.75% for the firms in the full sample ... the adoption is associated with a strong decrease in financial debt (-6.64% for the full sample).
bronzini2025loans,quantitative,Heterogeneity by size: elasticity of credit constraints to DT adoption (SME vs large),-0.14 vs -0.17,% (elasticity),2015-2019,12,"A 1% increase in the likelihood of adopting at least 1 DT reduces the credit constraints of SMEs' of 0.14%, against the −0.17% for large firms."
bronzini2025loans,quantitative,Heterogeneity by size: elasticities of leverage and debt cost to DT adoption (SME vs large),leverage +1.65 vs +1.86; debt cost -1.63 vs -1.83,% (elasticity),2015-2019,12,"the adoption increases the leverage of 1.65% for SMEs', against the 1.86% for large firms (column 2), while the debt cost decreases of −1.63% for SMEs and −1.83% for large firms (column 3)"
bronzini2025loans,qualitative,No size or age threshold for the benefits of DT adoption,,,2015-2019,13,"restricted to the firms in our sample, there is no threshold in terms of a firm's size or age that activates the positive effects of digital technologies"
bronzini2025loans,quantitative,Adoption intensity: first DT adopted yields larger marginal benefit than 2+ DT (Table 11),leverage +2.11 (1 DT) vs +1.87 (2+ DT); debt cost -2.21 vs -2.00,coefficient (Probit-2SLS),2015-2019,13,"the marginal benefit of the adoption is higher for those firms at the beginning of the process of digital upgrading (i.e., for the first DT adopted) and decrease with the increase in the number"
bronzini2025loans,quantitative,Share of firms with no investment in DT and with DT below 5% of total investment (survey categorical item),59.46% none; 21.55% below 5%,% of firms (weighted),2015-2019,14,"The share of firms with no investments in DT is 59.46%, while those investing less than 5% are 21.55% (sampling weights applied)."
bronzini2025loans,quantitative,"Average firm size in the sample, manufacturing vs services",92 vs 130,employees (weighted),2015-2019,10,"the average firm's size for manufacturing is 92 employees, while 130 is the average for service firms (sampling weights applied)"
bronzini2025loans,quantitative,"Alternative IV (regional-sector DT investment exposure, leave-one-out): effects confirmed only for leverage and debt cost",+1.37** leverage; -1.11* debt cost; credit constraints -0.06 n.s.,coefficient (Probit-2SLS),2015-2019,11,At least 1 DT -0.06 1.37** -1.11* -0.00 0.03
bronzini2025loans,qualitative,Policy conclusion: complementary investments as enablers of DT adoption,,,2015-2019,16,"public policies should aim at supporting complementary investments in terms of infrastructures, skills upgrading, and organizational change which enable the adoption of DT"
gahn2025pathdep,qualitative,Path dependence in digital adoption,persistent,qualitative,2016-2021,1,"Once a firm has introduced a technology (in the last 3 years), expectations to continue investing in that technology are persistent."
gahn2025pathdep,qualitative,Role of location,paramount,qualitative,2018,1,"geographical location is of paramount importance, leading to the support of the local economies of scale hypothesis"
gahn2025pathdep,quantitative,"Data source: Istat Permanent Business Census 2018, total observations",201465,firm-level observations,2018,7,The dataset used was constructed by ISTAT which is a Permanent Business Census (PBC) at firm level for the year 2018. ... This dataset contains n = 201.465
gahn2025pathdep,quantitative,"Effective regression sample (respondents to the long questionnaire), weighted to the population",44555,firms,2018,8,"the observations in the dataset are reduced to n = 44,555, but these are adjusted to represent the entire population"
gahn2025pathdep,qualitative,Operationalisation of adoption: binary yes/no on past (2016-2018) and planned (2019-2021) investment per technology,,,2016-2021,9,Companies indicate either 'Yes' or 'No' to whether they have made investments in these technologies over the past 3 years and whether they plan to make such investments within the next 3 years.
gahn2025pathdep,qualitative,Census item closest to AI (technology 6),,,2018,8,"Technology 6: Advanced automation, collaborative robots and intelligent systems."
gahn2025pathdep,quantitative,Path-dependence relative risk ratios by technology (Table 2 row; all significant at 1%),1.52 fibre; 8.38 5G; 47.30 IoT; 134.23 immersive; 109.28 big data; 55.90 automation/robots; 14.09 3D printing; 49.46 simulation; 27.68 cyber-security,relative risk ratio (binomial logit),2016-2021,11,Path-dependence 1.52*** 8.38*** 47.30*** 134.23*** 109.28*** 55.90*** 14.09*** 49.46*** 27.68***
gahn2025pathdep,quantitative,Past employment creation (recruitment 2016-2018) as enabler (Table 2 row),1.18 to 1.62,"relative risk ratio, all significant at 1%",2016-2021,11,Employment 1.26*** 1.18*** 1.36*** 1.25*** 1.36*** 1.37*** 1.25*** 1.62*** 1.33***
gahn2025pathdep,quantitative,R&D investment intensity as enabler (Table 2 row),1.15 to 1.45,"relative risk ratio, all significant at 1%",2016-2021,11,R&D Intensity 1.15*** 1.24*** 1.24*** 1.41*** 1.34*** 1.30*** 1.45*** 1.34*** 1.24***
gahn2025pathdep,quantitative,Technology and digitalisation investment intensity as enabler (Table 2 row),1.20 to 1.56,"relative risk ratio, all significant at 1%",2016-2021,11,T&D Intensity 1.34*** 1.20*** 1.40*** 1.56*** 1.55*** 1.49*** 1.22*** 1.48*** 1.40***
gahn2025pathdep,quantitative,Firm size (sales share in NACE 4 sector) and planned adoption (Table 2 row): RRR below 1,0.00 to 0.28,relative risk ratio,2016-2021,11,Size 0.04*** 0.04*** 0.01*** 0.00*** 0.002*** 0.01*** 0.12** 0.28 0.11**
gahn2025pathdep,qualitative,Interpretation of the size result (contrasts with the literature),,,2016-2021,12,Results suggest that smaller firms in Italy exhibit a higher propensity for digitalization compared to their larger counterparts. This phenomenon contrasts with much of the existing literature
gahn2025pathdep,qualitative,Summary of significant drivers and neutral variables,,,2016-2021,12,"The positive and significant variables that could explain the adoption of digital technologies are: path-dependence, past employment creation, and the intensity of spending on research and development and on technologies and digitalization."
gahn2025pathdep,quantitative,"Apulia region relative risk ratios vs Piedmont, by technology (Table 3 row; all significant at 1%)",0.064 fibre; 0.72 5G; 0.46 IoT; 0.32 immersive; 0.47 big data; 0.51 automation/robots; 0.42 3D printing; 0.46 simulation; 0.62 cyber-security,relative risk ratio,2016-2021,13,Apulia 0.064*** 0.72*** 0.46*** 0.32*** 0.47*** 0.51*** 0.42*** 0.46*** 0.62***
gahn2025pathdep,quantitative,Sicily relative risk ratios vs Piedmont (Table 3 row),0.47 to 0.78 where significant,relative risk ratio,2016-2021,13,Sicily 0.54*** 0.60*** 0.47*** 0.74 0.51*** 0.78* 0.62*** 0.60*** 0.77***
gahn2025pathdep,qualitative,Most penalised regions and polarisation risk,Sicily and Apulia,qualitative,2016-2021,10,"the most penalized regions would appear to be Sicily and Apulia (see Table 3). It is clear that the risk of increasing polarization ... is present in the Italian case. In particular, Apulia is penalized across all technologies"
gahn2025pathdep,quantitative,Taranto province relative risk ratios vs other Italian provinces (Table 4 row),0.25 to 0.52 where significant,relative risk ratio,2016-2021,14,Taranto 0.77 0.52*** 0.47*** 0.25*** 0.30*** 0.29*** 0.31*** 0.31*** 0.50***
gahn2025pathdep,quantitative,Model fit (pseudo R2) across the nine logits,0.50 to 0.68,pseudo R2,2016-2021,13,Pseudo R2 0.50 0.58 0.62 0.62 0.66 0.65 0.59 0.68 0.67
gahn2025pathdep,qualitative,Cited literature benchmark: management incapacity and North-South digital adoption gap (Baltrunaite et al. 2022),up to one third,share of the North-South gap,2022,4,"management incapacity can account for up to one-third of the North-South gap in digital technology adoption (Baltrunaite et al., 2022)"
gahn2025pathdep,qualitative,"Access and confidentiality constraints (ADELE laboratory, weights to the universe)",,,2018,15,The processing was carried out at Istat's Laboratory for the Analysis of Elementary Data [ADELE] ... It should be noted that the results of the regressions were conducted using weights to the universe.
calabrese2024policy,quantitative,Incentive beneficiaries and access to external finance (headline),+0.3,log financial debt ratio vs non-beneficiaries (interaction with lagged ratio),2017-2019,1,"SMEs with access to the incentives of this innovation policy are those observations with higher rates of admission to external financial resources (i.e., 0.3 higher debt ratio)"
calabrese2024policy,quantitative,Incentive beneficiaries and financial performance (headline),2x odds of positive profit; +0.01 financial indexes,odds ratio / log index points,2017-2019,1,"higher financial performance (i.e., 2 times the odds of having a positive profit, and 0.01 higher financial indexes)"
calabrese2024policy,quantitative,Policy evaluated: Calenda 4.0 incentive package,interest contribution +30%; public guarantee up to 80% of bank loans; hyper-depreciation 250%; super-depreciation 120-140%; R&D tax relief 50%,,2017-2020,3,"hyper-depreciation of investments in industry 4.0 (250%) and super-depreciation of investments in other assets (120-140%), as well as tax relief on incremental investments in R&D (50%)."
calabrese2024policy,qualitative,Data sources,Observatory survey + AIDA + Ceris Rating,,2017-2019,5,"The data are extracted from a survey presented to automotive firms by the ""Observatory on the Italian Automotive Supply Chain"", then merged with economic and administrative data extracted from AIDA"
calabrese2024policy,quantitative,Share of observations with access to Calenda 4.0 (Table 2),35.9,"per cent of 1,241 firm-year observations",2017-2019,9,Access to Calenda 4.0 1241 0.359 0.480 0.000 1.000
calabrese2024policy,quantitative,Sample composition by year and product group (Table 2),"2017 42.1%, 2018 40.3%, 2019 17.6%; components and semi-finished products 85.0%",per cent of observations,2017-2019,9,Components and semi-finished products 1241 0.850 0.357 0.000 1.000
calabrese2024policy,qualitative,Treatment variable definition,,,2017-2019,7,"The key explanatory variable introduced in the model is an interaction term between the lagged dependent variable and a dummy equal to 1 if the firm reported accessing the incentives created by that policy at time t, 0 otherwise."
calabrese2024policy,quantitative,"H1: effect on financial debt ratio (Table 3, OLS pooled, interaction term)","0.249** (col 1), 0.287*** (col 2), 0.261** (1.1), 0.294*** (2.1)",coefficient on lagged log debt ratio x access to Calenda 4.0; n = 514-516,2017-2019,11,Financial debt ratio t-1 x Access to Calenda 4.0 t 0.249 ** 0.287 *** 0.261 ** 0.294 ***
calabrese2024policy,quantitative,"H2: odds of positive profit (Table 4, logit, odds ratios)","2.492** (col 1), 2.370* (col 2)",odds ratio on lagged profit x access to Calenda 4.0; n = 684-690,2017-2019,12,Profit t-1 x Access to Calenda 4.0 t 2.492 ** 2.370 * (1.110) (1.056)
calabrese2024policy,quantitative,"H2: effect on ROS, ROI, ROE (Table 4, OLS)",ROS 0.00990*** / 0.0106***; ROI 0.00591* / 0.00698**; ROE 0.00622*** / 0.00615***,coefficient on lagged log index x access to Calenda 4.0,2017-2019,12,ROS t-1 ψ x Access to Calenda 4.0 t 0.00990 *** 0.0106 *** (0.00346) (0.00346)
calabrese2024policy,quantitative,Heckman two-step robustness (Table 5),ROS 0.0119**; ROI 0.00778*; selection equation profit x access 0.649*** / 0.684***,coefficient,2017-2019,13,ROS t-1 ψ x Access to Calenda 4.0 t 0.0119 ** (0.00487)
calabrese2024policy,qualitative,Preliminary insight: benefit concentrated among better-rated SMEs,rating BBB to AAA,,2017-2019,9,"in both cases we find a positive impact on the SMEs with access to the incentives created by the policy, although this is limited to the businesses with higher financial ranking (i.e., firms with a rating between BBB and AAA)."
calabrese2024policy,quantitative,Limitations stated by the authors,"about 1,000 initial observations halved; survey-based key variable; no panel estimator",,2017-2019,15,"the sample under investigation is quite small, with an initial total of 1000 observations, then reduced to half by missing values and our strategy of using lagged variables."
calabrese2024policy,qualitative,Identification caveat,,,2017-2019,6,"It is worth nothing that the dataset is strongly unbalanced and, accordingly, we do not implement regression models with panel sample to confirm the causality effect."
marioni2024frontier,quantitative,"Productivity gain associated with AI innovation, event-study DiD (local projections)",6.2 to 17,% productivity premium,2011-2019,1,"the productivity gains directly associated with AI are statistically significant and quantitatively important, ranging between 6.2 and 17% in the event analysis"
marioni2024frontier,quantitative,"Productivity gain associated with AI innovation, distance-to-frontier framework",2.1 to 6,% productivity premium,2011-2019,1,and between 2.1 and 6% in the DTF framework
marioni2024frontier,quantitative,Additional (indirect) AI premium for firms further from the frontier,0.3 to 0.7,%,2011-2019,1,the productivity benefits of AI might be greater for those firms further away from the frontier (between 0.3 and 0.7%)
marioni2024frontier,qualitative,"Operational definition of AI (innovation, patent based)",,,2011-2019,1,"examines the productivity effect associated with the development of Artificial Intelligence (AI), measured by patenting success in AI fields"
marioni2024frontier,qualitative,Treatment variable definition (first AI patent filing),,,2011-2019,5,"a dummy variable that takes a value of one from the year of the first filing of an AI patent onwards, and zero in all other cases"
marioni2024frontier,quantitative,"Sample size: total firms, AI innovators (treated) and matched controls","1489 (284 treated, 1205 control)",firms,2011-2019,7,This study uses data for a sample of 1489 firms between 2011 and 2019 from 15 European countries. The group of AI innovating (treated) firms comprises 284 companies
marioni2024frontier,qualitative,Data sources (patents and balance sheets),,,2011-2019,7,"Our sample draws from information from two distinct datasets, OECD REGPAT and ORBIS Europe."
marioni2024frontier,quantitative,Underlying ORBIS population from which treated and controls are extracted,813000,firms,2011-2019,8,"The original sample of firms derived from ORBIS dataset includes 813 thousand companies; from this, we extract the groups of treated and control firms (AI and non-AI firms)."
marioni2024frontier,quantitative,Italian firms in the sample (Table A.5 row),"27 AI firms, 181 controls, 208 total",firms,2011-2019,21,Italy 181 27 208
marioni2024frontier,quantitative,Country composition of the sample,"Germany 24%, UK 21%, France 15%",% of firms,2011-2019,9,"More than one quarter of our sample is accounted for by German companies (24%), followed by firms from the UK (21%) and France (15%)."
marioni2024frontier,quantitative,Industry composition of AI innovators,Professional services 24% (68 of 284 firms),% of 284 AI firms,2011-2019,8,"The industry distribution of AI firms is highly uneven, with almost half of them found in Professional services (24%, 68 out 284 firms)"
marioni2024frontier,quantitative,Industry composition of AI innovators: computer programming and computer equipment/electronics,14% each,% of 284 AI firms,2011-2019,9,equipment & Electronics (all with 14%)
marioni2024frontier,quantitative,"AI innovators in Machinery (NACE 28), Table A.6 row: controls, treated, total",41 of 284 treated firms,firms,2011-2019,22,Machinery 52 41 93
marioni2024frontier,quantitative,"AI innovators in Computer and Electronics (NACE 26), Table A.6 row",38 of 284 treated firms,firms,2011-2019,22,"Computer, Electronics 17 38 55"
marioni2024frontier,quantitative,"AI innovators in Electrical Equipment (NACE 27), Table A.6 row",23 of 284 treated firms,firms,2011-2019,22,Electrical Equipment 19 23 42
marioni2024frontier,quantitative,"AI innovators in Motor vehicles and other transport equipment, Table A.6 row",18 of 284 treated firms,firms,2011-2019,22,Motorvehicles & Other Transport eq. 7 18 25
marioni2024frontier,quantitative,Size and age of AI innovators versus controls (employment-weighted),median employment 4 (AI) vs 6 (control); mean age 11 vs 18 years,employees; years,2011-2019,8,The median number of workers is 4 for AI firms and 6 for the control group ... The mean (median) age for AI firms is 11 (7) years and 18 (13) for non-AI firms.
marioni2024frontier,quantitative,LP-DiD pooled post-treatment ATT on log MFP,"0.567 (s.e. 0.253); pre-treatment 0.057 (s.e. 0.070), insignificant",log points,2011-2019,10,"The ATT is statistically significant throughout the period following the treatment, taking a value of 0.567 (standard error 0.253), whilst it is insignificant for the pre-treatment period (coefficient 0.057, standard error 0.070)."
marioni2024frontier,quantitative,Event-study premium expressed relative to the gap to the national vs global frontier,11% (mean) / 17% (median) national; 6.2% / 6.3% global,%,2011-2019,10,"The ATT estimates indicate a 11% (17%) productivity increase if we consider the mean (median) distance to the national leader, and a 6.2% (6.3%) increase if we compare the laggard to the global (European) frontier."
marioni2024frontier,quantitative,"Baseline DTF regression, direct AI coefficient and interaction with distance to global frontier (Table 2, col. 10)",AI 0.190 (significant at 5%); AI x DTF 0.023,coefficient on log MFP,2011-2019,12,"the direct effect of AI on productivity is larger (0.190) than in column (9), and is statistically significant at the 5% level. The indirect effect associated with the distance to the global frontier is similar ... (0.023)."
marioni2024frontier,quantitative,DTF direct productivity premium of AI innovation for a laggard firm,3.8% (mean) / 6% (median) vs national frontier; 2.1% / 2.2% vs global frontier,%,2011-2019,12,"the productivity levels of a laggard company would increase by 3.8% (6%) relative to the mean (median) gap to the national frontier, and by 2.1% (2.2%) with respect to the mean (median) distance to the global frontier."
marioni2024frontier,quantitative,"Unmatched comparison: AI firms vs all 800,000+ European firms",29,% higher MFP after treatment,2011-2019,11,"The estimates in column (1) indicate that the productivity level of AI firms increases by 29% following the implementation of the new technology, in comparison to the general pool of European companies"
marioni2024frontier,qualitative,"Timing: effect appears immediately, smaller with fewer dynamic terms",,,2011-2019,10,"The results indicate a substantial productivity increase immediately following the event. However, the magnitude of this effect slightly decreases over time while also the precision (efficiency) of our estimates."
marioni2024frontier,quantitative,"Placebo: robotics and additive manufacturing innovators (non-AI 4IR) show a negative treatment coefficient (Table 3 row, col. 7 = No-AI treatment)",-0.253*** (0.092),coefficient on log MFP,2011-2019,13,AI(post × treatment) 0.190** 0.085 0.176** 0.378*** 0.174*** 0.309*** −0.253***
marioni2024frontier,qualitative,Indirect (catch-up) effect not robust to tighter matching,,,2011-2019,13,"the direct effect of AI increases with this finer matching strategy, whilst the parameter capturing the indirect impact of AI innovation becomes smaller and loses statistical significance."
marioni2024frontier,qualitative,"Limitation: patent-based measure captures AI producers only, not adopters",,,2011-2019,16,"focusing on AI innovation restricts our analysis to firms producing these new technologies, while a broader economic impact could be found if we consider all firms adopting AI."
marioni2024frontier,qualitative,Limitation: ORBIS under-samples small firms (motivates employment weights),,,2011-2019,11,"a known limitation is that it under-samples small firms, which do not have the same obligations when filing their accounts, and over-samples higher productivity companies"
marioni2024frontier,quantitative,Cited Italian benchmark: digital adoption effect on MFP growth (Nucci et al. 2023),0.97,percentage points of MFP growth,2016-2018,4,"firms that made investments in at least one form of digital technology during the period from 2016 to 2018, experienced on average, a 0.97 percentage points increase in the MFP growth rate compared to similar firms that did not adopt"
bratta2023hyperdep,qualitative,Policy evaluated (operational definition),,,2017,2,By exploiting the introduction in 2017 of a fiscal incentive granted to all Italian companies purchasing tangible goods instrumental to their digital transformation
bratta2023hyperdep,qualitative,Overall assessment of the policy,,,2017-2019,2,the analysis suggests that the policy has been so far an effective means to support the advanced digital technology transformation of the Italian production system
bratta2023hyperdep,quantitative,Hyper-depreciation design: notional cost increase,150,per cent notional increase of eligible cost,2017,5,Hyper-depreciation worked as a notional increase of 150% of the cost for the eligible capital good.
bratta2023hyperdep,quantitative,Integrated sample (tax returns + balance sheets + ANPAL) and treated firms,"381 thousand firms, 6.5 thousand beneficiaries",firms,2017,5,"deliver a sample of around 381 thousand Italian companies, out of which around 6.5 thousand were beneficiaries of hyper-depreciation in 2017"
bratta2023hyperdep,quantitative,Sub-sample merged with ISTAT ICT survey (firms with 10+ employees),"16 thousand firms, 800 beneficiaries",firms,2017,6,"around 16 thousand firms representative of the Italian population of businesses with at least 10 employees, out of which around 800 were beneficiaries of hyper-depreciation in 2017"
bratta2023hyperdep,quantitative,"Take-up of hyper-depreciation in 2017: number of firms, tax allowance, subsidised investment","7,607 firms; 384 million euro allowance; 3.8 billion euro investment (497 thousand euro per firm)",firms / euro,2017,7,"7,607 Italian companies used hyper-depreciation during fiscal year 2017, for a total amount of tax allowance equal to 384 million euro. Applying (3), this corresponds to 497 thousand euros of average investment per firm"
bratta2023hyperdep,quantitative,"Subsidised investment including undelivered 2017 orders, and share of yearly machinery investment",7.04 billion euro; about 8.5 per cent,euro / per cent of GFCF in machinery and equipment,2017,7,"the new estimate of the total amount of 'smart' investments under the 2017 hyper-depreciation regime is then equal to 7.04 billion euros. This amount corresponds to around 8,5% of yearly investments in machinery and equipment"
bratta2023hyperdep,quantitative,Take-up by size class: share of beneficiaries and of investment,micro 37.6% of firms / 7.4% of investment; small 44.0% / 28.0%; medium 14.5% / 31.3%; large 3.9% / 33.2%,per cent,2017,8,"Small firms (10-50 employees) are the most represented among the 7,607 observed beneficiaries of hyper-depreciation (44.0% out of the total), and account for 28.0% of total investments in advanced digital technologies"
bratta2023hyperdep,quantitative,Over-representation of medium and large firms among beneficiaries vs population,18.4 vs 2.7,per cent of firms,2017,8,medium-sized and large firms are over-represented among those that invested in 'smart' capital goods in 2017 (18.4% in the sub-population against 2.7% in the population)
bratta2023hyperdep,quantitative,Manufacturing share of beneficiaries and of subsidised investment,56.1% of beneficiaries; 82.6% of investment,per cent,2017,8,"the fiscal incentive was mainly used by manufacturing firms, which represent 56.1% of the beneficiaries, and account for 82.6% of the total amount of 'smart' investments"
bratta2023hyperdep,quantitative,"Manufacturing beneficiaries: number, average and total investment (Table 3 row)","4,266 firms; 731.8 thousand euro per firm; 3,121,940.83 thousand euro total",firms / thousand euro,2017,9,"Manufacturing 4,266 731.8 3,121,940.83 82.6%"
bratta2023hyperdep,quantitative,Within-manufacturing distribution of subsidised investment,"metals 23.6%; industrial machinery 8.6%; chemicals, non-metallic minerals, rubber and plastics about 8% each",per cent of manufacturing investment,2017,8,"Within manufacturing, the most represented industries are metal productions (23.6% of manufacturing investments), industrial machineries (8.6%), and, with similar shares (about 8%), chemicals, non-metallic mineral productions, rubber and plastic."
bratta2023hyperdep,quantitative,Regional concentration of subsidised investment,Lombardy 33.2%; Veneto 17.5%; Emilia-Romagna 15.6%,per cent of investment,2017,9,"the highest shares of investments benefitting from hyper-depreciation are found in Northern Italy, with Lombardy (33.2%), Veneto (17.5%) and Emilia Romagna (15.6%) at the top of the ranking"
bratta2023hyperdep,quantitative,"Ex-ante (2016) performance gap of beneficiaries vs non-beneficiaries, with size/sector/region controls",+33.0 p.p. revenues per employee; +3.8 p.p. ROI; -12.2 p.p. debt/EBITDA; -3.2 leverage,percentage points / ratio,2016,9,"firms that invested in ADP technologies in 2017 were, on average, ex-ante more productive (+33.0 percentage points in terms of revenues per employee), more profitable (+3.8 p.p. in terms of return on investments)"
bratta2023hyperdep,quantitative,"Digital maturity at end 2016, population of firms with 10+ employees (Table 5)",high 4.7%; medium-high 10.1%; medium-low 4.4%; low 35.6%; null 45.2%,per cent of firms (weighted),2016,11,Entire population of firms 4.7% 10.1% 4.4% 35.6% 45.2%
bratta2023hyperdep,quantitative,"Digital maturity at end 2016, hyper-depreciation beneficiaries (Table 5)",high 8.7%; medium-high 10.8%; medium-low 6.6%; low 40.6%; null 33.3%,per cent of firms (weighted),2016,11,Only beneficiaries of hyper-depreciation 8.7% 10.8% 6.6% 40.6% 33.3%
bratta2023hyperdep,qualitative,Beneficiaries were mostly first-time ADP investors,,,2016-2017,11,this implies that most firms that invested in subsidized ADP technologies in 2017 had never done it before that year.
bratta2023hyperdep,quantitative,Identification strategy,"difference-in-differences with propensity score matching (nearest neighbour, 5 neighbours, caliper 0.1)",,2017-2019,12,"To make progress in establishing a causal effect of technology adoption on employment, we use propensity score matching to select the Control group."
bratta2023hyperdep,quantitative,"Employment effect on hirings, Jan 2017 to Mar 2019 vs 2016 (baseline DiD-PSM)",+3.0 p.p. (treated +10.3%),percentage points of average hirings growth,2017-2019,14,"hirings accelerated by 10.3% on average over the period Jan. 2017 - March 2019 relative to year 2016, 3.0 percentage points more than the growth of average hirings for ex-ante similar firms that did not use the fiscal incentive"
bratta2023hyperdep,quantitative,Employment effect on hirings by year,+1.8 p.p. 2017; +3.2 p.p. 2018; +4.0 p.p. Q1 2019; separations -0.9 p.p. in 2017 only,percentage points,2017-2019,14,"+1.8 p.p. in 2017, that is in the same year of the investment; +3.2 p.p. in 2018; +4.0 p.p. during the first quarter 2019."
bratta2023hyperdep,quantitative,"Employment effect on hirings by size class (Table 7, all p<0.01)",0-9 employees +1.58; 10-49 +2.54; 50-249 +3.96; 250+ +10.90,percentage points,2017-2019,15,"within this size class we estimate 10.9 percentage points of additional average hirings as compared to the baseline scenario of no ADP technology investments, which is almost three times the positive effect estimated for medium-sized firms"
bratta2023hyperdep,quantitative,Employment effect on hirings by macro-area (Table 7),"North-West +2.59***; North-East +1.76***; Centre +1.14 (n.s.), separations -2.06**; South +3.96***",percentage points,2017-2019,15,"larger for firms headquartered in the South, for which we estimate a 4.0 percentage points of additional average hirings, as compared to a +2.6 p.p. in the North-West and a +1.8 p.p."
bratta2023hyperdep,quantitative,Employment effect by worker age (Table 8),"under 35: +2.58*** hirings; 35+: +1.29*** hirings, -0.96*** separations",percentage points,2017-2019,16,benefitted individuals under 35 more than older ones: +2.6 p.p. against +1.3 p.p. the corresponding effects on hirings along the entire period under scrutiny
bratta2023hyperdep,quantitative,"Employment effect by occupation (Table 8, hirings)",medium-skilled blue collars +2.2***; medium-skilled white collars +0.73***; high-skilled science-based +0.64***; high-skilled not science-based +0.35**; low-skilled +0.43**,percentage points,2017-2019,16,"the positive effect on hirings is common to the five groups considered here, but it is the largest for medium-skilled blue collars: +2.2 p.p. our causal estimate along the entire period"
bratta2023hyperdep,quantitative,High-skilled hirings effect in large firms (250+ employees),+5.0 p.p. not science-based; +8.0 p.p. science-based,percentage points,2017-2019,16,"demand for high-skilled occupations by large companies has increased substantially as a result of their digital transformation: +5.0 p.p. in the case of not science-based occupations, +8.0 p.p. in the case of science-based occupations"
bratta2023hyperdep,quantitative,"Robustness: manufacturing firms only, hirings effect (Table 9)",+2.93*** (treated 12.13 vs control 9.20); separations -0.29 n.s.,percentage points,2017-2019,18,Only manufacturing firms 12.13 9.20 2.93 *** 0.51 9.04 9.32 -0.29 0.42
bratta2023hyperdep,quantitative,Robustness: hirings effect by investment intensity quartile (Table 9),high +3.89***; medium-high +3.40***; medium-low +1.43*; low +2.35***,percentage points,2017-2019,18,the increase in hirings induced by the acquisition of ADP technologies is stronger the more pervasive is the process of digital transformation
bratta2023hyperdep,quantitative,"Total employment growth 2016 to Q1 2019, treated vs matched control",+11.3% vs +4.4%; DiD about 7 p.p.,per cent / percentage points,2016-2019,18,total employment grew by 11.3% among firms that benefitted from hyper-depreciation in fiscal year 2017 and by 4.4% among comparable firms that did not use it. The resulting difference-in-differences estimate of around 7 percentage points
bratta2023hyperdep,qualitative,Limitation: firm-level estimates not informative of general equilibrium effects,,,,19,"our firm-level analysis cannot be informative of general equilibrium effects, and in particular of the under-going competitive and selection processes occurring in the market."
nucci2023productivity,quantitative,Universe of the digitalisation module and share of non-users,"108,682 firms; 18,523 non-users",firms,2016-2018,WP p.14 (PDF p.18),"our dataset refers to 108,682 enterprises, of which 90,159 reported to use at least one type of digital technology in the 2016-2018 period, while the other 18,523 firms reported to have not"
nucci2023productivity,quantitative,ISTAT latent classes: share of firms with >=10 employees by digital profile (non systematic / constructive / experimenting / digitally mature),29 / 45 / 22 / 4,% of firms with >10 employees,2016-2018,WP p.15-16 (PDF p.19-20),"defined by Istat as ""non systematic"" (about 29% of total firms with more than 10 employees) ... ""digitally mature"" firms, characterized by an integrated use of the available digital technologies (about 4%"
nucci2023productivity,quantitative,Share of intensive digital adopters (treated group) among manufacturing firms vs all sectors,34.6 vs 31.4,% of firms using at least one digital technology,2016-2018,"WP p.34, Tab. 2 (PDF p.38)","Manufacturing, mining and quarrying 65.4 34.6 100 ... Total 68.6 31.4 100"
nucci2023productivity,quantitative,Share of intensive digital adopters by size class (0-10 workers vs more than 500 workers),21.4 vs 72.4,% of firms,2016-2018,"WP p.34, Tab. 2 (PDF p.38)",0-10 workers 78.6 21.4 100 ... more than 500 workers 27.6 72.4 100
nucci2023productivity,quantitative,Share of intensive digital adopters by macro-area (North-West vs South),29.5 vs 21.1,% of firms,2016-2018,"WP p.34, Tab. 2 (PDF p.38)",North-West 70.5 29.5 100 ... South 78.9 21.1 100
nucci2023productivity,quantitative,"Effect of intensive digital adoption on labour productivity growth 2015-2018 (PSM, gross production per worker)",+2.7,percentage points,2015-2018,WP p.24 (PDF p.28),"firms with high digital adoption have a rate of change of productivity, between 2015 and 2018, which is 2.7 percentage points higher, on average, than that of firms with low digital adoption"
nucci2023productivity,quantitative,"Effect of intensive digital adoption on productivity growth, value added per worker",0.007 to 0.01,log points (difference in change of log productivity),2015-2018,WP p.24 (PDF p.28),"When we use value added per worker, the estimated impact of digital adoption ranges between 0.01 and 0.007 (see Tab. 5)"
nucci2023productivity,quantitative,Heterogeneity: manufacturing vs services; smaller vs larger (median 26 workers); younger vs older (median 20 years),0.031 vs 0.028; 0.044 vs 0.023; 0.051 vs 0.020,"log points, all p<0.01",2015-2018,"WP p.42, Table 9 (PDF p.46); text WP p.26-27",The impact of digital technologies on productivity change is estimated to be stronger in smaller firms (0.044) than in larger firms (0.023)
antonietti2023robots,quantitative,Unit of analysis and period,15 industries x 39 LLMAs,area-industry cells,2008-2017,2,"a two-step analysis mixing information from different data sources on 15 industries and 39 local labour market areas of the Emilia-Romagna region in Italy, for the period 2008-2017"
antonietti2023robots,qualitative,Effect of robot exposure on aggregate labour productivity,no effect,qualitative,2008-2017,2,"higher exposure to robots does not affect the aggregate level of labour productivity, but, rather, is associated with a decline in (high routine) employment after three years"
antonietti2023robots,qualitative,"Moderation of the employment effect by occupational similarity, complexity and industrial districts",attenuated or nil,qualitative,2008-2017,2,"the negative relationship between robots and employment decreases, or even vanishes, in local labour markets with high cross-industry occupational similarity and low occupational or task complexity, and within industrial districts"
antonietti2023robots,quantitative,Data sources,IFR World Robotics 2020; SILER employer-employee data; INAPP-ISTAT ICP task survey; AIDA balance sheets,description,2008-2017,4,Data on robot exposure come from the World Robotics 2020 managed by the International Federation of Robotics. Data on employment and occupational titles come from a rich longitudinal employer-employee dataset available for the manufacturing activities of Emilia-Romagna
antonietti2023robots,quantitative,Balance-sheet sample (AIDA) of Emilia-Romagna manufacturing firms,6000,"firms (approximate), 2008-2017",2008-2017,7,"This yields a total sample of about 6,000 firms across the whole period of interest."
antonietti2023robots,quantitative,Robot density measure (operationalisation),"country-sector IFR installations allocated to LLMA-sector cells with 2008 employment weights, per 2008 FTE",definition,2008-2017,7,"Since data on the annual flows of robot installations are only available at the country-sector level, to make them vary at the LLMA-sector level in Emilia Romagna we proceed as follows."
antonietti2023robots,quantitative,Number of observations in the regressions,"3920 potential cells; 3096, 2784 and 2437 with 1-, 2- and 3-year lags",LLMA-sector-year observations,2008-2017,10,"Our final dataset is made of 3920 observations, obtained from 39 LLMAs x 15 two-digit sectors x 10 years."
antonietti2023robots,quantitative,"Elasticity of FTE employment to robot density, 3-year lag (Table 2, col. 9)",-0.074,"elasticity, p<0.05 (cluster SE 0.034; Driscoll-Kraay SE 0.017, p<0.01)",2008-2017,11,lnROBDENt-3 -0.006 -0.058 -0.074** (0.053) (0.035) (0.034) [0.025] [0.019]*** [0.017]***
antonietti2023robots,quantitative,"Elasticity of labour productivity (VA/EMP) to robot density, lags 1-3 (Table 2, cols 1-3)","-0.001, -0.018, -0.006, all not significant",elasticity,2008-2017,10,From Columns 1-3 we find that the estimated coefficient of ROBDEN is never statistically significant.
antonietti2023robots,quantitative,IV (2SLS) check with robot density in seven European countries as instruments,"lnROBDENt-3 -0.049 (VA) and -0.048 (EMP), not significant; Kleibergen-Paap F 175.90; endogeneity test p 0.491/0.699",coefficients and test statistics,2008-2017,12,"From Columns 1 and 2 of Table 3, we find that the estimated coefficient of lnROBDENt-3 is still negative, but not statistically significant."
antonietti2023robots,quantitative,Effect of robot density on the share of high-routine employment (Table 4),"-0.010 (HRTI, p<0.1); -0.013 (HRTIQ1, p<0.1)","elasticity, FE estimates with 3-year lag",2008-2017,13,lnROBDENt-3 -0.010* -0.017 -0.013* -0.017 (0.006) (0.014) (0.007) (0.014)
antonietti2023robots,quantitative,Employment elasticity in low-similarity LLMAs,"a 10% increase in robot density corresponds to a 1.1% decrease in FTE employment (coefficient -0.110, p<0.05)",elasticity,2008-2017,18,in LLMAs where similarity is below the median a 10% increase in robot density corresponds to an average 1.1% decrease in FTE employment.
antonietti2023robots,quantitative,Employment elasticity in high-complexity LLMAs,"-0.92% per 10% increase in robot density (coefficient -0.092, p<0.1); not significant in low-complexity LLMAs",elasticity,2008-2017,18,a 10% increase in ROBDEN corresponds to an average – 0.92% (significant at the 10% level) in EMP when COMPLEXOCC is high
antonietti2023robots,quantitative,"Employment elasticity in low-similarity / high-complexity LLMAs (Table 8, col. 1)",-0.22,"elasticity, p<0.05",2008-2017,20,lnROBDENt-3 -0.220** -0.092 -0.152** -0.071 (0.075) (0.070) (0.072) (0.076)
antonietti2023robots,quantitative,Employment elasticity outside versus inside industrial districts (Table 9),-0.092 (p<0.05) outside districts; -0.042 (not significant with cluster SE) inside districts,elasticity,2008-2017,20,Column 1 shows that the estimated coefficient of robot density remains negative and statistically significant only outside IDs. We find that a 10% increase in robot exposure corresponds to an average 0.92% decrease in employment.
antonietti2023robots,quantitative,Employment elasticity in textile industrial districts,"a 10% increase in robot density corresponds to a 5.5% decrease in employment (coefficient -0.552, significant only with Driscoll-Kraay SE)",elasticity,2008-2017,20,"In Column 3, we find that a 10% increase in robot density corresponds to an average 5.5% decrease in employment."
antonietti2023robots,quantitative,Descriptive levels by district status (Table 5),VA/EMP 97.94 vs 105.71; EMP 304.39 vs 355.22; ROBDEN 49.74 vs 94.81 (ID vs non-ID),"means per LLMA-sector cell, units as reported in Table 5 (t-test on differences)",2008-2017,17,ID 97.94 304.39 49.74 NO ID 105.71* 355.22* 94.81***
antonietti2023robots,quantitative,Interpretation of productivity result,robot adoption after 2008 not accompanied by labour productivity gains; efficiency rather than value creation,qualitative,2008-2017,12,"after 2008, the adoption of industrial robots is not accompanied, on average, by significant labour productivity gains: higher adoption of robot equipment is more likely linked to increases in efficiency, rather than in value creation"
antonietti2023robots,qualitative,Scope limitation: AI and IoT not covered,extension to AI and IoT left to future research,qualitative,2008-2017,22,"such as Artificial Intelligence or Internet of Things, as it is reasonable to argue that the impact of Industry 4.0 technologies on employment and productivity could be different from that of industrial robots."
cirillo2023skills,quantitative,"Share of firms investing in at least one I4.0 technology 2015-2017: firms with >=5 employees (Table 2 total 39.1) vs all 30,000 firms with >=1 employee",39.1 vs 26,"% of firms, weighted",2015-2017,"p.94 (Fig. 1, Table 2, footnote 11)",less than 40% of companies with at least 5 employees stating that they had made at least one investment ... This percentage falls to 26% if we consider all the 30.000 firms (i.e. all firms with at least one employee)
cirillo2023skills,quantitative,Depth: share investing in two / three / four / all five I4.0 technologies,7.4 / 2.7 / 0.5 / 0.3,% of firms,2015-2017,p.95,"only 7.4% of the RIL-INAPP panel invested in two types of technologies, 2.7% invested in three technologies, 0.5% in four technologies, 0.3% in all I4.0 technologies"
cirillo2023skills,quantitative,Adoption of at least one I4.0 technology by size: 5-9 vs more than 250 employees,33 vs 77,% of firms,2015-2017,p.95 (Fig. 2),from 33% in small firms (5-9 employees) to 77% in large enterprises (more than 250 employees)
cirillo2023skills,quantitative,"Adoption by technology and size (robotics, big data analytics): 5-9 vs >250 employees",robotics 2.6 vs 21.8; big data 3.4 vs 27.4; total 5.1 and 5.9,% of firms,2015-2017,"p.92, Table 1",5-9 6.4 2.6 3.4 1.9 29.3 ... > 250 28.1 21.8 27.4 9.4 68.2 ... Total 7.7 5.1 5.9 2.5 33.9
cirillo2023skills,quantitative,"Adoption of at least one I4.0 technology by sector: mechanical industry, chemical, other manufacturing, food, textile",57.2 / 45.2 / 42.4 / 38.7 / 38.1,% of firms,2015-2017,"p.94, Table 2",Mechanical industry 57.2 12.5 14.7 7.0 3.9 46.9 ... Other manufacturing 42.4 ... Food industry 38.7 ... Textile industry 38.1
cirillo2023skills,quantitative,AME of a 10 pp increase in share of tertiary-educated workers on probability of I4.0 investment and on number of technologies,+1.8 and +3.9,% (probability / count),2015-2018,p.98 (Table 3),Ten percentage points increase in the share of tertiary educated workers are associated with a raise of 1.8% in the probability of introducing at least one I4.0 technology and 3.9% increase in the number of technologies
cirillo2023skills,quantitative,"AME of trained workers, fixed-term workers and second-level bargaining",+0.4 (training); -0.6 (fixed-term); +3.6 probability and +11 number (second-level agreement),% per 10 pp / dummy,2015-2018,p.98-99 (Table 3),"a ten percentage points increase in fixed-term employees decreases the probability of I4.0 by 0.6%. Moreover, second-level agreements seem to favour adoption ... (by 3.6%) and the number of technologies (by 11%)"
cirillo2023skills,quantitative,Family firm and number of I4.0 technologies (full sample) vs probability of adoption in manufacturing and services subsamples,"-0.084*** (number); manufacturing +0.045**, services -0.053** (probability)",average marginal effects,2015-2018,p.96 Table 3; p.97 Table 4,a higher share of older workers and family-ownership are strongly and negatively correlated with the adoption of I4.0 technologies and also with 'multi-technology' strategies
stefanini2023maintenance,quantitative,Response: contacted vs respondents (implied response rate 7%),"70 of 1,000",firms,,p.40 (PDF p.4),"Overall, 1,000 Italian companies were found and their name and email contacts were collected in an Excel File ... Overall, 70 Italian companies answered the questionnaire"
stefanini2023maintenance,quantitative,Share of respondents that applied I4.0 smart technologies (some use / wide use / few),54.3 (41.4 + 10 + 2.9),% of 70 respondents,,p.41 (PDF p.5),More than half (54.3%) of the 70 participating users have already applied smart technologies. This percentage is in turn composed of the 41.4% of companies that currently use some I4.0 technologies and for the 10% that widely use them
stefanini2023maintenance,quantitative,Size distribution of the 38 adopters (large / small / medium / micro),36.8 / 34 / 21 / 7.9,% of adopters,,p.41 (PDF p.5),"the majority of the companies that have already introduced some 4.0 technologies defined themselves as large companies (36.8%), followed by small ones (34%); the remaining are medium-sized (21%), and a few of them are micro (7.9%)"
stefanini2023maintenance,quantitative,Share of respondents using intelligent predictive maintenance,34.2,% of respondents,,p.44 (PDF p.8),"Results highlight that 34.2% of companies use some IPdM methodologies, such as monitoring by sensors, machines parameters to diagnose and prevent anomalies and faults, 13.2% do not use it because they use other types of maintenance"
stefanini2023maintenance,quantitative,I4.0 implementation rate by macro-area (North / Centre / South),61.22 / 44 / 33,% of respondents in the area,,p.46 (PDF p.10),"the ratio is high for companies in Northern Italy (61.22% have already implemented some of 4.0 technologies), medium for those of the Center (44%) and low for the companies in the sample belonging to Southern Italy (33%)"
stefanini2023maintenance,qualitative,Main constraints to IPdM among adopters (ranking),"integration with legacy infrastructure first, skills second",qualitative,,p.45 (PDF p.9),"the most impacting is represented by the difficulty in integrating new digital technologies with the existing infrastructure, followed by the absence or scarce presence of competent, experienced and adequately trained human resources"
stefanini2023maintenance,qualitative,Main obstacles among the 32 non-adopters,"knowledge, skilled staff, investment cost, no perceived need",qualitative,,p.46 (PDF p.10),"The main obstacles have been the lack of knowledge of 4.0 technologies, the absence of expert personnel in the field, the large economic investment"
stefanini2023maintenance,qualitative,Role of fiscal incentives in adoption,main tool,qualitative,,p.43 (PDF p.7),the fiscal and financial incentives set up by the government such as super and hyper-amortization and tax credit were the main tool used by companies for the implementation of smart technologies
cugno2022recovery,quantitative,Number of I4.0-adopting SMEs in the sample (implied adoption share 13.4%),"351 of 2,622",firms,2020,"p.6, Table 3 (PDF p.7)",the average number of technologies adopted by each firm (among the 351 adopting firms) is 1.4 on a scale of 1-11
cugno2022recovery,quantitative,Depth: mean number of I4.0 technologies among adopters,1.447 (range 1-3),technologies per adopter,2020,"p.6-7, Table 3 (PDF p.7-8)",The openness to Industry 4.0 is found to be minimal as the average number of technologies adopted by each firm (among the 351 adopting firms) is 1.4 on a scale of 1-11
cugno2022recovery,quantitative,Share of graduate employees and average size of surveyed SMEs,6.2% graduates; 29 employees; age 36 years,mixed,2020,p.6 (PDF p.7),"The share of graduate employees is also considerably low (6.2%), while the average age of firms is 36 years. The average size of the firms surveyed is 29 employees"
cugno2022recovery,quantitative,Perceived production recovery to pre-COVID levels within 2021: adopters vs non-adopters,45 vs 37,% of firms,2020-2021,"p.7, Table 2 (PDF p.8)",the percentage of SMEs perceiving a return to pre-COVID-19 production levels within 2021 is higher among those who have adopted Industry 4.0 technologies (45% against 37%
cugno2022recovery,quantitative,Recovery within three years (2021-2023): adopters vs non-adopters,77 vs 70,% of firms,2020-2023,"p.7, Table 2 (PDF p.8)","Here, 77% corresponds to the sum of SMEs adopting Industry 4.0 technologies, which estimated recovering production levels within 2021, 2022, or 2023"
cugno2022recovery,quantitative,Direct effect of I4.0 openness on perceived recovery within 2021/2022/2023 (KHB probit),0.076 / 0.096 / 0.090 (p<0.10),probit coefficient per additional technology,2020-2023,"p.7, Table 5 (PDF p.8)","I40 -> RECOVERY 21 0,076 ... I40 -> RECOVERY 22 0,096 ... I40 -> RECOVERY 23 0,090"
cugno2022recovery,quantitative,Sampling error of the Unioncamere survey,1.8,% maximum sampling error,2020,p.5 (PDF p.6),The maximum sampling error is small (e = 1.8%; a = 0.95%). The survey was conducted by a professional contractor using the CATI
dimaria2022circular,quantitative,Sample and adopters,"more than 1,200 firms; almost 200 adopters",firms,2017,1,By employing partial least square structural equation models on original survey data based on a sample of more than 1200 Italian manufacturing firms and almost 200 adopters
dimaria2022circular,qualitative,Effect of technology type on circular-economy outcomes,smart manufacturing > data processing,qualitative,2017,1,Smart manufacturing technologies have a stronger impact on CE outcomes than data processing technologies; the mediating effect of SCI is verified for the former but not for the latter type
dimaria2022circular,quantitative,Fieldwork period,May to December 2017,n/a,2017,5,The survey was conducted on Italian manufacturing firms between May and December 2017.
dimaria2022circular,quantitative,Population and geography,"7,694 Made in Italy manufacturers in six Northern regions, turnover above 1 million euro",firms,2017,5,"we initially clustered manufacturing firms with an annual turnover above 1 million Euros located in North Italy (Veneto, Friuli-Venezia-Giulia, Trentino-Alto-Adige, Lombardia, Piemonte, Emilia Romagna) ... a total population of 7,694 manufacturing firms was identified, drawing from the AIDA national database"
dimaria2022circular,quantitative,"Share of Italian manufacturing firms in the six Northern regions (ISTAT, as cited)",more than 52,per cent,2020,5,"a highly industrialized area that has a major impact on Italian gross domestic product (GDP), with a population accounting for more than 52% of the total Italian manufacturing firms (ISTAT, 2020)"
dimaria2022circular,quantitative,Response rate,"1,229 firms; 16 per cent",firms,2017,5,"A total of 1,229 firms agreed to participate and completed the questionnaire, corresponding to a 16% response rate"
dimaria2022circular,quantitative,Adopters of at least one I4.0 technology (analysed sample),"189 of 1,229 (about 15.4 per cent)",firms,2017,5,"the selection of those firms that confirmed the adoption of at least one of the following I4.0 techs: (1) Robotics, (2) Additive manufacturing (AM), (3) Big data/Cloud, (4) 3D Scanner, (5) Augmented reality (AR), and (6) Internet of Things (IoT)"
dimaria2022circular,quantitative,Usable adopter questionnaires,189,firms,2017,5,"From the initial sample, we ended up with 189 usable questionnaires."
dimaria2022circular,quantitative,Operationalisation of technology constructs (no AI item),"data processing: big data; cloud and IoT; RFID and sensors; smart manufacturing: robotics, AM, 3D scanner, AR; each a 1-7 index over value-chain activities",index,2017,6,"we distinguish between data processing technologies, comprising (i) big data, (ii) cloud computing and IoT, and (iii) RFID and sensors in the product, and smart manufacturing technologies, including (iv) robotics in production, (v) additive manufacture, (vi) 3D scanner"
dimaria2022circular,quantitative,Mean construct scores among adopters (Table 1),data processing 1.02 (SD 1.81); smart manufacturing 1.69 (SD 2.18); SCI 2.21; CE 2.07,mean,2017,7,1. Data processing technologies 1.02 1.81 ... 2. Smart manufacturing technologies 1.69 2.18 ... 3. SCI 2.21 0.95 ... 4. Circular economy 2.07 0.88
dimaria2022circular,quantitative,PLS-SEM direct effects on circular economy (Table 3),data processing 0.162 (p=0.046); smart manufacturing 0.254 (p=0.005); SCI 0.454 (p<0.001),standardised path coefficients,2017,8,Data processing technologies -> CE 0.162** .046 ... Smart manufacturing technologies -> CE 0.254** .005 ... SCI -> CE 0.454*** .000
dimaria2022circular,quantitative,PLS-SEM effects on supply chain integration (Table 3),"data processing 0.108 (p=0.152, n.s.); smart manufacturing 0.329 (p=0.001)",standardised path coefficients,2017,8,Data processing technologies -> SCI 0.108 .152 ... Smart manufacturing technologies -> SCI 0.329*** .001
dimaria2022circular,quantitative,Mediation by SCI,smart manufacturing indirect 0.191 (95% CI 0.081-0.301); data processing indirect 0.063 (CI includes zero),indirect effect,2017,8,"the indirect effect through smart manufacturing technologies is 0.191, with the 95% confidence interval ranging from 0.081 and 0.301 ... the indirect effect through data processing technologies is 0.063, with the 95% confidence interval ranging from 0.037 and 0.163"
dimaria2022circular,quantitative,Firm size and circular economy,"0.091 (p=0.133, n.s.)",standardised path coefficient,2017,8,Size -> CE 0.091 .133
dimaria2022circular,qualitative,Non-response bias test,no significant difference between early (May-July) and late (October-December) respondents,qualitative,2017,6,Non-response bias was tested by comparing early respondents (from May to July) and late respondents (October-December) using a two-tails t statistics test on the variables of interest
dimaria2022circular,qualitative,"Limitation: subjective CE measure, cross-section",,qualitative,2017,10,"A further limitation of the current paper is that we adopted a subjective measure of CE performance, and one that might not fully capture CE activities."
chiarini2022quality,quantitative,Phase 2 response and retained sample,"282 returned of 3,865; 216 retained",questionnaires,,AAM p.18 (PDF p.19),"We gathered 282 questionnaires, of these, 47 were excluded because the respondents declared that their knowledge of I4.0 was either poor or very poor, leaving 235 completed questionnaires"
chiarini2022quality,quantitative,"Sampling frame justification quoting MISE 2018 survey of 23,000 I4.0 adopters: size distribution of manufacturing adopters",47.1 (>250) / 35.5 (50-249) / 17.4 (<50),% of adopting manufacturing companies,2018,AAM p.17-18 (PDF p.18-19),"The survey results showed that 47.1% of manufacturing companies had more than 250 employees, 35.5% had between 50 and 249 employees and 17.4% of companies had fewer than 50 employees"
chiarini2022quality,quantitative,"Agreement that AI/predictive software is part of Quality 4.0 (PREDIC, 1-5 scale)",4.31 (SD 0.84),"mean Likert score, n=216",,"AAM p.20, Table VI (PDF p.21)",PREDIC 216 4.3148 0.83887 0.08072
chiarini2022quality,quantitative,Agreement that quality staff need new digital skills (SKILLS),3.43 (SD 1.32),"mean Likert score, n=216",,AAM p.20 (PDF p.21),"The SKILLS variable had a mean of 3.4259, indicating that respondents were undecided about whether quality staff needed new digital skills for quality management"
chiarini2022quality,quantitative,Sector composition of the 216 respondents (largest groups),automotive components 54; metal products 42; electronic equipment 36,firms,,"AAM p.19, Table V (PDF p.20)",Basic metal and fabricated metal products 42 ... Electronic equipment 36 ... Automotive and motorcycle components 54 Total 216
cimini2021orgchange,quantitative,"Cases, roles and timing",10 SMEs; HR managers/CEOs; 1.5 years after Piano Industria 4.0 launch,,2018,AAM p.8-9,"The interviews were carried out from March to June 2018, about one and a half years after the launch of Italy's national industry plan, 'Piano Nazionale Industria 4.0'"
cimini2021orgchange,qualitative,Technology adoption order in the ten SMEs,"advanced manufacturing first, IoT/big data second, simulation third; robotics, AR, cyber security rare",qualitative (Table 3),2018,AAM p.15,"advanced manufacturing solutions, such as smart machines and smart robotics, are the first technologies in which most companies invest ... The second most adopted technologies are IoT and Big Data solutions"
cimini2021orgchange,qualitative,Constraint on broadening the I4.0 portfolio,,qualitative,2018,AAM p.15-16,"companies still have limited time, money and organisational resources to enrich their investment portfolios in I4.0 technologies"
cimini2021orgchange,quantitative,Organisational change lags technology; lean culture as prerequisite,3 of 10 cases changed structure before technology (lean-driven),qualitative,2018,AAM p.22,"the only cases in which the organisational structure change anticipated the new technology adoption were cases in which the change was stimulated by the introduction of lean culture (C, E and I)"
cimini2021orgchange,qualitative,Competence effect: all cases need technical competences first; non-technical competences grow with adoption level,,qualitative,2018,AAM p.22,"All the interviewed companies, regardless of their levels of technology adoption, manifested a need for technical competences as an immediate impact of new technology implementation"
pagano2021districts,quantitative,Interviews and mapped dissemination initiatives,18 interviews; 83 initiatives,,2014-2019,p.33-34 (PDF p.7-8),We completed 18 in-depth interviews during a four-month period from September 2019 to January 2020 ... we have been able to collect and map a total of 83 dissemination initiatives
pagano2021districts,quantitative,Dissemination initiatives by year (2014 to 2019) and type,2 / 3 / 9 / 22 / 28 / 19; workshops 44 of 83,initiatives,2014-2019,"p.35, Table 2 (PDF p.9)",2017 13 1 0 7 0 1 ... 2018 13 5 4 4 1 1 ... 2019 15 0 0 3 1 0 ... 44 7 7 20 3 2
pagano2021districts,qualitative,"Who led digitalisation in the district: leading firms first, SMEs later",,qualitative,2014-2019,p.36 (PDF p.10),"the digital change has been pulled primarily by the local leading firms, which invested on digital infrastructures in those years, whereas SMEs have started gradually to follow the same path only in the recent years"
pagano2021districts,qualitative,Weakening of district cooperation,,qualitative,2019,p.36 (PDF p.10),the degree of cooperation and sense of belonging have decreased in the recent period ... local large and small firms have gradually reduced their involvement and commitment in local business associations
pagano2021districts,qualitative,Absence of a district-targeted I4.0 policy and fragmented diffusion,,qualitative,2015-2019,p.45 (PDF p.19),the analysis of Pesaro ID shows the lack of a specific policy/program targeting the ID as such ... the I4.0 diffusion shows a fragmentation of initiatives of both firms and institutions
chiarini2020strategies,quantitative,Sample,200 usable questionnaires,plants,2019,2,A survey was conducted among Italian manufacturing plants with the collection of 200 usable questionnaires
chiarini2020strategies,qualitative,Strategies enabled by I4.0 technologies vs environmental sustainability,,qualitative,2019,2,"while these technologies do not contribute to any significant improvement in environmental sustainability, other strategies such as Servitization, Design-to-cost, Supply chain integration ... as well as Lean strategy are enabled"
chiarini2020strategies,quantitative,Sampling frame and respondent,"around 7,000 companies; operations managers; 12-month email and telephone recruitment",companies,2019,6,The survey started with a large database provided by the Italian Chamber of Commerce consisting of around 7000 industrial companies with at least one manufacturing plant. The survey was targeted at operations managers
chiarini2020strategies,quantitative,Implied response rate,"about 2.9 (200 of around 7,000)",per cent,2019,6,"At the end of the collection phase, 200 usable questionnaires were obtained. Participating companies, divided by sector, are presented in Table 1."
chiarini2020strategies,quantitative,Sample by sector (Table 1),74 engineering/mechanical; 63 continuous process; 29 electronics; 34 others,companies,2019,6,Engineering/mechanical industry 74 Continuous process industry 63 Electronic industry 29 Others 34 Total 200
chiarini2020strategies,quantitative,"Context figure cited from MISE: I4.0 implementation among Italian companies, end 2017",8.4 implemented; 4.7 planned within three years,per cent of Italian companies,2017,2,"According to the Italian Ministry of Economic Development (MISE 2018), at the end of 2017, 8.4% of Italian companies implemented Industry 4.0 technologies and another 4.7% had planned such technological developments in the next three years."
chiarini2020strategies,quantitative,Average distribution across the seven I4.0 technologies (Table 7),37.4 will not implement; 25.6 considering; 18.9 project under way; 18.1 completed,per cent of respondents,2019,7,"On average only a minority of the sampled companies will not implement the Industry 4.0 technologies addressed in our questionnaire (37.4%), while 25.6% are considering their adoption, 18.9% are carrying out projects and 18.1% companies have already completed implementation projects."
chiarini2020strategies,quantitative,Big data analytics adoption status (Table 7),34.0 will not implement; 29.5 considering; 20.5 project under way; 16.0 completed,per cent of respondents,2019,8,BIG_DATA 34.0% 29.5% 20.5% 16.0%
chiarini2020strategies,quantitative,Cloud computing adoption status (Table 7),18.0 will not implement; 24.0 considering; 18.0 project under way; 40.0 completed,per cent of respondents,2019,8,CLOUD 18.0% 24.0% 18.0% 40.0%
chiarini2020strategies,quantitative,IoT adoption status (Table 7),27.5 will not implement; 31.0 considering; 26.5 project under way; 15.0 completed,per cent of respondents,2019,8,IoT 27.5% 31.0% 26.5% 15.0%
chiarini2020strategies,quantitative,Robotics adoption status (Table 7),37.5 will not implement; 25.0 considering; 17.0 project under way; 20.5 completed,per cent of respondents,2019,8,ROBOTICS 37.5% 25.0% 17.0% 20.5%
chiarini2020strategies,quantitative,Digital supply chain adoption status (Table 7),21.5 will not implement; 35.5 considering; 28.0 project under way; 15.0 completed,per cent of respondents,2019,8,DIGITAL_SC 21.5% 35.5% 28.0% 15.0%
chiarini2020strategies,quantitative,3D printing and AGV adoption status (Table 7),"3D printing: 60.5 will not implement, 11.5 completed; AGV: 62.5 will not implement, 9.0 completed",per cent of respondents,2019,8,ADDITIVE_3D 60.5% 15.5% 12.5% 11.5% VEHICLES 62.5% 19.0% 9.5% 9.0%
chiarini2020strategies,quantitative,Highest and lowest completed implementation,cloud 40; AGV 9,per cent of respondents,2019,10,"Table 7 shows that CLOUD has the highest percentage of implementation (40%), while VEHICLES the lowest (9%)."
chiarini2020strategies,quantitative,"Mean implementation score by technology, 1-4 scale (Table 4)",cloud 2.80; digital SC 2.37; IoT 2.29; robotics 2.21; big data 2.19; 3D 1.75; AGV 1.65,"mean score (1 = will not implement, 4 = completed)",2019,7,"The closest values to 2 refer to BIG_DATA and ROBOTICS (respectively 2.19 and 2.21), while the highest mean value refers to CLOUD (2.80)."
chiarini2020strategies,quantitative,"Strategic objectives pursued through I4.0, 1-5 Likert means (Table 2)",ICT integration 4.02; lean 3.82; servitization 3.79; SC integration 3.64; design-to-cost 3.38; green 2.63 (only green not significantly above 2.5),mean score,2019,7,"ICT_INTEGR has the highest mean i.e. 4.02, followed by LEAN, SERVITIZ, SC_INTEGR and DESIGN. GREEN is the only one with a p-value higher than 0.05."
chiarini2020strategies,qualitative,"Big data analytics and strategic objectives (ANOVA, adopters vs others)",no significant difference for any objective,qualitative,2019,7,Only BIG_DATA does not have any significant impact on strategic objectives. All the other significant comparisons demonstrate that companies that have already adopted Industry 4.0 technologies seem to appreciate them more
chiarini2020strategies,qualitative,Barriers: big data analytics implementation,,qualitative,2019,10,"Many respondents highlight the problem of implementing software capable of analysing huge quantities of data coming from products and the shop floor. However, according to some respondents, the major issue is related more to the choice of what to measure"
chiarini2020strategies,qualitative,"Barriers: legacy machines, protocols, skills, cost of integration",,qualitative,2019,9,"different communication protocols, aged machines with no on board-electronic devices and different databases managed by different software programmes. According to some respondents, this is also the most expensive strategy to pursue"
chiarini2020strategies,qualitative,"Barriers: workers' resistance to robotics, cobots and AR",,qualitative,2019,10,"other respondents seem very cautious about the implementation of these advanced technologies, mainly because of workers' resistance. For instance, several remarks highlight that AR is suspected to reduce workers' decision-making and problem solving abilities."
chiarini2020strategies,qualitative,Barriers: bargaining power asymmetry in supply chain integration,,qualitative,2019,8,"Unfortunately, it seems that size unbalance and different bargaining power in the B2B customer-supplier relationship can limit this opportunity."
cassetta2020export,qualitative,Complementarity condition for export effects of e-business technologies,,qualitative,2015,2,e-business technologies have a positive impact on internationalisation only when they are embedded within process and organisational innovations and investments in digital skills have been made
cassetta2020export,qualitative,Data source (Unioncamere-Si.Camera survey),,,2015,10,The data used for our empirical research were obtained from the Si.Camera-Unioncamere (Italian Union of Chambers of Commerce) at the end of 2015.
cassetta2020export,quantitative,Sample size and representativeness,"2516 SMEs representative of 3,700,000 enterprises",firms,2015,10,"This dataset is a cross-sectional sample and covers 2,516 active Italian SMEs which are statistically representative of a total of 3,700,000 enterprises"
cassetta2020export,qualitative,Definition of e-business DTs used,,,2015,4,"By e-business DTs, we mean the use of cloud computing and/or software applications enabling firms to share information with their suppliers, customers, and business partners along the supply chain."
cassetta2020export,quantitative,"Website use, all SMEs vs exporters vs non-exporters (Table 2)",45.7 / 87.1 / 40.1,% of firms,2015,12,a website dominates among exporting firms (87.1%) and its proportion is twice that for all firms (45.7%) and non-exporting (40.1%) firms
cassetta2020export,quantitative,"Online selling (e-commerce) use, all SMEs vs exporters (Table 2)",3.2 / 9.9,% of firms,2015,12,"Only 9.9% of exporting firms use e-commerce (online selling) in their business, which is a very small percentage, but more than three times above that of all firms and non-exporting firms."
cassetta2020export,quantitative,"Cloud computing use, all SMEs vs exporters vs non-exporters (Table 2 row)",2.0 / 6.6 / 1.4,% of firms,2015,13,Cloud computing ... Yes 2.0 (0.28) 1.5 2.7 6.6 (1.43) 4.3 10.0 1.4 (0.25) 1.0 2.0
cassetta2020export,quantitative,"Electronic information sharing with suppliers, all SMEs vs exporters vs non-exporters (Table 2 row)",51.4 / 67.7 / 49.2,% of firms,2015,13,Electronic sharing ... Yes 51.4 (1.00) 49.4 53.3 67.7 (2.69) 62.2 72.7 49.2 (1.06) 47.1 51.2
cassetta2020export,quantitative,"Digital training offered to employees, all SMEs vs exporters (Table 2 row)",2.0 / 6.9,% of firms,2015,13,Digital Training ... Yes 2.0 (0.28) 1.5 2.7 6.9 (1.46) 4.6 10.4
cassetta2020export,quantitative,"Firms employing ICT/technical competencies, all SMEs vs exporters vs non-exporters (Table 2 row)",12.0 / 26.7 / 9.9,% of firms,2015,13,ICT skills ... Yes 12.0 (0.65) 10.8 13.3 26.7 (2.55) 22.0 32.0 9.9 (0.64) 8.8 11.3
cassetta2020export,quantitative,"Social network use, all SMEs vs exporters (Table 2 row)",20.2 / 32.3,% of firms,2015,13,Social Network ... Yes 20.2 (0.80) 18.7 21.8 32.3 (2.69) 27.3 37.8
cassetta2020export,quantitative,"Product innovation 2012-2014, all SMEs vs exporters (Table 2 row)",13.6 / 39.3,% of firms,2012-2014,13,Product Innovation ... Yes 13.6 (0.68) 12.3 15.0 39.3 (2.81) 33.9 44.9
cassetta2020export,quantitative,"Marginal effect of website on export probability (probit, Models 1 to 5)",5.4 to 4.7,"percentage points, p<0.01",2015,15,"if the firm uses a website, the marginal effect slightly decreases from 5.4% to 4.7% when we include all the e-business DTs and innovation variables together"
cassetta2020export,quantitative,Marginal effect of online selling on export probability (Table 4 row),3.2 to 3.3,"percentage points, p<0.01",2015,16,Online selling 0.508*** (0.171) 0.033*** (0.011) 0.513*** (0.172) 0.033*** (0.011) 0.508*** (0.176) 0.032*** (0.012)
cassetta2020export,quantitative,Marginal effect of electronic sharing with suppliers (e-business DT) alone,1.4 (significant only in Model 3),"percentage points, p<0.05",2015,18,"sharing electronic information with suppliers (electronic sharing) is significant at 5% only in the model that did not include other digitalisation variables (Model 3), with a low marginal effect (1.4%)"
cassetta2020export,qualitative,Cloud computing effect on export propensity,not significant,,2015,18,"In addition, the use of cloud computing was found not to be statistically significant in all models."
cassetta2020export,quantitative,"Interaction electronic sharing x process and organisational innovation (Table 5, Model 1)",1.7,"percentage points, p<0.01",2015,18,"when the interaction between electronic sharing and process and organisational innovations is included, the probability of a firm exporting increases by 1.7% at p < 0.01 (Model 1)"
cassetta2020export,quantitative,"Interaction ICT skills x process and organisational innovation (Table 5 row, Model 3)",2.5,"percentage points, p<0.01",2015,19,Process and organizational innovation X ICT skills 0.387*** (0.149) 0.025*** (0.010)
cassetta2020export,quantitative,"Marginal effect of ICT skills alone (Models 2 and 3), not significant once innovation included",3.2 and 3.0,"percentage points, p<0.01",2015,16,ICTskills 0.275** (0.108) 0.018** (0.007) 0.378*** (0.108) 0.032*** (0.009) 0.371*** (0.106) 0.030*** (0.009) 0.231** (0.112) 0.015** (0.007) 0.142 (0.116) 0.009 (0.007)
cassetta2020export,quantitative,"Marginal effect of product innovation and of process/organisational innovation (Table 4, Model 5)",3.1 and 1.2,percentage points,2015,16,Product Innovation 0.488*** (0.106) 0.031*** (0.008) Process and organizational innovation 0.194** (0.100) 0.012** (0.007)
cassetta2020export,quantitative,Size gradient: medium-sized firms vs micro,8.7 to 16.8,percentage points higher export probability,2015,18,"if the firm belongs to a medium-sized business, the probability of being involved in foreign markets increased from 8.7% to 16.8%, depending on the probit model (Table 4)"
cassetta2020export,quantitative,Manufacturing sector marginal effect on export probability vs hotels and restaurants (Table 4 row),17.3 to 21.4,"percentage points, p<0.01",2015,17,Manufacturing 2.672*** (0.386) 0.182*** (0.018) 2.538*** (0.382) 0.214*** (0.019) 2.535*** (0.385) 0.210*** (0.018) 2.688*** (0.391) 0.181*** (0.018) 2.669*** (0.404) 0.173*** (0.019)
cassetta2020export,quantitative,"Model fit (pseudo R2, Models 1 to 5, n = 2,516)",0.342 to 0.411,McFadden pseudo R2,2015,17,Pseudo R2 0.391 0.342 0.344 0.392 0.411
cassetta2020export,qualitative,Cited barrier: perceived inappropriateness of DTs to the business model (EC 2016 SME survey),,,2016,22,"As emerged in a recent survey on SMEs (European Commission 2016), the main reason for not adopting basic DTs is related to the perceived inappropriateness with firms' business models."
cassetta2020export,qualitative,"Limitation: cross-sectional correlations, not causality",,,2015,23,The cross-sectional nature of the study and the choice of proxies may only provide information on correlations rather than unequivocal cause-effect mechanisms.
scarpino2026iiot,quantitative,Sample and period,"162 (110 large, 52 medium)",manufacturing companies,2024,PDF p.3 (printed p.687),"surveyed in a period of about three months, from July to September 2024. The final reference sample comprises 162 manufacturing companies, including 110 Large Enterprises (LEs) and 52 Medium-Sized Enterprises (MEs)"
scarpino2026iiot,qualitative,IIoT adoption and barriers,"most firms, especially large, have at least one IIoT project",qualitative,2024,PDF p.7 (printed p.691),"Most firms, especially LEs, have launched at least one IIoT project, mainly driven by efficiency goals. However, both LEs and MEs struggle to fully leverage collected data and face significant barriers such as limited knowledge, system integration issues"
scarpino2026iiot,quantitative,Declared interest in the Transition 5.0 Plan,34 large; 39 medium,% of respondents (authors judge the figures unreliable),2024,PDF p.4 (printed p.688),"Initial survey data suggested high interest in the plan (34% for large enterprises, 39% for medium ones), but due to sample limitations, these figures were deemed unreliable"
scarpino2026iiot,quantitative,Transition 5.0 tax credits allocated by May 2025,864 million euro (13.8% of 6.3 billion),euro,2025,PDF p.2 (printed p.686),"by May 2025, only €864 million (13.8% of the total budget) had been allocated as tax credits"
scarpino2026iiot,qualitative,Barriers to Transition 5.0 participation (19 interviews),"complex procedures, regulatory delays, deadlines, measuring energy savings; SMEs lack resources, expertise, awareness",qualitative,2024,PDF p.7 (printed p.691),"The feedback highlighted several barriers, including complex procedures, regulatory delays, tight deadlines, and difficulties in measuring energy savings ... SMEs are particularly affected by limited resources, lack of expertise, and low awareness"
nevi2026cosmetics,quantitative,Sample,11,cosmetics companies (CEO and senior manager interviews),2024,1,"Based on a qualitative analysis of interviews with chief executive officers and senior managers from 11 companies, the article highlights how dynamic capabilities (DCs) powered by AI capacities enable organizations to sustainably enhance value creation"
nevi2026cosmetics,qualitative,AI use cases identified,"product personalisation, process automation, predictive analytics",qualitative,2024,1,"The findings identify best practices that leverage AI for sustainability, including product personalization, process automation, and predictive analytics."
nevi2026cosmetics,qualitative,Sampling criteria (AI adopters only),sustainability commitment and AI application in business models,purposive criteria,2024,5,"To select different key informants, we used the Cosmetica Italia database, which provides a comprehensive list of active companies in the sector. Two theoretical sampling criteria were identified [45]: sustainability commitment and AI application in business models."
nevi2026cosmetics,qualitative,Firm size range,large international firms to innovative startups,qualitative,2024,5,"to enhance the generalizability of the findings, the sample included respondents from companies of varying sizes and types, ranging from large international firms to innovative startups"
nevi2026cosmetics,quantitative,Fieldwork period (identification),December 2023 to February 2024,interviews,2024,5,"Between December 2023 and February 2024, 11 key informants were interviewed. The cases are briefly presented in Table I."
nevi2026cosmetics,quantitative,Fieldwork period (interviews) and duration,February to April 2024; about 45 minutes each,online interviews,2024,5,"The interviews were conducted online from February to April 2024. Two researchers participated to prevent potential cognitive, experiential, and reflexivity biases [50]. Each interview lasted approximately 45 min."
nevi2026cosmetics,quantitative,Italian cosmetics sector size (Cosmetica Italia 2024 report),production +12.4% to EUR 13.3 billion in 2022; exports over EUR 5.8 billion (44% of production),EUR billion,2022,4,"the cosmetics sector continues to grow, with production increasing by 12.4%, reaching €13.3 billion in 2022, and exports exceeding €5.8 billion (44% of production)."
nevi2026cosmetics,quantitative,Italian share of makeup production,67% of European and 55% of global makeup production,%,n/a,4,"the Italian cosmetics market, which is the fourth largest in Europe and a global leader in makeup manufacturing, with Italian companies accounting for 67% of European makeup production and 55% of global output"
nevi2026cosmetics,qualitative,AI technologies most adopted by the interviewed firms,"machine learning and predictive analytics, including trained neural networks",qualitative,2024,9,"the AI solutions most frequently adopted by the investigated firms to enable sustainable BMIs are machine learning and predictive analytics, including through the training of specific neural networks."
nevi2026cosmetics,qualitative,AI business functions,"CRM (NLP, semantic analysis, tagging); content generation for local markets; targeted discounts and loyalty; packaging formulation; resource optimisation",qualitative,2024,9,"cosmetic firms use natural language processing, semantic analysis, and automatic tagging for customer relationship management; natural language generation for creating and optimizing content for local markets; and predictive algorithms for sending targeted discounts, optimizing loyalty campaigns, formulating and choosing packaging"
nevi2026cosmetics,qualitative,Production use case: camera-based quality control of lipsticks,continuous AI quality control reducing waste and human error,qualitative,2024,7,"Under the AI system, quality control and quality assurance become an almost continuous process, reducing waste by only controlling certain batches."
nevi2026cosmetics,qualitative,Self-reported effect: waste reduction via adjustable tolerances,fewer false rejections,qualitative (interviewee I5),2024,8,"AI allows for waste reduction by discarding only what is truly unusable, based on adjustable tolerances for different types of production, orders, and customers. This helps avoid “false rejections” by preventing unnecessary material wastage (I5)."
nevi2026cosmetics,qualitative,Self-reported effect: reduced product returns via personalisation,reduction in returns (no figure),qualitative (interviewee I7),2024,8,"In general, we have noticed that since we have been using this system, we have reduced the return of products (I7)."
nevi2026cosmetics,qualitative,Barrier: SME skills and data gap vs large firms,lack of employee expertise; inferior data access and AI capabilities,qualitative,2024,7,"Economically, smaller companies face a lack of employee expertise and struggle against larger firms with superior resources, data access, and AI capabilities, creating a growing competitive gap."
nevi2026cosmetics,qualitative,Barrier: employment concerns,job displacement and lower work quality feared,qualitative (interviewee I4),2024,8,"“While AI creates efficiency and reduces workload, it could lead to job reductions and a potential decline in the quality of work” (I4)."
nevi2026cosmetics,qualitative,Barrier: AI washing,claims of AI use without real capability,qualitative,2024,7,"some participants revealed concerns about the rising trend of “AI washing,” whereby companies claim to use AI to appear innovative or environmentally responsible without fully understanding or leveraging the technology’s capabilities."
nevi2026cosmetics,qualitative,Barrier: energy footprint of AI,"training/operating costs, data-centre carbon footprint, hardware disposal",qualitative,2024,6,"Environmentally, the high energy consumption for training and operating AI models, the carbon footprint of data centers, and the disposal of technological hardware are key issues."
nevi2026cosmetics,qualitative,"Limitation: single sector, single country, self-selected adopters",qualitative,qualitative,2024,11,"the present investigation focuses on a single sector, the cosmetics industry, and a single country, Italy."
nevi2026cosmetics,qualitative,Limitation: future work should include non-adopters,qualitative,qualitative,2024,12,"minimize self-selection bias, and expand the sample size to include companies with diverse attitudes toward AI and sustainability, including less sustainability-conscious or AI-adopting firms."
bravi2026hybrid,quantitative,Sample,78 respondents (46 adopters used in regression and clustering),Italian automotive SMEs,2023,2,"A survey of 78 Italian SMEs was conducted, with regression analysis evaluating hybrid adoption's impact on the three pillars and cluster analysis categorising firms by adoption patterns"
bravi2026hybrid,qualitative,Effects of hybrid adoption (abstract),positive on human-centricity and sustainability; weaker on resilience; micro and small benefit most,qualitative,2023,2,"hybrid adoption enhances human-centricity in creativity and worker well-being and significantly improves sustainability in renewable energy use and waste reduction. However, its impact on resilience was less pronounced. Micro and small enterprises benefited the most"
bravi2026hybrid,quantitative,Adoption clusters,"3 (Pioneers, Balancers, Strivers)",clusters,2023,2,"Cluster analysis identified three groups, Pioneers, Balancers, and Strivers, each with distinct adoption patterns and challenges"
bravi2026hybrid,quantitative,Sampling frame,1192,automotive SMEs with valid email in ATOKA,2023,7,"A total of 1,192 companies meeting these criteria and possessing a valid email address were identified using the ATOKA platform."
bravi2026hybrid,quantitative,"Contacted firms, respondents and adopters",859 contacted; 78 responded; 46 adopters,firms,2023,7,"the total sample was reduced to 859 companies. Among them, 78 responded, and 46 declared to have adopted Industry 4.0 or Industry 5.0 practices, which formed the final sample."
bravi2026hybrid,quantitative,Fieldwork period,May-June 2023,email survey,2023,7,The questionnaire was structured and disseminated by email in May – June 2023. A reminder was sent two weeks after the initial distribution
bravi2026hybrid,quantitative,Sector definition,ATECO 2007 code 29,NACE Rev. 2,2023,7,"classifies the automotive sector under code 29 (Manufacture of motor vehicles, trailers, and semi-trailers) and includes subcodes such as manufacture of motor vehicles (29.10.00)"
bravi2026hybrid,quantitative,Respondent size composition,44.9% micro; 33.3% small; 21.8% medium,% of 78 respondents,2023,11,44.9% employing fewer than 10 people and 33.3% employing between 10 and 49 people and 17 of them are Medium-sized ones (21.8%)
bravi2026hybrid,quantitative,Industry 4.0 investment experience,41.0% none; 24.4% over 3 years; 17.9% 1-2 years; 16.7% under 1 year,% of 78 respondents,2023,11,"41% of the companies have not yet made any significant investments in this area; however, 24.4% have been engaged in Industry 4.0 for over three years; meanwhile, 17.9% have invested in Industry 4.0 for one to two years"
bravi2026hybrid,quantitative,Adoption measure (AI bundled),AdoptionScore 0-2 from two binary indicators,definition,2023,9,"'AdoptionScore', was constructed as a continuous variable by summing two binary indicators: 'High 4.0 adoption' and 'High 5.0 adoption'. This score ranged from 0 to 2"
bravi2026hybrid,quantitative,"AI item adoption by cluster (Digitization incl. AI, mean 1-5)",Pioneers 3.63; Strivers 2.75; Balancers 3.39,"mean Likert 1-5 (SD 0.89, 1.50, 1.15)",2023,16,"Digitization (Simulation, Digital Twins, Artificial Intelligence, Augmented Reality, Virtual Reality or mixed technology) 3.63 0.89 2.75 1.50 3.39 1.15"
bravi2026hybrid,quantitative,Cluster sizes,Pioneers 24 (52.2%); Strivers 4 (8.7%); Balancers 18 (39.1%),firms (n=46),2023,16,CLUSTER 0 'Pioneers' (n. 24; 52.2%) CLUSTER 1 'Strivers' (n. 4; 8.7%) CLUSTER 2 'Balancers' (n. 18; 39.1%)
bravi2026hybrid,quantitative,Pioneers: long-standing I4.0 investment,41.67%,% of Pioneers investing in I4.0 for more than 3 years,2023,13,"Approximately 41.67% of these companies exhibit high investment levels from more than 3 years, indicating their commitment to integrating advanced manufacturing and digital technologies in their business."
bravi2026hybrid,quantitative,"Effect on sustainability items (OLS, AdoptionScore coefficient)",S2 renewable energy 0.726 (p=0.010); S3 energy-efficient data 0.717 (p=0.001); S4 smart sensors 0.622 (p=0.005); S1 waste 0.499 (p=0.030); S7 circular economy 0.488 (p=0.039),OLS beta on 1-5 Likert,2023,12,S1 0.456 0.499 0.030∗∗ S2 0.376 0.726 0.010∗∗∗ S3 0.509 0.717 0.001∗∗∗ S4 0.595 0.622 0.005∗∗∗ S5 0.645 0.362 0.202 S6 0.612 0.116 0.670 S7 0.532 0.488 0.039∗∗
bravi2026hybrid,quantitative,Human-centricity summary,5 of 10 items positively influenced,items,2023,11,The results show how 5 out of 10 elements of Human-centricity are positively influenced by a hybrid model of combined adoption.
bravi2026hybrid,quantitative,Effect on human-centricity items (U2-U5 rows),U3 creativity 0.526 (p=0.043); U5 0.578 (p=0.020); U2 0.433 (p=0.072); U4 0.310 (p=0.096),OLS beta on 1-5 Likert,2023,12,U2 0.603 0.433 0.072∗ U3 0.553 0.526 0.043∗∗ U4 0.435 0.310 0.096∗ U5 0.453 0.578 0.020∗∗
bravi2026hybrid,quantitative,Effect on human-centricity: human-robot collaboration creates new roles (U10),0.449 (p=0.046),OLS beta on 1-5 Likert,2023,12,U10 0.417 0.449 0.046∗∗
bravi2026hybrid,quantitative,Effect on resilience items,only R1 marginally significant; the other nine items not significant,qualitative,2023,11,"Considering the Resilience aspect, the R1 item related to geopolitical changes is marginally significant (p < 0.10)"
bravi2026hybrid,quantitative,"Effect on resilience: geopolitical adaptability (R1), only marginal item",0.412 (p=0.094),OLS beta on 1-5 Likert,2023,12,R1 0.670 0.412 0.094∗
bravi2026hybrid,quantitative,Size moderation,micro and small firms gain most; medium interaction significant only for S2 and negative,qualitative,2023,12,"it is mainly micro and small-sized companies that have the greatest positive effects of the integrated adoption of the technologies of the two paradigms, rather than those of larger dimensions"
bravi2026hybrid,quantitative,Size moderation: renewable energy (S2) row,micro adoption coefficient 2.166 (p=0.030); medium interaction -1.390 (p=0.055),OLS beta on 1-5 Likert,2023,14,"S2 0.655 2, 166 0, 030∗∗ −0, 758 0, 252 −1, 390 0, 055∗"
bravi2026hybrid,qualitative,"Barriers and enabler (case study, micro firm)","barriers: access to public funding, lack of specialised technical staff; enabler: culture of collaboration and trust",qualitative,2023,18,"One barrier was the limited access to public funding, often more accessible to larger firms. Another difficulty was the lack of specialised technical staff, which forced the company to train existing workers internally."
bravi2026hybrid,quantitative,Self-selection bias acknowledged,Strivers n=4; less advanced firms under-represented,qualitative,2023,22,"This could be attributed also to self-selection bias, as firms that are less advanced in adopting these paradigms might have been less inclined to participate in the study."
bravi2026hybrid,quantitative,Policy context,National Industry 4.0 Plan incentives cited as driver,qualitative,2023,22,"a national context that has seen a rapid growth in the implementation of these technologies, thanks to government incentives such as the National Industry 4.0 Plan."
modica2026logistics,quantitative,Sample,"65 (34 large, 31 SMEs; 39 manufacturers)",firms interviewed; 14% response rate on 475 contacted,2022,accepted manuscript PDF p.10 and p.32 (Table I),"A total of 475 firms were contacted via e-mail, and personal phone calls were made to improve the response rate, which reached 14%, resulting in 65 firms agreeing to participate in the interviews"
modica2026logistics,quantitative,Most adopted L40 technologies,32 advanced automation; 28 integration software; 22 mobile systems,% of firms,2022,accepted manuscript PDF p.13,"Advanced automation technologies (32% of the sample, corresponding to 21 firms) are the most adopted among firms in our sample; vertical and horizontal integration technologies and mobile-based systems follow (28% corresponding to 18 firms, and 22% corresponding to 14 firms"
modica2026logistics,quantitative,Diffusion drivers: strategy; government incentives (large vs SMEs); supply chain partners' requests (SMEs),52; 29 (35 large vs 23 SMEs); 35 of SMEs,% of firms,2022,accepted manuscript PDF p.13-14,Government incentives are reported as the second most reported diffusion driver (29% corresponding to 19 firms) ... primarily used by LEs (35% corresponding to 12 firms) ... Only 23% of SMEs (7 firms) reported these incentives as a relevant driver
modica2026logistics,quantitative,Horizontal maturity distribution,66 Visibility & Monitoring; 18 Planning & Control; 12 Predictability & Optimization,% of firms,2022,accepted manuscript PDF p.15,"firms are primarily focused on the following stages: Visibility & Monitoring (66%, or 43 firms), Planning & Control (18%, or 12 firms), and Predictability & Optimization (12%, or 9 firms)"
modica2026logistics,quantitative,Vertical maturity: number of L40 principles adopted,75 one principle; 25 two; 0 all three,% of firms,2022,accepted manuscript PDF p.15,"most firms (75% corresponding to 49 firms) have incorporated only one principle in their L40 adoption, while 25% (16 firms) have adopted two principles. No firm has yet implemented all three principles simultaneously"
cosma2025calabria,quantitative,Sample,20,entrepreneurs interviewed (Calabria),n/a,1,"we interviewed 20 entrepreneurs from the Calabria region, given that some macroeconomic variables are at odds with the national trend"
cosma2025calabria,quantitative,Motivations for I4.0 investment (abstract summary),"economic leverage not primary; process improvement first, then incentives; product, environment, strategy minor; efficiency and predictive maintenance each 1 firm",qualitative,n/a,1,"We found that economic leverage is not the primary reason for these investments. In fact, process improvement, incentives and benefits, business efficiency, product improvement, environmental impact, predictive maintenance and business strategy played a relevant role"
cosma2025calabria,qualitative,Long-term perceived effects,social sustainability improvements,qualitative,n/a,1,"The long-term effects also include improvements in social sustainability, an indirect but appreciable outcome of I4.0 plan"
cosma2025calabria,quantitative,Sampling frame and firm profile,"20 Calabrian manufacturing SMEs, about 50 employees, about 10 million euro turnover, about 10 I4.0 machines",description,n/a,3,"The above SMEs belong to different manufacturing sectors and have been selected in order to ensure a number of employees of about 50, turnover of about 10 million Euros, number of I4.0 machines of about 10"
cosma2025calabria,quantitative,Firm size distribution of interviewed companies (Table 1),5 firms <15 employees; 13 firms 15-100; 2 firms >100,firms,n/a,3,<15 5 <2.500.000 6 <5 7 15 - 100 13 2.500.000 - 15.000.000 10 5 - 10 7 >100 2 >15.000.000 4 >10 6
cosma2025calabria,quantitative,Interview format,"about 25 minutes, video call or in person, owners and key decision-makers",description,n/a,4,"The interviews, averaging 25 minutes in duration, were conducted via video call or in person, through open and informative dialogue."
cosma2025calabria,quantitative,Motivation: process improvement,100,per cent of 20 firms,n/a,5,"Process improvement is the main reason for investment, reported by 100% of the companies. Economic and fiscal advantages (tax benefits), indicated by 45% of companies, are just the second reason."
cosma2025calabria,quantitative,Motivation: tax incentives and fiscal benefits,45,per cent of 20 firms,n/a,5,"Economic and fiscal advantages (tax benefits), indicated by 45% of companies, are just the second reason. Product improvement is also a significant motivation for 4.0 investments, with 20%."
cosma2025calabria,quantitative,"Motivations: product improvement, environment, strategy, efficiency, predictive maintenance, safety","product 20%; environment 15%; strategy 10%; efficiency, predictive maintenance and safety 5% each",per cent of 20 firms,n/a,5,"The impact on the environment was considered by 15% of companies, followed by corporate strategy, cited by 10%. Finally, business efficiency, predictive maintenance and safety at work were each mentioned by 5% of the sample surveyed (1 SME over 20)."
cosma2025calabria,quantitative,Short-term advantages,process improvement 70%; economic and fiscal advantages 45%; process control 45%; working conditions and environment 15%; data analysis and product improvement 5%,per cent of 20 firms,n/a,6,"Process improvement represents the main advantage, indicated by 70% of companies (Figure 3)."
cosma2025calabria,quantitative,Short-term advantage: data analysis perceived by few firms,5,per cent of 20 firms,n/a,6,"15% of companies reported improved working conditions and environmental impact as significant benefits, while only 5% identified data analysis and product improvement as immediately noticeable advantages."
cosma2025calabria,quantitative,Short-term disadvantages (barriers),bureaucracy and compliance 35%; employee training 20%; none 15%; costs 10%; operational slowdown 5%,per cent of 20 firms,n/a,6,"Bureaucracy and compliance processes represent the main disadvantage, indicated by 35% of companies (Figure 4)."
cosma2025calabria,quantitative,Short-term disadvantage: employee training,20,per cent of 20 firms,n/a,6,"Employee training was reported as a disadvantage by 20% of companies, as implementing new technologies requires adequately qualified personnel."
cosma2025calabria,quantitative,Medium-long term expected advantages,process improvement 70%; social impact 30%; economic advantage 15%; product improvement 15%; strategy 10%; data analysis 5%,per cent of 20 firms,n/a,8,"In the medium/long term, process improvement is the most significant advantage (70% of companies), highlighting the importance of continuous optimization of internal operations (Figure 5). Social impact (30%), economic advantage (15%), and product improvement (15%) also emerge."
cosma2025calabria,quantitative,Medium-long term expected disadvantages,none 70%; cybersecurity 10%; infrastructure maintenance 10%; supplier dependency 10%,per cent of 20 firms,n/a,8,"In fact, 70% of companies do not foresee any disadvantages in the medium/long term. The only identified disadvantages (10% each) are related to cybersecurity, infrastructure maintenance, and supplier dependency."
cosma2025calabria,quantitative,Regional context figures cited,Italy 76.7 enterprises per thousand inhabitants in 2021; Calabria business birth rate 9.3% in 2021,ISTAT and Bank of Italy figures as cited,2021,2,"reaching 76.7 (ISTAT, [11]), while Calabria alone experienced a business birth rate of 9.3% in 2021, with the region's export performance continued to show strong growth in 2023 [12]."
cosma2025calabria,quantitative,Stated limitation,focus on economic aspects of I4.0 investments,qualitative,n/a,10,The main limitation of this work consists of the focus on economic aspects related to I4.0 investments.
zoppelletto2025twin,qualitative,Collaboration and digital technologies for green transition,positive (mediation confirmed),qualitative,2021/22,1,Results confirm that adopting collaborative partnerships boosts companies’ willingness and ability to leverage digital technologies toward the green transition.
zoppelletto2025twin,qualitative,Size moderation of pressure-collaboration link,smaller firms collaborate more under pressure,qualitative,2021/22,1,"when external pressures for digital transformation increase, smaller firms tend to collaborate more frequently than larger ones."
zoppelletto2025twin,quantitative,Sampling frame,1262,fashion manufacturing firms in northern Italy (AIDA),2021,4,We identified 1262 firms from the Italian section of the Bureau van Dijk database (AIDA) as our population.
zoppelletto2025twin,quantitative,"Sample, response rate and fieldwork",189 firms; 15% response; December 2021 to January 2022,firms,2021/22,4,"UniCredit Bank administered the survey, which was collected from December 2021 to January 2022. With an effective response rate of 15%, we obtained a sample of 189 firms."
zoppelletto2025twin,quantitative,Sector composition of respondents,"leather 38.6%; clothing 30.7%; textile 14.8%; other (jewellery, eyewear) 15.9%",% of 189,2021/22,4,"Of the responding firms, 38.6% belonged to the leather industry, 30.7% to clothing manufacturing, 14.8% to the textile industry, and 15.9% to other manufacturing fields, including jewelry and eyewear."
zoppelletto2025twin,quantitative,Size composition of respondents,micro 30.7%; small 40.3%; medium 23.8%; large 5.3%,% of 189,2021/22,4,"by investigating the firm size in our sample, we observed that 30.7% were micro, 40.3% were small, 23.8% were medium, and 5.3% were large firms."
zoppelletto2025twin,quantitative,Respondent roles,CEO 63%; COO 31%; CIO 4%; CSO 2%,% of respondents,2021/22,5,"participants were chief executive officers (63%), followed by chief operation officers (31%), chief information officers (4%), and chief sustainability officers (2%)."
zoppelletto2025twin,quantitative,Operationalisation of external pressure (independent variable),4 items on 1-5 scale,definition,2021/22,5,"We asked respondents the extent to which technology adoption was stimulated as a result of 1) client requests, 2) supplier requests, 3) fiscal benefits or governmental incentives, or 4) supply chain projects."
zoppelletto2025twin,qualitative,Operationalisation of outcome (dependent variable),single item: use of data for environmental purposes,definition,2021/22,5,"The dependent variable, the use of data for environmental purposes (PEP), was a single-item measure adapted from [75], [76], [77]."
zoppelletto2025twin,quantitative,Scale reliability,0.75,Cronbach's alpha,2021/22,5,"Reliability was assessed using Cronbach’s alpha and was found to be 0.75, which was above the commonly suggested threshold of 0.7 [74]."
zoppelletto2025twin,quantitative,Effect of external pressure on collaboration by size class,0.99 small; 0.88 medium; 0.64 large (all significant),"conditional effect coefficient (PROCESS model 7, 5,000 bootstraps)",2021/22,7,"the effect between EPT and the level of COL was 0.99 for small companies, 0.88 for medium-sized companies, and 0.64 for larger companies (all significant)."
zoppelletto2025twin,quantitative,Convergence at high pressure,size effect disappears when pressure is 2.5-3,qualitative,2021/22,7,"when external pressures for technology adoption (EPT) is higher (between 2.5 and 3), company dimension has no effect because all companies converge to approximately the same (and very high) level of collaboration."
zoppelletto2025twin,quantitative,Hypotheses outcome,"H1, H2, H3 all accepted",qualitative,2021/22,6,The mediating role of collaboration along the supply chain was confirmed. The results showed that the relationship between external pressures for technology adoption and collaboration along the supply chain was also positively moderated by the firm dimension.
zoppelletto2025twin,qualitative,"Motivation example (Industry 4.0 machines for sustainability, textile firm)",client-driven,qualitative (exploratory interview),2021,1,"We bought new Industry 4.0 machines to employ more sustainable raw materials, reducing the impact of our product, the amount of waste, and the energy used."
zoppelletto2025twin,quantitative,Weight of fashion in Italian manufacturing (EY),"8.5% of industrial manufacturing revenue, over EUR 80 billion",% / EUR,n/a,4,"The Italian fashion industry plays an important role [65] in the country’s economy, generating 8.5% of revenue (i.e., over €80 billion) from Italian industrial manufacturing."
zoppelletto2025twin,qualitative,Causality limitation,correlational only,qualitative,2021/22,9,"Finally, another relevant limitation is related to data; although we can claim correlation, we cannot detect causality."
ferraro2025esg,qualitative,Effect of AI and sustainability management on ESG adoption and competitiveness,positive,qualitative,2024,1,The results show that the two investigated factors increase the likelihood of adopting ESG criteria and directly affect competitive perspectives
ferraro2025esg,qualitative,Which ESG pillars affect competitiveness,"E and G, not S",qualitative,2024,1,"In turn, the environment and governance pillars, but not the ""S"" pillar, affect the competitive perspectives."
ferraro2025esg,quantitative,"Sampling frame, sample and fieldwork date",394 innovative SMEs in Lazio; random sample of 200; end of 2024,firms,2024,7,"This empirical investigation was performed at the end of 2024 when the registry included more than 2900 innovative SMEs in Italy, and 394 in the Lazio region."
ferraro2025esg,quantitative,Responses and response rate,163 (81%),SMEs; response rate on 200 sampled,2024,7,"In total, 163 SMEs completed the survey, resulting in a response rate of 81%. Respondents included R&D managers (62%), CEOs (21%) and CFOs (17%)"
ferraro2025esg,quantitative,Sector composition of respondents (Table 2),manufacturing 16.57% (27 firms); service 76.07%; trade 7.36%,% of 163 SMEs,2024,8,Trade 12 7.36 Manufacturing 27 16.57 Service 124 76.07
ferraro2025esg,quantitative,Size composition of respondents (Table 2),0-9 employees 62.58%; 10-49 33.13%; 50-250 4.29%; turnover <= 1 million euro 78.53%,% of 163 SMEs,2024,8,Employees 0–9 102 62.58 10–49 54 33.13 50–250 7 4.29
ferraro2025esg,qualitative,"Operationalisation of the AI construct (Table 1): two items, neither naming AI",Digitalization; Innovation management,qualitative (5-point Likert),2024,6,"Artificial intelligence Digitalization The SME implements digitalization as a driver of sustainable business models, products and services ... Innovation management The SME adopts specific tools and methods that guide and support the innovation process"
ferraro2025esg,qualitative,Authors' definition of AI as a factor,capacity to adopt digital technologies that support AI,qualitative,2024,2,AI refers to the capacity of SMEs to adopt digital technologies that support AI (Cheng et al. 2025; Tutore et al. 2024)
ferraro2025esg,quantitative,Direct effect of AI construct on competitive perspectives (H1.4),0.592,"PLS path coefficient (t=11.216, p<0.001)",2024,12,H1.4 AI → competitive perspectives 0.592 0.053 11.216 0.000 Yes
ferraro2025esg,quantitative,"Effect of AI construct on E, S and G pillars (H1.1-H1.3)",E 0.403; S 0.320; G 0.487,PLS path coefficients (all p<0.001),2024,12,H1.1 AI → Environment 0.403 0.064 6.275 0.000 Yes H1.2 AI → Social 0.320 0.074 4.327 0.000 Yes H1.3 AI → governance 0.487 0.060 8.137 0.000 Yes
ferraro2025esg,quantitative,"Effect of sustainability management on competitive perspectives (H2.4, not confirmed)",-0.005,PLS path coefficient (p=0.940),2024,12,H2.4 SM → competitive perspectives −0.005 0.072 0.076 0.940 No
ferraro2025esg,quantitative,Effect of ESG pillars on competitive perspectives (H3.1-H3.3),E 0.110 (p=0.086); S -0.079 (p=0.355); G 0.239 (p=0.007),PLS path coefficients,2024,12,H3.1 Environment→ competitive perspectives 0.110 0.064 1.716 0.086 Yes H3.2 Social → competitive perspectives −0.079 0.086 0.925 0.355 No H3.3 Governance → competitive perspectives 0.239 0.089 2.680 0.007 Yes
ferraro2025esg,quantitative,Indirect effect AI -> governance -> competitive perspectives,0.243,"PLS indirect path (t=4.037, p<0.001)",2024,13,AI → governance → CP 0.243 0.060 4.037 0.000 YES
ferraro2025esg,quantitative,Explained variance of competitive perspectives,R2 0.621 (adjusted 0.609),R2,2024,11,Competitive perspectives 0.621 0.609
ferraro2025esg,quantitative,Reliability of AI construct and of sustainability management construct (Table 3),"AI: alpha 0.729, CR 0.881, AVE 0.787; SM: alpha 0.353, CR 0.756, AVE 0.607",reliability statistics,2024,10,Artificial intelligence 0.729 0.881 0.787 Digitalization 0.878 Innovation management 0.896 Sustainability management 0.353 0.756 0.607
ferraro2025esg,qualitative,"Limitations acknowledged: single region, no controls for sector, age, ownership",no control variables,qualitative,2024,14,"An additional limitation of this study is the absence of control variables such as firm age, industry sector, family ownership status, and level of internationalization."
vadruccio2025iiot,quantitative,Sample and period,46 companies; 15 interviews,Italian manufacturing companies,2023,PDF p.3 (printed p.1085),"through the CAWI (Computer Aided Web Interview) methodology in September and October 2023. Overall, after the data cleaning process, 46 Italian companies were included in the final sample"
vadruccio2025iiot,quantitative,Company size and economic/social benefits of IIoT (ANOVA),not significant (p>0.05),qualitative,2023,PDF p.6 (printed p.1088),"the size of a company, both in terms of revenue and employees, does not affect the economic and social benefits of the Industrial IoT project"
vadruccio2025iiot,quantitative,Company size and environmental benefits,significant but adjusted R-squared 19.18%,ANOVA,2023,PDF p.6 (printed p.1088),"The relationship between company size and environmental improvements from implementing an IIoT project shows, instead, a statistically significant p-value (below 0.05). However, the adjusted R-squared value is only 19.18%"
vadruccio2025iiot,quantitative,Relative weight of environmental vs economic performance on perceived project value (logistic regression),4.87 vs 3.21 (51% stronger),coefficients,2023,PDF p.6 (printed p.1088),"An increase of 1 point in environmental performance, according to the statistical model, has indeed an impact 51% stronger (4.87 vs 3.21) on the global value generated by the project compared to the same increase in economic performance"
cagno2024safety,quantitative,Sample size and composition,188,SMEs; 77% small (<50 employees); 70% Lombardy; 56% NACE C25,n/a,PDF p.5,"A total of 188 SMEs were surveyed (Table 4). As for size, 77% of the surveyed SMEs are small enterprises (<50 employees). SMEs are mostly located in Northern Italy, especially in the Lombardy region (70%)"
cagno2024safety,quantitative,Digital base of respondents,67 low digitalisation; 5 high automation,% of SMEs,n/a,PDF p.5,"The level of automation in production is not high (only 5% of the sample is in this situation) and, overall, 67% of the SMEs declared to have a low level of digitalization"
cagno2024safety,qualitative,Adoption of digital safety solutions,limited,qualitative,n/a,PDF p.7,"A limited number of SMEs showed interest in adopting digital solutions, and of these, a few have proceeded to evaluate the feasibility and cost-benefit of adoption; only a limited share of SMEs already adopted the digital solutions"
cagno2024safety,qualitative,Main barriers,"lack of perceived benefits, privacy, constant control, cost, difficult implementation",qualitative (Fig. 4 ranking),n/a,PDF p.9,"The most critical barriers emerging from the investigation are the lack of benefits perceived from the use of digital solutions (B8), concerns about privacy (B7) and constant control (B9), high implementation cost (B4), and difficult implementation (B15)"
cagno2024safety,qualitative,Main drivers,ease of use; clarity and trustworthiness of data,qualitative (Fig. 5 ranking),n/a,PDF p.12,"The most relevant drivers emerging from the investigation are the ease of use of a digital solution (D9), such as a simple and intuitive interface, and the clarity and trustworthiness of the data collected (D5)"
capestro2024exploiting,quantitative,Sample,168,Italian manufacturing firms,2017,2,"We then used structural equation modelling to link the expected benefits (i.e. drivers) of adoption, Industry 4.0 breadth, and the resulting outcomes with the adopted technologies, based on data for 168 Italian manufacturing firms"
capestro2024exploiting,qualitative,Market-related expected benefits and I4.0 breadth/outcomes,positive,qualitative,2017,2,"The results highlight the key role of market-related benefits, which positively affect the breadth of Industry 4.0 and allow outcomes to be achieved in both the marketing and production domains"
capestro2024exploiting,quantitative,Population and sampling frame,"7,714 Made in Italy manufacturing firms in Northern Italy (AIDA)",firms,2017,5,"a survey of Italian manufacturing firms specialising in the 'Made in Italy' sectors (broadly including the automotive, furniture, home products, and fashion industries) located in Northern Italy. The population for this study consisted of 7714 manufacturing firms"
capestro2024exploiting,quantitative,Fieldwork period and mode,2017; CAWI then CATI,n/a,2017,5,"The survey was carried out in 2017, immediately after the Italian Ministry of Economic Development launched the Industry 4.0 National Plan at the end of 2016"
capestro2024exploiting,quantitative,Response rate and adopter subsample,"15.9 per cent (1,229 firms); 168 adopters of at least one technology",firms,2017,6,"The interview process resulted in a 15.9% response rate, corresponding to 1229 firms that provided us with usable information. However, only 168 firms that completed the entire questionnaire adopted at least one of the technologies mentioned."
capestro2024exploiting,quantitative,Implied I4.0 adoption rate among respondents,"about 13.7 (168 of 1,229)",per cent of respondents,2017,6,"corresponding to 1229 firms that provided us with usable information. However, only 168 firms that completed the entire questionnaire adopted at least one of the technologies mentioned."
capestro2024exploiting,quantitative,Adopter sample by turnover class (Table 1),micro 32.7; small 42.3; medium 19.6; large 5.4,per cent of 168 adopters,2017,6,Micro firms (<2) 55 32.7 Small firms (2 < € < 10) 71 42.3 Medium firms (10 < € < 50) 33 19.6 Large firms (>50) 9 5.4
capestro2024exploiting,quantitative,Technology adoption rates among adopters (Table 1),laser cutting 47.0; advanced robotics 44.0; big data/cloud 43.5; additive manufacturing 31.0; IoT 23.8; 3D scanners 17.9; AR 14.3,per cent of 168 adopters (multiple choice),2017,6,Laser cutting 79 47.0 Advanced robotics 74 44.0 Big data/cloud 73 43.5 AM 52 31.0 IoT 40 23.8 3D scanners 30 17.9 AR 24 14.3
capestro2024exploiting,quantitative,Technology list (no AI item),7 technologies; big data and cloud merged,list,2017,7,Does the company use one or more of the following Industry 4.0 technologies? (1) Advanced robotics (2) AM (3) Laser cutting (4) Big data/cloud (5) 3D scanners (6) AR (7) IoT
capestro2024exploiting,quantitative,Mean I4.0 breadth among adopters (Table 4),2.21 (SD 1.341; range 1-7),technologies,2017,9,5. Industry 4.0 breadth 1 7 2.21 1.341
capestro2024exploiting,quantitative,Mean number of outcomes achieved (Table 4),marketing outcomes 1.43 of 4; production outcomes 1.46 of 4,count,2017,9,3. Marketing outcomes 0 4 1.43 1.270 ... 4. Production outcomes 0 4 1.46 1.105
capestro2024exploiting,quantitative,SEM: drivers of breadth,market-related benefits beta 0.397 (p<0.001); manufacturing-related benefits beta 0.112 (p=0.348),unstandardised coefficients,2017,10,"the positive relationship between market-related benefits and the breadth of Industry 4.0 (β = .397, p = .000) but rejected H1b the manufacturing-related benefits did not affect the number of adopted Industry 4.0 technologies (β = .112, p = .348)"
capestro2024exploiting,quantitative,SEM: breadth and outcomes,marketing outcomes beta 0.162 (p=0.016); production outcomes beta 0.145 (p=0.025),unstandardised coefficients,2017,10,"the wider the Industry 4.0 breadth, the higher the number of both marketing (β = .162, p = .016) and production outcomes (β = .145, p = .025) firms achieved with the adopted technologies"
capestro2024exploiting,quantitative,Firm size and breadth (Table 5),log turnover beta 0.462 (p=0.005),unstandardised coefficient,2017,10,Turnover (log) ->Industry 4.0 breadth .462 .165 2.794 .005
capestro2024exploiting,quantitative,"Drivers of big data/cloud adoption (Table 7, logistic regression)",market-related benefits 0.690 (p<0.01); log turnover 0.969 (p<0.01),logit coefficients,2017,11,"the market-related benefits mainly affected the adoption of big data and/or the cloud (β = .690, p = .001) and AR (β = .616, p = 0.44)"
capestro2024exploiting,quantitative,Drivers of advanced robotics adoption (Table 7),manufacturing-related benefits 0.502 (p=0.018),logit coefficient,2017,11,"Notably, only the adoption of advanced robotics was significantly and positively affected (β = .502, p = .018) by manufacturing-related benefits."
capestro2024exploiting,quantitative,Mediated effect of market drivers on production outcomes,"0.058 (p=0.013), full mediation",indirect effect,2017,11,"market-related benefits, through the mediation of Industry 4.0 breadth, had a positive and significant indirect (mediated) effect (β = .058, p = .013) on production outcomes, confirming H3a"
coco2024literacy,quantitative,Sample and design,74 MSMEs; 9 months,action research within an I4.0 adoption policy initiative,2019,1,By analyzing data from 74 Italian MSMEs participating in an Industry 4.0 adoption policy initiative ... Using an action-research analytical approach of 9 months
coco2024literacy,qualitative,Enablers of digital adoption in MSMEs,"training, networking, co-creation",qualitative,2019,1,"This paper emphasizes the role of training, networking, and co-creation initiatives in enhancing MSMEs' digital literacy and promoting the adoption of new technologies"
coco2024literacy,quantitative,"Setting: PID initiative, Venice and Rovigo",74 micro and small manufacturing and service firms; Punto Impresa Digitale managed by the Chamber of Commerce,firms,2019,2,"74 micro- and small-size manufacturing and service firms in the North East of Italy, specifically in the provinces of Venice and Rovigo. These firms participated in a publicity-funded initiative launched at the national level (Punto Impresa Digitale"
coco2024literacy,quantitative,Fieldwork period,"January to September 2019, two cycles",n/a,2019,6,"The action research initiative took place from January to September 2019, following a research protocol with two distinct cycles, as outlined in Table 1."
coco2024literacy,quantitative,Sample by size and sector (Table 2),micro 35 (47%); small 30 (41%); medium 9 (12%); manufacturing 18 (24%); family firms 63 (85%),firms,2019,6,Micro: 0-9 employees 35 47% Small: 10-49 employees 30 41% Medium: 50-249 employees 9 12% Industry Manufacturing 18 24%
coco2024literacy,quantitative,Measurement tool,"SELFI4.0 self-assessment, 68 questions, 7 dimensions",n/a,2019,6,The self-evaluation questionnaire comprised 68 questions to evaluate digital maturity across 7 dimensions ... This questionnaire was developed by the national network of Chambers of Commerce as a standardized data collection tool to measure the technologies adopted by MSMEs.
coco2024literacy,quantitative,Digital maturity distribution at entry (Table 3),beginner 16%; apprentice 32%; specialist 28%; expert 12%; champion 11%,per cent of 74 firms,2019,7,Beginner 6 17% 5 17% 1 11% 12 16% Apprentices 11 31% 10 33% 3 33% 24 32% Specialist 13 37% 5 17% 3 33% 21 28% Experts 4 11% 5 17% 0 0% 9 12%
coco2024literacy,quantitative,Qualitative data volume,58 interviews (about 96 hours); 11 co-design workshops; 20 follow-up interviews; 74 reports,n/a,2019,6,"key representatives of the firms, including CEOs, COOs, and CTOs, were interviewed, resulting in 58 interviews"
coco2024literacy,quantitative,Context figure cited: DESI 2022 Italy,"18th of 28, score 49.3 vs EU 52.3; 80 per cent of Italian MSMEs lag in digital solutions",index,2022,2,Italy ranks 18th (49.3) out of the 28 EU Members below the EU average (52.3). Eighty percent of Italian MSMEs lag in deploying digital solutions
coco2024literacy,quantitative,Context figure cited: Istat 2019 on completed digital transformation,3 per cent of Italian firms; less than 50 per cent of SMEs applied for digital innovation funds,per cent,2019,3,"the National Institute of Statistics (Istat, 2019) reports that only 3% of Italian firms have completed the processes of digital transformation and less than 50% of Italian SMEs have applied for innovation funds aimed at digital transformation"
coco2024literacy,qualitative,"Barriers (first cycle): inertia, tunnel vision, conflicts",,qualitative,2019,9,"many MSMEs perceive digital technologies as tools that should adapt to their current ways of doing business, rather than viewing them as catalysts for transformative change"
coco2024literacy,quantitative,Barrier: family governance and generational turnover,85 per cent family-owned; transitions lasting nearly fifteen years,per cent,2019,9,"Our study found that 85% of the participating organizations were family-owned, with generational turnover often experiencing delays or being blocked."
coco2024literacy,qualitative,"Barrier: fear of choosing the wrong technology, preference for funding",,qualitative,2019,11,Organizations expressed concerns about the time required for implementing a digital transformation process and instead expressed a desire to access funding opportunities.
coco2024literacy,quantitative,Follow-up (May 2023): response and hiring of digital skills,about half of firms responded; 68 per cent hired or partnered for digital roles,per cent of respondents,2023,13,"only half of the organizations completed the survey ... 68% of the companies, regardless of their size, took steps to hire new internal resources or establish collaborations with expertise in digital-related roles"
coco2024literacy,quantitative,"Follow-up (May 2023): strategy change, maturity, COVID acceleration",53 per cent redefined goals; 56.7 per cent improved maturity; 87.5 per cent accelerated due to COVID-19; 65.6 per cent report resilience benefit,per cent of respondents,2023,13,"53% of the sample confirmed embracing this change, while 56.7% demonstrated an improvement in their digital maturity level ... leading 87.5% of the firms to expedite their digital transformation efforts"
coco2024literacy,quantitative,Follow-up (May 2023): further training; AI as a wish,58.1 per cent pursued further digital training or university collaboration,per cent of respondents,2023,13,58.1% of the organizations pursued additional digital training or collaborated with university professors ... one respondent expressed hope for future face-to-face matching activities focused on specific topics like artificial intelligence or big data analytics
coco2024literacy,quantitative,Enabler: peer networking outcome,24 firms organised a field trip to Berlin innovation hubs; 6 firms co-created a new business project,firms,2019,12,"As a result, 24 firms organized a field trip to Berlin to visit digital innovation hubs, fostering a continuous learning mindset."
coco2024literacy,quantitative,Funding,"Chamber of Commerce of Venice and Rovigo, 2018-2019",n/a,2019,15,"The presented work originates from a research performed within the PID - VeRo project, financed by the Chamber of Commerce of Venice and Rovigo (2018-2019)."
degiovanni2024bayesian,quantitative,Sample,289,Italian manufacturing firms and manufacturing-related service providers,n/a,1,The analysis has been conducted on a sample of 289 Italian manufacturing firms and companies that provide services directly related to manufacturing activities.
degiovanni2024bayesian,quantitative,Approach,Bayesian network of I4.0 technologies and operational performance,qualitative,n/a,1,we use a Bayesian network and machine-learning algorithms to drive firms’ investment decisions based on I4.0 technologies.
degiovanni2024bayesian,quantitative,Size composition,22% small; 33% medium; 45% large,% of 289,n/a,5,The final sample was composed of 289 usable questionnaires and was split according to company size: 22% are small enterprises (less than 50 employees); 33% are medium enterprises (50-250 employees); 45% are large enterprises (more than 250 employees).
degiovanni2024bayesian,quantitative,Industry composition (manufacturing),"mechanical 20%; process (chemical, oil and gas, food) 11%; electronics 6%; fashion 3%; pharma 2%",% of 289,n/a,5,"most of the respondents belong to the Mechanical sector (20%), followed by Process industries such as chemical, oil and gas, food (11%), electronics (6%), fashion (3%), and pharma (2%)."
degiovanni2024bayesian,quantitative,Industry composition (services related to manufacturing),ICT and engineering consulting 10%; logistics providers 6%,% of 289,n/a,5,"Regarding services directly related to manufacturing activities, respondents belong to ICT and engineering consulting companies (10%), as well as logistics service providers (6%)."
degiovanni2024bayesian,quantitative,Respondent roles,operations 39%; supply chain 16%; top management 15%; HR 2%; design 2%,% of respondents,n/a,5,"39% of respondents have operations-based positions (e.g., operations manager, plant manager, and lean manager), 16% are involved in supply chain activities (e.g., procurement, logistics, and physical distribution), 15% hold top management positions"
degiovanni2024bayesian,quantitative,Technology list tied to the National Industry 4.0 Plan,7 technologies,definition,n/a,5,"the questionnaire provided a list of seven technologies, which are related to the technology types addressed by the “National Industry 4.0 Plan” decree issued by the Italian Government in 2016 to provide fiscal incentives for I4.0 adoption projects."
degiovanni2024bayesian,quantitative,Technologies covered (AI excluded),"IoT, cloud, robotics, AGV, 3-D printing, big data, digital supply chain",list,n/a,2,"we focus on the I4.0 technologies that have the most significant impact on operations, specifically: IoT, cloud computing, robotics, AGV, 3-D printing, big data, and digital supply chain."
degiovanni2024bayesian,quantitative,Performance measurement (self-assessed),1-5 Likert on perceived improvement due to I4.0,definition,n/a,5,The third section involved questions aimed at measuring the extent to which I4.0 technologies can affect operations performance. These questions required answers on a 1 (very low) to 5 (very high) Likert scale.
degiovanni2024bayesian,quantitative,Adoption probability: AGV,0.4021,probability (share of sample firms implementing),n/a,6,"The results in Table II explain the probability that firms adopt a certain I4.0 technology; for example, the sample firms implement AGV with probability 0.4021."
degiovanni2024bayesian,quantitative,Adoption probability: robotics,0.6254,probability (share of sample firms implementing),n/a,7,firms will enjoy a high improvement of time with probability 0.4188 when implementing AGV with probability 0.4021 and robotics with probability 0.6254.
degiovanni2024bayesian,quantitative,Share of sample with no I4.0 technology,2%,% of sample (negative hard evidence),n/a,14,"Focusing on the statistically significant results, we start from Step 1 highlighting the negative hard evidence (2% of the sample) and then analyzing the positive hard evidence on I4.0 technologies."
degiovanni2024bayesian,quantitative,Share adopting the AGV + robotics + digital supply chain portfolio,13%,% of sample,n/a,14,This portfolio turns out to be adopted by 13% of the sample with a tiny log-loss function of 6.41.
degiovanni2024bayesian,quantitative,Effect on efficiency (single technologies),benchmark 3.911; AGV 4.150 (p<0.01); robotics 4.121 (p<0.01); digital supply chain 4.038 (p<0.05),"mean perceived improvement, 1-5",n/a,9,"AGV allows firms to improve their efficiency from 3.911–4.150 (Walt test p-value < 0.01), robotics increases it to 4.121 (Walt test p-value < 0.01), and the implementation of digital supply chain technologies increases it to 4.038"
degiovanni2024bayesian,quantitative,Effect on time (single technologies),benchmark 3.771; digital supply chain 3.891 (p<0.1); robotics 4.009 (p<0.01); AGV 4.120 (p<0.01),"mean perceived improvement, 1-5",n/a,8,"the firms’ performance becomes 3.891 through digital supply chain (p-value < 0.1), 4.009 through robotics (p-value < 0.01) and 4.120 through AGV (p-value < 0.01)."
degiovanni2024bayesian,quantitative,Effect on flexibility (single technologies),benchmark 3.522; AGV 3.773; 3-D printing 3.746; robotics 3.736 (p<0.05); digital supply chain 3.625 (p<0.1),"mean perceived improvement, 1-5",n/a,9,"Flexibility becomes 3.773 through AGV (p-value < 0.05), 3.625 through digital supply chain (p-value < 0.1), 3.746 through 3-D printing (p-value < 0.05), and 3.736 through robotics (p-value < 0.05)."
degiovanni2024bayesian,quantitative,Effect on servitization (single technologies),benchmark 3.645; AGV 3.882; IoT 3.816; robotics 3.787; cloud 3.776; digital supply chain 3.774,"mean perceived improvement, 1-5",n/a,10,"servitization becomes 3.882 through AGV (p-value < 0.05), 3.774 through digital supply chain (p-value < 0.1), 3.787 through robotics (p-value < 0.05), 3.776 through cloud (p-value < 0.05) and 3.816 through IoT (p-value < 0.1)."
degiovanni2024bayesian,quantitative,Effect on sustainability (big data only),correlation 0.21 (p<0.05); mean 2.906 to 3.076 (Wald p<0.1),correlation / mean 1-5,n/a,11,"The correlation between big data and sustainability is 0.21 (p-value < 0.05), indicating that investing in big data allows firms to better analyse the complex relationships between operational practices and sustainability"
degiovanni2024bayesian,qualitative,Sustainability: other technologies not significant,no significant effect except big data,qualitative,n/a,11,"When implementing big data, the average sustainability moves from 2.906–3.076, with a significant Wald-test (p-value < 0.1). As displayed in Fig. 7(b), the other I4.0 technologies do not induce a significant improvement in sustainability."
degiovanni2024bayesian,quantitative,Efficiency-sustainability correlation,0.3557 (p<0.05),correlation,n/a,11,The ML algorithm allowed us to discover the existence of a significant correlation between efficiency and sustainability. Fig. 2 shows a high correlation index of 0.3557 (p-value < 0.05).
degiovanni2024bayesian,qualitative,Effect on quality,none,qualitative,n/a,7,"the analysis of the correlation indexes reveals that the I4.0 technologies that we investigate are not linked to quality performance, which, consequently, is not present in Fig. 2."
degiovanni2024bayesian,qualitative,Incentive-driven investment warning,fiscal incentives and popularity as adoption motives,qualitative,n/a,1,One of the common mistakes that companies across the globe are making consists of investing in I4.0 technologies as an effect of their popularity and/or of the fiscal incentives granted by many governments
degiovanni2024bayesian,qualitative,Italian context: incentives and obsolescence drive I4.0 investment (UCIMU),qualitative,qualitative,n/a,5,Italian companies are investing heavily in I4.0 technologies. This is due to the presence of generous fiscal incentives and the obsolescence of their present equipment [48].
degiovanni2024bayesian,qualitative,AI left to future research,AI not among the seven technologies,qualitative,n/a,13,"More I4.0 technologies can be investigated in the future (e.g., artificial intelligence, augmented reality, simulation, twin technologies, and cybersecurity)."
battistoni2023paths,qualitative,Structure of digital adoption paths,"four hierarchical layers: Sensor, Integration, Intelligence, Response",qualitative,2018-2019,1,"digital technologies associated with Industry 4.0 can be classified into four hierarchical layers, Sensor, Integration, Intelligence, and Response, that are in charge of the collection, combination, processing and use of organizational data"
battistoni2023paths,qualitative,Sequencing: lower layers enable and enhance upper layers,yes (no standalone adoption),qualitative,2018-2019,1,the implementation of these layers is not based on a standalone approach since the lower layers enable and enhance the adoption of the upper layers
battistoni2023paths,quantitative,Sample size and region,421,"manufacturing SMEs, Tuscany",2018-2019,2,"we carried out a survey involving 421 manufacturing SMEs from Tuscany, Italy, operating in different industries (mainly textile, machinery, furniture, paper, chemistry, jewellery)."
battistoni2023paths,quantitative,Fieldwork period and sponsor,"July 2018 to October 2019; survey funded by the Tuscany Region, run by the Universities of Florence, Pisa and Siena",description,2018-2019,6,"we administered a detailed survey, funded by the Tuscany Region and carried out by researchers of the Universities of Florence, Pisa and Siena (Casprini and Zanni, 2020). The survey was administered in the period from July 2018 to October 2019."
battistoni2023paths,quantitative,"Sampling frame, mode and response rate","frame 2,741 SMEs with positive performance in the last three years; face-to-face interviewer-administered questionnaire with CEO or production director plus plant observation; 421 responses, 15.36%",firms and per cent,2018-2019,6,"In total, we collected 421 completed responses to the questionnaire, thus reaching a response rate equal to 15.36%."
battistoni2023paths,quantitative,Regional context: Tuscany lowest for advanced I4.0 implementation (MISE 2018),lowest presence of firms with advanced Industry 4.0 implementation among Italian regions,qualitative (citing MISE 2018),2018,6,"Despite the high value-added of these local industries, Tuscany resulted as the Italian region with the lowest presence of firms with an advanced implementation of Industry 4.0 technologies (MISE, 2018)."
battistoni2023paths,quantitative,Sample composition by size class (Table 2),micro 22%; small 61%; medium 17%,per cent of 421 firms,2018-2019,6,Microenterprise (≤10 employees) 22 Small enterprise (≤50 employees) 61 Medium enterprise (≤250 employees) 17
battistoni2023paths,quantitative,Sample composition by sector (Table 2),apparel 51%; machinery and computer equipment 23%; boat building and furniture 11%; chemicals 5%; jewellery 5%; paper 5%,per cent of 421 firms,2018-2019,6,"Apparel and other finished products made from fabrics and similar materials 51 Chemicals and allied products 5 Industrial and commercial machinery and computer equipment 23 Jewellery, silverware, and plated ware 5 Paper and allied products 5"
battistoni2023paths,qualitative,Definition of the Intelligent layer (where AI sits),big data analysis; artificial intelligence; analysis or forecasting of operational and market data,definition,2018-2019,4,Intelligent layer Big data analysis; artificial intelligence; analysis or forecasting of operational and market data.
battistoni2023paths,quantitative,PLS-SEM: Sensor -> Integration,0.755,"standardised path coefficient, p<0.001, f2 1.328, R2 0.570",2018-2019,8,Effect on Integration 0.570 Sensor 0.755 <0.001 0.755 <0.001 1.328 H1a
battistoni2023paths,quantitative,PLS-SEM: effects on the Intelligent layer,Sensor direct 0.359 (total 0.743); Integration 0.508; R2 0.662,"standardised path coefficients, all p<0.001",2018-2019,8,Effect on Intelligent 0.662 Sensor 0.359 <0.001 0.383 <0.001 0.743 <0.001 0.164 H1b Integration 0.508 <0.001 0.508 <0.001 0.328 H2a
battistoni2023paths,quantitative,PLS-SEM: effects on the Response layer,Sensor direct 0.278 (total 0.817); Integration 0.516 (total 0.618); Intelligent 0.201; R2 0.845,"standardised path coefficients, all p<0.001",2018-2019,8,Effect on Response 0.845 Sensor 0.278 <0.001 0.539 <0.001 0.817 <0.001 0.184 H1c Integration 0.516 <0.001 0.102 <0.001 0.618 <0.001 0.555 H2b Intelligent 0.201 <0.001 0.201 <0.001 0.088 H3
battistoni2023paths,quantitative,NCA effect sizes (CE-FDH): Sensor as necessary condition,"0.433 (Integration), 0.337 (Intelligent), 0.439 (Response), all p<0.001 (large)",NCA effect size d,2018-2019,9,CE-FDH Integration layer Intelligent layer Response layer Sensor layer 0.433*** 0.337*** 0.439*** Integration layer - 0.220*** 0.263*** Intelligent layer - - 0.314***
battistoni2023paths,quantitative,NCA bottleneck: Sensor level needed for maximum Integration,87.9% of the observed Sensor range (82.6% with CR-FDH),per cent of observed range,2018-2019,9,"to reach the highest observed value of the Integration layer (100%), it’s necessary to have at least a value equal to 87.9% of the observed interval of the Sensor layer, in the case of CE-FDH (82.6% in case of CR-FDH)."
battistoni2023paths,qualitative,Intelligent (AI/analytics) technologies still weakly implemented in SMEs,limited implementation; weak link to Response technologies,qualitative,2018-2019,11,"Conversely, the implementation of Intelligent technologies by SMEs seems to be still limited, in line with previous studies (Dalenogare et al., 2018), thus preventing the adoption of more advanced Response technologies."
battistoni2023paths,quantitative,Invariance of adoption path across size classes,"no significant difference out of 18 pairwise comparisons (micro, small, medium)","permutation test, 2000 permutations",2018-2019,9,the path coefficient estimates are almost invariant across size since there is no significant difference out of 18 pairwise comparisons
battistoni2023paths,quantitative,Invariance across sectors,one significant difference out of 18 pairwise comparisons,permutation test,2018-2019,9,the path coefficient estimates are almost invariant across sectors of the sample since there is just one significant difference out of 18 pairwise comparisons in the path estimates of PLS-SEM.
battistoni2023paths,qualitative,Policy implication: AI policies ineffective without the sensing base,do not design AI-promotion policies where data collection technologies are very low,qualitative,2018-2019,11,"if regional firms show a very low level of technologies for digital data collection (i.e. Sensor layer), it is not appropriate to design policies aiming at increasing the use of artificial intelligence (i.e. Intelligent layer) by these firms."
battistoni2023paths,qualitative,Endogeneity check (Gaussian copula),Integration copula significant in all models; no sign changes or losses of significance,qualitative,2018-2019,9,"To summarize, endogeneity cannot be eliminated in our study, but it does not affect our results substantially."
battistoni2023paths,qualitative,Stated limitation: sample restricted to profitable SMEs,only SMEs with positive economic performance in the last three years,qualitative,2018-2019,12,our sample is made up of SMEs with a positive economic performance in the last three years. This choice may reduce the generalization of our results
bettiol2023collaboration,quantitative,Survey frame and period,"about 1,400 firms; about 200 adopters; 137 cleaned",firms,2017,PDF p.8 (printed p.335),"we carried out a survey between March and December 2017 ... A total of about 1,400 firms made up the collective sample ... an initial sample of about 200 adopters and a cleaned sample of 137 firms"
bettiol2023collaboration,quantitative,Sample composition by size,32.1 / 43.1 / 19.0 / 5.8,% micro / small / medium / large,2017,"PDF p.9 (printed p.336), Table 1",Firm size Micro Small Medium Large 44 59 26 8 32.1 43.1 19.0 5.8
bettiol2023collaboration,quantitative,Mean breadth and depth of I4.0 adoption among adopters,2.40 and 2.47,mean count out of 7 (SD 1.390 and 1.356),2017,"PDF p.10 (printed p.337), Table 2",1. Breadth I4.0 1 7 2.40 1.390 ... 2. Depth I4.0 1 7 2.47 1.356
bettiol2023collaboration,quantitative,Effect of breadth on depth of I4.0 adoption,"beta=0.243, p=0.005",unstandardised regression coefficient,2017,PDF p.11 (printed p.338),"breadth I4.0 (i.e. the number of I4.0 technologies adopted) positively affects depth I4.0 ... (β = 0.243, t = 2.889, p = 0.005)"
bettiol2023collaboration,quantitative,"Effect of depth I4.0 on knowledge creation for innovation, fully mediated by collaboration",total effect 0.156 (p=0.031); no significant direct effect,regression coefficient,2017,PDF p.13 (printed p.340),the effect of depth I4.0 on knowledge creation for innovation emerge as results of a full mediation because of the no significant direct effect of depth I4.0 on knowledge creation for innovation
pedota2023upskilling,quantitative,Sample size and source,"21,934","firms (13,761 small, 4,716 medium, 3,457 large by revenue)",2018,preprint PDF p.10,"The total dimension of the sample is 21,934 firms. As a first step, we divided the sample into three categories based on firm size, distinguishing between 13,761 small firms, 4,716 medium firms and 3,457 large firms"
pedota2023upskilling,quantitative,Adopters of at least one I4.0 technology,"4,223 of 21,934",firms (unweighted),2016-2017,"preprint PDF p.38, Table I","Total 1600 (38%) 1146 (27%) 1477 (35%) 4223 (100%) ... Total number of observations: 21,934"
pedota2023upskilling,quantitative,Non-adoption among small firms,"12,161 of 13,761",small firms with none of the six technologies,2016-2017,preprint PDF p.12,"the overwhelming majority of small firms did not adopt any of the six technologies in the dataset (12,161 out of 13,761 firms)"
pedota2023upskilling,quantitative,Composition of adoption instances: cloud vs advanced robots,cloud 60/49/41; robots 2/9/13,% of adoption instances in small/medium/large firms,2016-2017,preprint PDF p.12,"cloud computing, constituting 60%, 49% and 41% of the total instances of adoption in small, medium and large firms ... Advanced robots ... constitute only 2% of total instances of adoption in small firms, as opposed to 9% and 13%"
pedota2023upskilling,quantitative,No ICT upskilling among adopters vs non-adopters by size,56/47/25 vs 85/70/47,% of firms (small/medium/large),2017,preprint PDF p.12-13,"a significantly lower proportion of non-upskilling firms in the adopters rather than in the non-adopter category, which holds across all firms sizes (56%, 47% and 25% as opposed to 85%, 70% and 47% in small, medium and large firms"
pedota2023upskilling,quantitative,Marginal effect of digital adoption propensity on probability of no ICT upskilling,-2.7 / -3.7 / -4.1,"percentage points per 10-point increase (small/medium/large), bivariate probit",2017,preprint PDF p.18,"a 10-point increase in digital adoption propensity reduces by roughly 2.7%, 3.7% and 4.1% the probability of no ICT upskilling in small, medium and large firms, respectively"
aldrighetti2023clsc,quantitative,Moderating effect of I4.0 on CLSC practices and environmental/social performance (abstract),"significant and beneficial (data-driven technologies only, see Table 6)",qualitative,2019,2,The data suggest a significant and beneficial moderator of I4.0 technologies on the relationship between CLSC practices and firm environmental and social performance
aldrighetti2023clsc,qualitative,CLSC practices and financial performance (abstract),no significant moderated relationship,qualitative,2019,2,The data fails to find a significant relationship between CLSC practices and financial performance
aldrighetti2023clsc,qualitative,Data-driven vs process-driven I4.0 technologies (abstract),data-driven more significant as moderators,qualitative,2019,2,"Data-driven I4.0 technologies are seen to be of greater significance in such moderator roles, comparative to process-driven I4.0 technologies"
aldrighetti2023clsc,qualitative,Sampling population and regions,"firms in Lombardia, Emilia Romagna and Veneto, all sectors",qualitative,2019,7,"the sampling population consists of companies based in the northeast area of Italy (Lombardia, Emilia Romagna, and Veneto) with no distinction about industrial sector"
aldrighetti2023clsc,quantitative,Economic weight of the surveyed regions (authors' statement),about 40% of Italian GDP,per cent of GDP,2019,7,These specific regions were selected as they represent the most industrialised area in the country that accounts for about 40% of the Italian gross domestic product.
aldrighetti2023clsc,qualitative,Survey partner and respondents,Confindustria contact lists; operations/supply chain managers; unit of analysis = company,qualitative,2019,7,"We conducted our study with the help of the General Confederation of Italian Industry (Confindustria), the largest Italian chamber of commerce for manufacturing and service companies, who provided contact information about organisations in our sample."
aldrighetti2023clsc,quantitative,Fieldwork period and mode,"15 April to 27 November 2019, online Google Form by e-mail",dates,2019,9,Data collection started on 15 April 2019 and completed on 27 November 2019. The questionnaire was set up online as a Google Form and the link sent via e-mail to 887 companies.
aldrighetti2023clsc,quantitative,Responses and response rate,96 completed responses out of 887; 10.8%,firms and per cent,2019,9,"With reminders, a total of 96 completed responses were received with an effective 10.8% response rate, which is in line with other research in the field"
aldrighetti2023clsc,quantitative,Adoption rates among respondents: CLSC practices and I4.0 investment in last 5 years,CLSC 55 firms (57%); I4.0 81 firms (84%),per cent of 96 respondents,2019,9,"Among the 96 responses, 55 companies are engaged in CLSC activities (57%), and 81 companies have invested in I4.0 technologies, in the last 5 years (84%)."
aldrighetti2023clsc,quantitative,Sample composition by size and dominant sectors,"approx. 20% small, 44% medium, 36% large; mechanical engineering/metalworking, fashion, food and beverage dominate",per cent of respondents,2019,9,"The 96 respondents comprised of approx. 20% small, 44% medium and 36% large companies. Mechanical engineering and metalworkers, fashion industry, and food and beverages sectors dominate, which reflects the industrial environment in the regions under analysis."
aldrighetti2023clsc,quantitative,"I4.0 adopters by size class (Table 2, FTEs)",<=10: 50.0%; >10-20: 50.0%; >20-50: 69.2%; >50-100: 90.0%; >100-250: 89.5%; >250-500: 84.6%; >500: 91.4%,per cent of respondents in the size class,2019,9,> 500 35 (36.5%) 23 (65.7%) 32 (91.4%)
aldrighetti2023clsc,quantitative,I4.0 adopters in the largest sector: mechanical engineering and metalworkers (Table 2),29 of 31 firms (93.5%); CLSC adopters 16 (51.6%),per cent of respondents in the sector,2019,9,Mechanical Engineering and Metalworkers 31 (32.3%) 16 (51.6%) 29 (93.5%)
aldrighetti2023clsc,quantitative,I4.0 adopters in food and beverage and fashion (Table 2),food and beverage 11 of 12 (91.7%); fashion 9 of 12 (75.0%),per cent of respondents in the sector,2019,9,Food and Beverage 12 (12.5%) 7 (58.3%) 11 (91.7%)
aldrighetti2023clsc,quantitative,CLSC adoption by firm size,about 21% of firms under 50 FTEs vs about 65% of medium and large firms,per cent of firms,2019,12,"only about 21% of smaller companies with less than 50 FTEs report CLSC adoption, while the corresponding adoption figure is about 65% among medium-sized (>50–500 employees) and large (more than 500 FTEs) companies"
aldrighetti2023clsc,quantitative,I4.0 investment intensity,65% of respondents in the three highest investment brackets (above 200 thousand euro over 5 years),per cent of respondents,2019,12,"the companies considered in this study have invested a meaningful amount of capital in I4.0 technologies, given that the three highest investment brackets account for 65% of respondents"
aldrighetti2023clsc,qualitative,Most adopted I4.0 technologies (Figure 5),"data capturing/sensors for machines, for products, and horizontal/vertical integration software; data-driven group dominant",qualitative ranking,2019,12,"Data capturing, sensors, monitoring and control for machine/equipment, for products, and horizontal/vertical digital integration software are the top-3 most adopted industry 4.0 technologies."
aldrighetti2023clsc,qualitative,Big data analytics and cyber security concentrated in large firms,qualitative,qualitative,2019,12,"Similarly, big data and analytics and cyber security are majorly implemented in big companies."
aldrighetti2023clsc,qualitative,AI as a separate questionnaire item: definition given to respondents,qualitative,qualitative,2019,26,"Artificial Intelligence: advance computer systems that elaborates data and functions following human behaviour (systems that help us perform some operations faster with a smartphone or PC such as Siri, Google Now, Cortana, Chatbot to manage the customer support chats"
aldrighetti2023clsc,qualitative,AI grouped with process-driven technologies in the measurement model,qualitative,qualitative,2019,9,"The process-driven I4.0 technology construct consisted of item measures that included cyber-physical systems (I4.0_ADO8), additive manufacturing (I4.0_ADO9), augmented reality (I4.0_ADO10), virtual reality (I4.0_ADO11), collaborative robots (I4.0_ADO12), and artificial intelligence (I4.0_ADO13)."
aldrighetti2023clsc,qualitative,AI listed among data-driven technologies in the literature section (inconsistent with p. 9),qualitative,qualitative,2019,5,"data-driven technologies are guided by data and context. Central to this type of automation are technologies like Internet of Things (IoT), big data, artificial intelligence (AI), cloud computing, horizontal and vertical software integration, and cyber-security"
aldrighetti2023clsc,quantitative,Measurement of I4.0 adoption (investment share and duration per technology),0-5 investment emphasis and 0-5 years duration per technology,qualitative,2019,9,We asked firms about the level of investment (amount in Euros and relative magnitude 1–5 Likert scale) as well as investment duration.
aldrighetti2023clsc,quantitative,Factor loading of the AI item in the I4.0 adoption construct (Table 3),0.711,factor loading,2019,11,I4.0_ADO13 Artificial intelligence 0.711
aldrighetti2023clsc,quantitative,Analytic sample for PLS-SEM (firms with both CLSC and I4.0),51 responses (p. 10); stated as 55 on p. 13,firms,2019,10,"After careful examination of each response, we eliminated cases that failed to meet our selection criteria, arriving at a final sample of 51 responses."
aldrighetti2023clsc,quantitative,Common method bias check (Harman single factor),38.44,per cent of variance,2019,10,"The results from this test showed that the single factor explains 38.44% (approx.) of total variance, which is less than the 50% threshold."
aldrighetti2023clsc,quantitative,H1: CLSC adoption -> company performance (direct path),"beta 0.720, t 9.164, p<0.001, R2 0.518",PLS-SEM path coefficient,2019,13,"a bootstrap procedure on the data reinforced the significant relationship between CLSC adoption and company performance (β = 0.720; T-stat = 9.164, p < 0.001)"
aldrighetti2023clsc,quantitative,H2: composite I4.0 adoption as moderator (not supported); direct I4.0 -> performance significant,"interaction beta 0.123, t 1.319, ns; direct I4.0_ADO -> PERF 0.192, t 2.416, p<0.05",PLS-SEM path coefficient,2019,13,"However, bootstrapping shows that the interaction effect is not significant (β = 0.123; T-stat = 1.319, p > 0.1). H2 is thus not supported by the data."
aldrighetti2023clsc,quantitative,H2a: data-driven I4.0 technologies as moderator of CLSC -> performance,"interaction beta 0.183, t 2.052, p<0.05; f2 0.060 (medium); R2 0.579",PLS-SEM path coefficient,2019,13,The interaction effect of CLSC practices and Data-driven I4.0 technologies on performance is greater than that observed in the case of CLSC practices and composite I4.0 technologies (Data-driven and Process-driven) interaction (0.183 vs. 0.123)
aldrighetti2023clsc,quantitative,Process-driven I4.0 technologies as moderator (not significant),direct and interaction effects not significant; R2 falls from 0.579 to 0.544,PLS-SEM,2019,15,path model indicates that both direct and interaction effects are not significant along with a reduction in the coefficient of determination (R2: from 0.579 to 0.544; adjusted R2: from 0.551 to 0.514)
aldrighetti2023clsc,quantitative,H3a: data-driven I4.0 x CLSC on financial performance (not supported),"beta 0.102, t 0.702, ns",PLS-SEM path coefficient,2019,15,"H3a (financial performance) was not supported by the data, even though the effect size of data-driven I4.0 was of interest (β = 0.102; T-stat = 0.702, p > 0.1)."
aldrighetti2023clsc,quantitative,H3b: data-driven I4.0 x CLSC on environmental performance (partial support),"composite beta 0.181, t 1.896, p<0.1; wastes to landfill beta 0.171, t 1.997, p<0.05",PLS-SEM path coefficient,2019,15,"the interaction effect of CLSC practices and data-driven I4.0 technologies on the endogenous latent variable, composite environmental performance, was marginally significant (β = 0.181; T-stat = 1.896, p < 0.1)"
aldrighetti2023clsc,quantitative,"H3c: data-driven I4.0 x CLSC on social performance (reputation, skilled recruiting)","interaction beta 0.198, t 2.031, p<0.05; direct data-driven I4.0 -> social 0.374, t 2.894, p<0.01",PLS-SEM path coefficient,2019,16,H3c CLSC_ADO →PERF_c 0.539 5.317 ∗∗∗∗ Data-driven I4.0 adoption has strong significant influence in the relationship between CLSC adoption and social performance. I4.0_ADO_a →PERF_c 0.374 2.894 ∗∗∗ CLSC_ADO ∗I4.0_ADO_a →PERF_c 0.198 2.031 ∗∗
aldrighetti2023clsc,qualitative,"Controls (size, turnover, sector, competitors) not significant",no significant relationships,qualitative,2019,16,"Relevant control variables (i.e. number of FTEs, company turnover, industrial sectors, and number of competitors) were evaluated as additional constructs but no significant relationships were found."
aldrighetti2023clsc,qualitative,Why financial effects are not detected: measurement difficulty and short time since adoption (manager feedback),qualitative,qualitative,2019,17,"the relatively recent investment in such integrated set of technologies, and the difficulties in measuring financial gains only after a few years of implementation could be reasons for the failure to find support for H3a"
aldrighetti2023clsc,qualitative,Barriers reported by managers: no economic barrier thanks to government incentives,qualitative,qualitative,2019,18,The managers involved in our survey highlighted that the Italian Government initiatives during the last 5 years have economically supported any kind of company in investing in digitalisation and there are no economic barriers.
aldrighetti2023clsc,qualitative,Barriers reported by managers: lack of guidance on technology sequencing and lack of workforce expertise,qualitative,qualitative,2019,18,"The major criticalities have been recognised as the absence of clarity and guidance about which set of technologies the managers need to first implement to faster achieve CLSC objectives, and the lack of expertise and confidence in the workforce."
aldrighetti2023clsc,qualitative,"Technology grouping borrowed from the MISE-MET survey (23,700 firms, 2017-2018)",process-driven vs data-driven,qualitative,2017-2018,5,"According to a survey conducted by the Italian Ministry of Economic Development MISE on a sample of 23,700 Italian companies (MISE-MET survey 2017–2018), I4.0 technologies can be grouped into two broad categories: process-driven and data-driven technologies."
aldrighetti2023clsc,qualitative,Limitation: small sample,qualitative,qualitative,2019,19,"Our sample size was admittedly limited but similar to some other studies in the area (Holt and Ghobadian 2009; Godinho Filho, Ganga, and Gunasekaran 2016)."
aldrighetti2023clsc,quantitative,Funding source,European Project POR 2014-2020 'Closed Loop Supply Chain' and Fondazione Speedhub,qualitative,2019,19,The authors sincerely thank the European Project POR 2014–2020 – ‘Closed Loop Supply Chain’ – code: 1001-1-1267-201 and Fondazione Speedhub office for providing funding and valuable support for this research.
zheng2023road,quantitative,Sample size and composition,102,"manufacturing companies (SMEs about 54%, large 29.4%, very large 16.7%)",2020,PDF p.7 (printed p.313),"a total sample of 102 companies in 2020, where SMEs represent around 54% of the sample, 29.4% are large companies and 16.7% are huge ones"
zheng2023road,quantitative,Awareness of AI vs IIoT,26 vs 66,% of surveyed companies aware of the technology,2020,PDF p.10 (printed p.316),"66% of the surveyed sample declare to be conscious of IIoT, and this proportion is only 26% for AI"
zheng2023road,quantitative,Adoption in use: additive manufacturing vs AI and AR/VR,23 vs 1 and 5,% of surveyed companies using the technology,2020,PDF p.10 (printed p.316),"AM is the most adopted technology, with 23% of the companies putting it into practice ... AI, AR and VR are rarely adopted, with only 1 and 5% utilisation, respectively"
zheng2023road,quantitative,Size gradient: large companies adopting at least one / at least two I4.0 technologies,>70 / >30,% of large companies (Fisher exact p=0.02169),2020,PDF p.11 (printed p.317),"More than 70% of large companies adopt at least one I4.0 technology, and over 30% use at least two"
zheng2023road,quantitative,Longitudinal change 2017-2020 in adoption of IIoT and BDA (common subsample n=40),+17 / +15,percentage points,2017-2020,PDF p.14 (printed p.320),"more companies are adopting I4.0 solutions in 2020 compared to 2017, with a significant increase for IIoT and BDA, which separately counts an increase of 17 and 15 percentage points"
zheng2023road,qualitative,Main obstacle,competence acquisition and development,"qualitative (highest obstacle score, higher in 2020 than 2017)",2020,PDF p.16-18 (printed p.322-324),"the obstacles of high investment for competencies acquisition and development, which is one of the biggest obstacles ... companies consider it a more significant barrier in 2020 concerning 2017"
bettiol2022ict,quantitative,Adopters within the collected sample,"206 of 1,400",respondents declaring at least one I4.0 technology,n/a,PDF p.6 (printed p.1081),"we collected a representative sample of 1,400 firms whose only 206 respondents declared to have adopted at least one of the seven Industry 4.0 technologies investigated"
bettiol2022ict,quantitative,Sample composition by size (adopters),28.2 / 43.7 / 22.3 / 5.8,% micro / small / medium / large (EU turnover classes),n/a,"PDF p.7 (printed p.1082), Table 1",Micro firms (<2mln) Small firms (2mln<V<10mln) Medium firms (10mln<V<50mln) Large firms (>50mln) 28.2 43.7 22.3 5.8
bettiol2022ict,quantitative,Intensity of I4.0 adoption among adopters,38.3 one; 32.0 two; 13.6 three; 16.1 four to seven,% of adopters by number of technologies,n/a,"PDF p.7 (printed p.1082), Table 1",One Industry 4.0 technology Two Industry 4.0 technologies Three Industry 4.0 technologies Four-to-seven Industry 4.0 technologies ... 38.3 32.0 13.6 16.1
bettiol2022ict,quantitative,Effect of ICT intensity on I4.0 intensity (linear regression),"B=0.416, p<0.001",unstandardised coefficient,n/a,PDF p.10 (printed p.1085),"a firm's ICT investment has a positive relationship (B = 0.416 p < 0.001) with the intensity of the Industry 4.0 technologies adopted, and that this relation does not depend on firm characteristics"
bettiol2022ict,quantitative,"Path dependence: Management ICT (ERP, CRM) to Data-processing 4.0 (big data/cloud, IoT)","B=1.326, p<0.001",logistic regression coefficient,n/a,PDF p.10 (printed p.1085),"Data-processing 4.0 technologies (big data/cloud and IoT) are strongly linked (B = 1.326, p < 0.001) to Management ICT (ERP and CRM)"
bettiol2021performers,quantitative,Sample and response rates,"366 (166 top, 200 average)",questionnaires; response rates 8.4% and 4.2%,2019-2020,PDF p.8 (printed p.34),"a total of 366 questionnaires. Specifically, 166 questionnaires (representing about 8% of the sample considered with a response rate of 8.4%) refer to SMEs with higher financial performances and 200 questionnaires ... with a response rate of 4.2%"
bettiol2021performers,quantitative,"Industry 4.0 adoption rate (at least one technology), overall and by group",49.2 overall; 60.8 top vs 42.5 average,% of SMEs,2019-2020,PDF p.9 (printed p.35),"The overall sample shows an adoption rate of 49.2% (186 firms adopted at least one of the Industry 4.0 technologies investigated) ... 60.8% (101 of 166) ... for the average performer group, the adoption rate was 42.5% (85 of 200)"
bettiol2021performers,quantitative,"AI adoption among I4.0 adopters, top vs average performers",11.9 vs 7.1,% of adopting SMEs (base 101 and 85),2019-2020,"PDF p.11 (printed p.37), Fig. 1","AI 11,9% 7,1% [Fig. 1: Industry 4.0 adoption; Top-p / Average-p]"
bettiol2021performers,quantitative,"Robotics and big data adoption among adopters, top vs average",35.6 vs 10.6 (robotics); 24.8 vs 10.6 (big data),% of adopting SMEs,2019-2020,PDF p.11 (printed p.37),"the only significant differences refer to the robotics (35.6% top vs. 10.6% average performers, p < 0.001) and to big data and analytics (24.8% top vs. 10.6% average performers, p < 0.01)"
bettiol2021performers,qualitative,Main barrier to adoption,difficulty in finding professional skills,qualitative (first-ranked barrier for both groups); lack of broadband 37.6% average vs 22.8% top,2019-2020,PDF p.12 (printed p.38),"For both groups, the main barrier relates to the difficulty in finding professional competences related to Industry 4.0, followed by the length of the implementation process"
bettiol2021performers,quantitative,"Access to public funds for I4.0 among adopters, top vs average",34.2 vs 21.0,% of adopting SMEs,2019-2020,PDF p.13 (printed p.39),34.2% of top performers compared to only 21.0% of average performers requested and accessed public funds
pirola2020readiness,quantitative,Sample,20 (plus 2 in-depth cases),SMEs in Lombardy,n/a,preprint PDF p.7,"The overall research involved 22 small and medium enterprises localized in Lombardy, Northern Italy ... The other 20 companies have been selected covering the main industries in the Lombardy area"
pirola2020readiness,quantitative,Average digital readiness index,2.8 (DRL 3 of 5),index on 1-5 scale,n/a,preprint PDF p.10,"Considering the whole sample, we observe an average index ... = 2.8, thus defining an average DRL equal to 3"
pirola2020readiness,quantitative,Share of SMEs with an Industry 4.0 strategy; top management commitment high; main barrier,about 50; 65; almost 50 (lack of action plan),% of SMEs,n/a,preprint PDF p.11,About 50% of companies have an Industry 4.0 strategy in place ... 65% of companies declared that the top management commitment is high ... almost 50% of companies declared that the main barrier is the lack of an action plan
pirola2020readiness,quantitative,Horizontal integration and EDI,2 of 5; 5 of 20 with EDI,mean score; number of firms,n/a,preprint PDF p.13,horizontal integration is very limited (the average value is 2 out of 5): only five companies out of 20 have an Electronic Data Interchange (EDI) system in place
pirola2020readiness,quantitative,"Technology adoption: 3D printing, barcode, RFID, cloud analytics",30; 50; 20; 0,% of SMEs,n/a,preprint PDF p.13,only 30% of companies declared to use 3D printing ... 50% of companies use barcode ... only 20% of the sample uses RFid ... None of the companies interviewed exploit cloud analytical services
zheng2020impacts,quantitative,Sample,103,respondents from manufacturing companies of different sizes,2017,1,A descriptive survey has been carried out on a total of 103 respondents related to manufacturing companies of different sizes
zheng2020impacts,qualitative,Determinants of position in the I4.0 journey,size and informatisation level,qualitative,2017,1,"Italian manufacturing companies are in different positions in their journey toward the I4.0 paradigm, mainly depending on their size and informatization level"
zheng2020impacts,qualitative,Organisational involvement,"low awareness, no dedicated managerial roles",qualitative,2017,1,not all the business functions are adequately involved in this transformation and their awareness about this new paradigm seems quite low because of the absence of specific managerial roles to guide this revolution
zheng2020impacts,quantitative,"Fieldwork, frame and response rate","956 companies invited (AIDA), 146 individual responses from 103 companies, about 11% (6.3% before telephone follow-up)",firms and per cent,2017,8,"The survey was carried out in the first six months of 2017 and was sent to 956 companies. In total, 146 single responses belonging to 103 manufacturing companies were collected with a response rate of about 11 percent."
zheng2020impacts,quantitative,Respondent group by size (Table III),SMEs 58 (56.3%); large 29 (28.2%); very large 16 (15.5%),"firms (revenue classes: <50 million, 50-300 million, >300 million euro)",2017,8,Small-medium 58 56.3 Revenueo€50m Large 29 28.2 €50morevenueo€300m Very large 16 15.5 RevenueW€300m Table III. Enterprise size of respondent group
zheng2020impacts,quantitative,Respondent group by sector (Table IV),machinery 35.0%; metal products 16.5%; electrical equipment 13.6%; metals 9.7%; automotive 6.8%; other industrial 5.8%; others 12.6%,per cent of 103 firms,2017,8,Machinery 36 35.0 NACE 28 Metal products 17 16.5 NACE 25 Electrical equipment 14 13.6 NACE 26/27 Metals 10 9.7 NACE 24 Automotive 7 6.8 NACE 29
zheng2020impacts,quantitative,Respondent roles,CIO 37%; R&D director 19%; production and operations manager 18%; general manager 14%; other 12%,per cent of questionnaires,2017,9,"CIOs filled in the 37 percent of the questionnaires, followed by R&D Directors who provided 19 percent of the responses. Production and Operations Managers represent the 18 percent of surveyed people"
zheng2020impacts,quantitative,"Knowledge of I4.0 technologies: IIoT, cobots, AR/VR, cloud manufacturing",IIoT known at least superficially by 64%; 65% do not know collaborative robotics; 70% do not know AR/VR and cloud manufacturing,per cent of respondents,2017,10,IIoT is the only technology known by over half (64 percent) of the respondents at a superficial level at least.
zheng2020impacts,quantitative,"Lack of knowledge of cobots, AR/VR and cloud manufacturing",65% do not know cobots; 70% do not know AR/VR and cloud manufacturing,per cent of respondents,2017,10,"In sum, 65 percent of respondents do not know the basic principles of collaborative robotics, and 70 percent do not even know what augmented and virtual reality and CMfg are."
zheng2020impacts,quantitative,Knowledge of big data and advanced analytics (closest AI proxy),completely unknown for more than half of the sample; IIoT deeply known by almost 40%,per cent of respondents,2017,19,"it is deeply known by almost 40 percent of the sample. This notwithstanding, technologies that have by now become widespread, such as Big Data and advanced analytics, is completely unknown for more than a half of the sample."
zheng2020impacts,quantitative,Adoption rates by technology,additive manufacturing 22%; IIoT 21%; no cloud manufacturing project; big data and cobots coherent with low knowledge,per cent of respondents with technology in use,2017,12,"AM is the most used technology, adopted by 22 percent of surveyed sample, slightly higher than IIoT, which reaches 21 percent."
zheng2020impacts,quantitative,Number of I4.0 technologies in use among adopters,54% one; 30% two; 12% three; 4% more than four; mean 1.8,per cent of adopting firms,2017,13,"claim to have adopted only one technology, followed by 30 percent adopting two technologies, only 12 percent are using three technologies, and the rest 4 percent are applying more than four technologies."
zheng2020impacts,quantitative,"Knowledge level by firm size (Figure 3, Table VI)","median knowledge score below 0.2 for SMEs vs 0.4 for large and very large; chi-square p=0.0003913; SMEs: 14 null, 35 superficial, 8 medium, 1 profound",normalised 0-1 knowledge index and counts,2017,11,"The median of knowledge level increases as the company size increases; the median of small-medium companies only lays close but less than 0.2, whereas for large and very large companies, it reaches 0.4."
zheng2020impacts,quantitative,Utilization by firm size (Figure 7),majority of SMEs have not activated any I4.0 project; more than half of large and very large firms adopted at least one technology,qualitative,2017,13,"the majority of them have not activated any new technology-related project. For large and very large companies, it seems that more than a half of them have adopted at least one technology"
zheng2020impacts,quantitative,Knowledge vs utilization cross-tabulation (Table IX),23 firms null knowledge and null use; 27 superficial/null; 17 superficial/low; 21 medium/low; only 1 firm with high utilization; chi-square p=4.328e-09,counts of firms,2017,15,Null 23 0 0 0 Superficial 27 17 0 0 Medium 6 21 3 0 Profound 1 3 1 1
zheng2020impacts,quantitative,Informatisation and IT role as enablers,higher IT systems coverage and formalised (non-frugal) IT function associated with higher knowledge and adoption; chi-square p=3.932e-05 (coverage) and 1.344e-07 (IT role) for knowledge,qualitative with test p-values,2017,13,"Even though a portion of the sample has not implemented any technology regardless of the diverse information system coverage level, the higher the coverage level of informative systems, the higher the technology adoption level."
zheng2020impacts,quantitative,Business functions involved,"R&D, production, IT and direction most involved; HR and controlling remarkably low; involvement index +24.6% with 1-2 technologies and +48.2% with more than three vs non-users",per cent change in involvement index,2017,16,"the increase is recorderd by 24.6 percent for companies that use one or two technologies and 48.2 percent for those that use more than three technologies. Moreover, a remarkable low involvement of controlling and, in particular, HR function is found."
zheng2020impacts,qualitative,Roles: relevance exceeds presence; technical over managerial,companies recognise need for new technical and managerial roles but have not established them,qualitative,2017,16,"Figure 12 shows that the relevance level is higher than the presence level, indicating that companies are aware of the relevance of novel technical and managerial roles, but they still have not established them in their organization."
zheng2020impacts,qualitative,Main obstacles,high investment most relevant for medium and high implementers; missing competency a big barrier once at least one technology is implemented; non-adopters less concerned except for absence of technology provider,"qualitative (obstacle index, Figure 14)",2017,18,"among the four main categories of obstacles, high investment on technology is considered the most relevant barrier by companies with medium and high implementation levels."
zheng2020impacts,qualitative,Perceived benefits rise with number of technologies,benefits perceived by adopters higher than expected by non-adopters; time reduction grows most,"qualitative (benefit index, Figure 15)",2017,19,"the benefits perceived by companies that have already implemented at least one technology, are overall higher than the benefits expected by those that have not yet implemented any technology."
zheng2020impacts,qualitative,Incentive-driven adoption without knowledge (additive manufacturing),"adoption misaligned with knowledge, attributed to tax incentives of national plans",qualitative,2017,20,"This behavior, apparently unjustified, is generally due to the availability of financial and tax incentives from national industrial plans. That brings companies sometimes to invest in this technology without having a full awareness and knowledge."
zheng2020impacts,qualitative,Stated limitation: sample skewed to larger firms,average company size larger than national level; results more positive than the real situation,qualitative,2017,23,"the average company size in our sample is larger than Italy’s national level, where about 99 percent of companies are SMEs (EC, 2017); therefore, the results reported in this paper tend to be more positive than real situation."
agostini2019challenges,quantitative,Adoption clusters,"3 (adopters, beginners, non-adopters), not 2 as stated in the abstract",clusters,n/a,8,"three groups of firms can be identified based on their level of adoption of I4.0 technologies: 12.4 percent of firms belong to Cluster 1 (the ""high"" group, called Adopters), 38.2 percent to Cluster 2"
agostini2019challenges,qualitative,Organisational practices and adoption level,significantly higher practices in high adopters,qualitative,n/a,2,the authors found statistically significant higher levels of a number of organizational and managerial practices for firms with a higher level of adoption of I4.0 technologies
agostini2019challenges,quantitative,"Sample, frame and response rate","257 of 1,000 randomly selected firms; 25.7 per cent",firms,n/a,6,"1,000 Italian manufacturing firms were randomly selected, independently of their size. We used the AIDA database ... After two recalls, 257 useful questionnaires were received, corresponding to a response rate of 25.7 percent."
agostini2019challenges,quantitative,Sample composition by size,32.1 small; 33 medium; 34.9 large,per cent of respondents,n/a,6,"As far as firm size is concerned, 32.1 percent are small, 33 percent are medium and 34.9 percent are large firms."
agostini2019challenges,quantitative,Technology list used (Italian National Plan),9 technologies incl. big data and analytics; no AI item,list,2016,3,"the Italian Ministry of Economic Development has delimited the scope of Industry 4.0 to nine technologies (i.e. Industrial Internet of Things, cloud computing, cybersecurity, Big Data and analytics, simulation, horizontal and vertical integration, added manufacturing, advanced manufacturing solutions, augmented reality)"
agostini2019challenges,quantitative,Operationalisation of I4.0 adoption,count of adopted or formally planned technologies; max 18 (process/SC) and 9 (product),count,n/a,7,We asked whether firms are adopting now or are formally planning to adopt in the near future each one of these technologies at a process/SC and product level (binary variable assuming values 0 or 1).
agostini2019challenges,quantitative,Share of high adopters,12.4,per cent of sample,n/a,8,"12.4 percent of firms belong to Cluster 1 (the ""high"" group, called Adopters)"
agostini2019challenges,quantitative,Share of non-adopters,49.4,per cent of sample,n/a,8,"49.4 percent to Cluster 3 (the ""low"" group, called non-adopters), presenting a decreasing level of adoption of I4.0 technologies both at a process/SC and product level"
agostini2019challenges,quantitative,Mean number of technologies by cluster (Table II),"process/SC: 10.52 adopters, 5.61 beginners, 0.92 non-adopters; product: 5.31, 3.01, 0.39",mean count,n/a,10,I4.0 TECH_PROC 10.52 1.88 5.61 1.37 0.92 1.31 *** I4.0 TECH_PROD 5.31 1.69 3.01 1.48 0.39 0.71 ***
agostini2019challenges,qualitative,Process vs product adoption,higher at process level,qualitative,n/a,10,we can notice that the adoption of I4.0 technologies is higher at the process than at the product level.
agostini2019challenges,qualitative,Enablers distinguishing beginners from non-adopters,"skills for innovation, lean methods, ICT, open innovation (significant); training, social capital, JIT, SC integration (not significant)",qualitative (t-tests),n/a,11,"differences in terms of organizational and managerial practices between beginners and non-adopters are not all statistically significant. More specifically, the two clusters differ in terms of skills for innovation, use of lean methods, use of ICT"
agostini2019challenges,quantitative,Skills for innovation by cluster (Table III),3.51 adopters; 2.97 beginners; 2.48 non-adopters (all differences significant),"mean, 1-5 Likert",n/a,11,SKILLS 3.51 0.87 2.97 0.79 2.48 0.87 *** ** ***
agostini2019challenges,quantitative,ICT index by cluster (Table III),3.27 adopters; 2.96 beginners; 2.03 non-adopters,"mean, 1-5 index",n/a,11,ICT 3.27 1.22 2.96 1.19 2.03 1.12 ** *** ***
agostini2019challenges,quantitative,Regression: firm-process and SC practices on process-level I4.0 adoption (Table IV),FIRM 1.740 (p=0.000); SC 0.883 (p=0.025); HR -0.009 (p=0.982); small size -1.277 (p=0.057),negative binomial coefficients,n/a,11,HR 0.385 (0.180) -0.009 (0.982) H2a not supported FIRM 0.590* (0.075) 1.740*** (0.000) H2b supported SC 0.647** (0.021) 0.883** (0.025) H2c supported
agostini2019challenges,quantitative,HR practices as moderator,"firm and SC effects significant only in the high-HR group; Chow tests p=0.032 and p=0.035 (FIRM), p=0.017 and p=0.023 (SC)",qualitative,n/a,12,the impact of organizational and managerial practices at the firm process and SC levels are significant (vs not significant) or higher (vs lower) in the HIGH group with respect to the LOW group
agostini2019challenges,quantitative,Qualitative validation,15 in-depth interviews,interviews,n/a,13,"we carried out 15 in-depth interviews with managers of sampled firms who explained they were not surprised. Indeed, they agreed upon the fact that workers are the crucial link because the technology is not intelligent per se"
agostini2019challenges,qualitative,Starting point of I4.0 journeys,"ERP, data exchange, MES and IoT sensors",qualitative,n/a,13,"the presence of ERP for all functions and systems to exchange data with suppliers and clients are required to install, for example manufacturing execution sytems that are able to generate useful information from data collected through intelligent sensors"
antonioli2025twin,quantitative,"Sample: unbalanced panel of Italian manufacturing firms (10+ employees), two survey waves",8952,firms,2017-2020,6,The dataset used is an unbalanced panel of 8952 firms. Companies that were surveyed in both waves were only 2196.
antonioli2025twin,quantitative,"Share of firms that benefited from the Industry 4.0 national plan (DIGIT, proxy for digital practices)",22,% of firms,2017-2020,6,"In our sample, DIGIT takes value one in the 22% of the cases: 2022 out of 8952 firms benefited from the Industry 4.0 national plan."
antonioli2025twin,quantitative,Share of firms with at least one environmental innovation (GREEN),39.6,% of firms,2017-2020,6,"In our sample, GREEN takes value one in 39.6% of the cases: 3571 out of 8952 firms have adopted at least one typology of innovation leading to environmental benefit."
antonioli2025twin,quantitative,Share of firms combining digital (Industry 4.0 beneficiary) and green practices (TWIN),13.6,% of firms,2017-2020,7,"TWIN takes value one in the 13.6% of the cases: 1230 out of 8952 firms experience, with their organisation, combinatorial environmental and digital practices."
antonioli2025twin,quantitative,"Average marginal effects of HRM practices (dummies) on probability of TWIN, column 7 Table 7",3.2 / 3.1 / 1.8,percentage points (EVAL_PERF / RECR_TRAIN / EMPL_INVOLV),2017-2020,13,"Implementing EVAL_PERF practices is associated to a probability of 3.2% to observe TWIN practices in that firm, falling to 3.1% for RECR_TRAIN and 1.8% for EMPL_INVOLV (Column 7 Table 7)."
antonioli2025twin,quantitative,Small firm (under 50 employees) effect: average marginal effect on TWIN and bivariate probit on DIGIT vs GREEN,-3.8,"percentage points (SMALL, column 7 Table 7)",2017-2020,12-13,"Being smaller, in other words, affects the twin transition mostly by its detrimental effect on digitalisation capabilities rather than by the green ones."
chiarini2021environment,quantitative,Sample design: two-phase mixed methods on Italian manufacturers with I4.0 implemented,19 interviews; 260 questionnaires,managers,2020,6,The final sample comprised 148 large companies (56.9%) and 112 medium-sized companies (43.1%) for a total of 260 manufacturing companies.
chiarini2021environment,quantitative,"Size distribution of Italian firms implementing I4.0 technologies (MISE 2018 survey of 23,000 firms, quoted as sampling benchmark)",47.1 / 35.5 / 17.4,% large (250+) / medium (50-249) / small (<50),2018,6,"47.1% of manufacturing companies were large companies with more than 250 employees, 35.5% had between 50 and 249 employees, and 17.4% of companies had fewer than 50 employees."
chiarini2021environment,quantitative,Ordinal regression: cumulative odds ratio of AI vs simulation (reference) for perceived environmental relevance; second after sensors/RFID,4.229,"odds ratio (estimate 1.442, p < .001)",2020,8,SENSORS Exp (2.241) = 9.403 AI Exp (1.442) = 4.229 SIMUL Exp (0) = 1
chiarini2021environment,quantitative,"Rating distribution for AI on 7-point scale (1 = entirely disagree to 7 = entirely agree), Table 5",2 / 16 / 20 / 22 / 40 / 70 / 90,respondents per rating 1-7 (n = 260),2020,7,AI 2 16 20 22 40 70 90 260
chiarini2021environment,quantitative,"Barriers to AI reported in open comments: difficulty finding tailored software, no idea how to implement, worried about introduction, AI considered useless",14 / 4 / 19 / 8,respondents (of 260),2020,9,Fourteen respondents declared that it was difficult to find appropriate and personalised AI software aimed at environmental management.
chiarini2021environment,qualitative,Qualitative assessment: scepticism and knowledge gap on AI among Italian operations managers,,,2020,9,"We also found some scepticism about the implementation of AI. Eight respondents, for instance, used similar words to explain that AI software may be useless for environmental management."
horvat2026germany,quantitative,Sample and response rate of the German Manufacturing Survey 2022,1334,valid questionnaires (10% response rate),2022,9-10,"In total, a net sample of 14,045 firms was contacted ... Of these, 1,334 returned valid questionnaires with at least 75% of questions filled in, yielding a 10% response rate."
horvat2026germany,quantitative,"Overall AI adoption in production, German manufacturing firms with 20+ employees (AI used in at least one of five production areas)",16,% of firms,2022,13,"Overall, 16% of the manufacturing firms in Germany used AI in at least one of the five production-specific application areas in 2022."
horvat2026germany,quantitative,AI adoption in production by application area: process management / quality control / internal logistics / maintenance / process improvement or innovation,8 / 7 / 7 / 6 / 4,% of firms,2022,13,"In 2022, 8% of firms used AI to manage their production processes, 7% for quality control, another 7% for internal logistics. Additionally, 6% used AI for machines and equipment maintenance, and 4% for improving or innovating production processes."
horvat2026germany,quantitative,"Product innovators among AI adopters vs non-adopters (new-to-firm products, 2019-2022), bivariate",52 vs 43,% of firms (p < 0.05),2019-2022,15,"Between 2019 and 2022, 52% of AI adopters introduced new products that were new to the firm, compared with 43% of non-adopters."
horvat2026germany,quantitative,"Digital-oriented and eco-oriented product innovators among product innovators, AI adopters vs non-adopters",42 vs 25; 48 vs 26,% of product innovators (p < 0.001),2019-2022,15,"42% of AI adopters with product innovations introduced digital-oriented new products, versus 25% among non-AI adopters. A similar pattern is seen for eco-oriented innovations: 48% of AI adopters with new products developed eco-oriented innovations, compared with 26%"
horvat2026germany,quantitative,"Logistic regression odds ratios for AI adoption in production: product innovation (A), digital-oriented (B), eco-oriented (C), market novelty (D), controlling for R&D, qualification, human centricity, sector, size, complexity, batch size",1.438 / 2.372 / 1.791 / 1.052,odds ratio (p < 0.1 / p < 0.05 / p < 0.1 / n.s.),2022,16,AI adoption in production (1) 1.438 * 2.372 ** 1.791 * 1.052 n.s.
